2026-01-23 07:10:36 INFO  c.k.v.execute.offline.ResendSchedule [vscu-thread-2] - Executing Resend Schedule
2026-01-23 07:10:40 INFO  c.k.v.execute.offline.ResendSchedule [vscu-thread-1] - Executing Resend Schedule
2026-01-23 07:10:42 WARN  com.zaxxer.hikari.pool.HikariPool [HikariPool-1 housekeeper] - HikariPool-1 - Thread starvation or clock leap detected (housekeeper delta=8h22m18s344ms411µs700ns).
2026-01-23 07:10:42 DEBUG com.zaxxer.hikari.pool.HikariPool [HikariPool-1 housekeeper] - HikariPool-1 - Pool stats (total=20, active=0, idle=20, waiting=0)
2026-01-23 07:10:42 DEBUG com.zaxxer.hikari.pool.HikariPool [HikariPool-1 housekeeper] - HikariPool-1 - Fill pool skipped, pool has sufficient level or currently being filled (queueDepth=0).
2026-01-23 07:10:42 DEBUG com.zaxxer.hikari.pool.HikariPool [HikariPool-1 housekeeper] - HikariPool-1 - Add connection elided, waiting=0, adders pending/running=1
2026-01-23 07:10:42 DEBUG com.zaxxer.hikari.pool.HikariPool [HikariPool-1 housekeeper] - HikariPool-1 - Add connection elided, waiting=0, adders pending/running=1
2026-01-23 07:10:42 DEBUG com.zaxxer.hikari.pool.PoolBase [HikariPool-1 connection closer] - HikariPool-1 - Closing connection conn69: url=jdbc:h2:mem:testdb user=SA: (connection has passed maxLifetime)
2026-01-23 07:10:42 DEBUG com.zaxxer.hikari.pool.HikariPool [HikariPool-1 connection adder] - HikariPool-1 - Added connection conn80: url=jdbc:h2:mem:testdb user=SA
2026-01-23 07:10:42 DEBUG com.zaxxer.hikari.pool.HikariPool [HikariPool-1 housekeeper] - HikariPool-1 - Add connection elided, waiting=0, adders pending/running=1
2026-01-23 07:10:42 DEBUG com.zaxxer.hikari.pool.PoolBase [HikariPool-1 connection closer] - HikariPool-1 - Closing connection conn61: url=jdbc:h2:mem:testdb user=SA: (connection has passed maxLifetime)
2026-01-23 07:10:42 DEBUG com.zaxxer.hikari.pool.HikariPool [HikariPool-1 housekeeper] - HikariPool-1 - Add connection elided, waiting=0, adders pending/running=2
2026-01-23 07:10:42 DEBUG com.zaxxer.hikari.pool.PoolBase [HikariPool-1 connection closer] - HikariPool-1 - Closing connection conn68: url=jdbc:h2:mem:testdb user=SA: (connection has passed maxLifetime)
2026-01-23 07:10:42 DEBUG com.zaxxer.hikari.pool.PoolBase [HikariPool-1 connection closer] - HikariPool-1 - Closing connection conn64: url=jdbc:h2:mem:testdb user=SA: (connection has passed maxLifetime)
2026-01-23 07:10:42 DEBUG com.zaxxer.hikari.pool.HikariPool [HikariPool-1 housekeeper] - HikariPool-1 - Add connection elided, waiting=0, adders pending/running=3
2026-01-23 07:10:42 DEBUG com.zaxxer.hikari.pool.HikariPool [HikariPool-1 connection adder] - HikariPool-1 - Added connection conn81: url=jdbc:h2:mem:testdb user=SA
2026-01-23 07:10:42 DEBUG com.zaxxer.hikari.pool.PoolBase [HikariPool-1 connection closer] - HikariPool-1 - Closing connection conn66: url=jdbc:h2:mem:testdb user=SA: (connection has passed maxLifetime)
2026-01-23 07:10:42 DEBUG com.zaxxer.hikari.pool.HikariPool [HikariPool-1 housekeeper] - HikariPool-1 - Add connection elided, waiting=0, adders pending/running=5
2026-01-23 07:10:42 DEBUG com.zaxxer.hikari.pool.HikariPool [HikariPool-1 housekeeper] - HikariPool-1 - Add connection elided, waiting=0, adders pending/running=6
2026-01-23 07:10:42 DEBUG com.zaxxer.hikari.pool.PoolBase [HikariPool-1 connection closer] - HikariPool-1 - Closing connection conn79: url=jdbc:h2:mem:testdb user=SA: (connection has passed maxLifetime)
2026-01-23 07:10:42 DEBUG com.zaxxer.hikari.pool.PoolBase [HikariPool-1 connection closer] - HikariPool-1 - Closing connection conn60: url=jdbc:h2:mem:testdb user=SA: (connection has passed maxLifetime)
2026-01-23 07:10:42 DEBUG com.zaxxer.hikari.pool.HikariPool [HikariPool-1 connection adder] - HikariPool-1 - Added connection conn82: url=jdbc:h2:mem:testdb user=SA
2026-01-23 07:10:42 DEBUG com.zaxxer.hikari.pool.HikariPool [HikariPool-1 housekeeper] - HikariPool-1 - Add connection elided, waiting=0, adders pending/running=6
2026-01-23 07:10:42 DEBUG com.zaxxer.hikari.pool.PoolBase [HikariPool-1 connection closer] - HikariPool-1 - Closing connection conn71: url=jdbc:h2:mem:testdb user=SA: (connection has passed maxLifetime)
2026-01-23 07:10:42 DEBUG com.zaxxer.hikari.pool.HikariPool [HikariPool-1 housekeeper] - HikariPool-1 - Add connection elided, waiting=0, adders pending/running=8
2026-01-23 07:10:42 DEBUG com.zaxxer.hikari.pool.PoolBase [HikariPool-1 connection closer] - HikariPool-1 - Closing connection conn62: url=jdbc:h2:mem:testdb user=SA: (connection has passed maxLifetime)
2026-01-23 07:10:42 DEBUG com.zaxxer.hikari.pool.HikariPool [HikariPool-1 housekeeper] - HikariPool-1 - Add connection elided, waiting=0, adders pending/running=9
2026-01-23 07:10:42 DEBUG com.zaxxer.hikari.pool.HikariPool [HikariPool-1 connection adder] - HikariPool-1 - Added connection conn83: url=jdbc:h2:mem:testdb user=SA
2026-01-23 07:10:42 DEBUG com.zaxxer.hikari.pool.PoolBase [HikariPool-1 connection closer] - HikariPool-1 - Closing connection conn76: url=jdbc:h2:mem:testdb user=SA: (connection has passed maxLifetime)
2026-01-23 07:10:42 DEBUG com.zaxxer.hikari.pool.PoolBase [HikariPool-1 connection closer] - HikariPool-1 - Closing connection conn78: url=jdbc:h2:mem:testdb user=SA: (connection has passed maxLifetime)
2026-01-23 07:10:42 DEBUG com.zaxxer.hikari.pool.HikariPool [HikariPool-1 housekeeper] - HikariPool-1 - Add connection elided, waiting=0, adders pending/running=10
2026-01-23 07:10:42 DEBUG com.zaxxer.hikari.pool.PoolBase [HikariPool-1 connection closer] - HikariPool-1 - Closing connection conn65: url=jdbc:h2:mem:testdb user=SA: (connection has passed maxLifetime)
2026-01-23 07:10:42 DEBUG com.zaxxer.hikari.pool.HikariPool [HikariPool-1 housekeeper] - HikariPool-1 - Add connection elided, waiting=0, adders pending/running=12
2026-01-23 07:10:42 DEBUG com.zaxxer.hikari.pool.PoolBase [HikariPool-1 connection closer] - HikariPool-1 - Closing connection conn73: url=jdbc:h2:mem:testdb user=SA: (connection has passed maxLifetime)
2026-01-23 07:10:42 DEBUG com.zaxxer.hikari.pool.HikariPool [HikariPool-1 housekeeper] - HikariPool-1 - Add connection elided, waiting=0, adders pending/running=13
2026-01-23 07:10:42 DEBUG com.zaxxer.hikari.pool.HikariPool [HikariPool-1 housekeeper] - HikariPool-1 - Add connection elided, waiting=0, adders pending/running=14
2026-01-23 07:10:42 DEBUG com.zaxxer.hikari.pool.HikariPool [HikariPool-1 connection adder] - HikariPool-1 - Added connection conn84: url=jdbc:h2:mem:testdb user=SA
2026-01-23 07:10:42 DEBUG com.zaxxer.hikari.pool.PoolBase [HikariPool-1 connection closer] - HikariPool-1 - Closing connection conn70: url=jdbc:h2:mem:testdb user=SA: (connection has passed maxLifetime)
2026-01-23 07:10:42 DEBUG com.zaxxer.hikari.pool.HikariPool [HikariPool-1 housekeeper] - HikariPool-1 - Add connection elided, waiting=0, adders pending/running=14
2026-01-23 07:10:42 DEBUG com.zaxxer.hikari.pool.PoolBase [HikariPool-1 connection closer] - HikariPool-1 - Closing connection conn77: url=jdbc:h2:mem:testdb user=SA: (connection has passed maxLifetime)
2026-01-23 07:10:42 DEBUG com.zaxxer.hikari.pool.PoolBase [HikariPool-1 connection closer] - HikariPool-1 - Closing connection conn72: url=jdbc:h2:mem:testdb user=SA: (connection has passed maxLifetime)
2026-01-23 07:10:42 DEBUG com.zaxxer.hikari.pool.HikariPool [HikariPool-1 connection adder] - HikariPool-1 - Added connection conn85: url=jdbc:h2:mem:testdb user=SA
2026-01-23 07:10:42 DEBUG com.zaxxer.hikari.pool.HikariPool [HikariPool-1 housekeeper] - HikariPool-1 - Add connection elided, waiting=0, adders pending/running=15
2026-01-23 07:10:42 DEBUG com.zaxxer.hikari.pool.PoolBase [HikariPool-1 connection closer] - HikariPool-1 - Closing connection conn67: url=jdbc:h2:mem:testdb user=SA: (connection has passed maxLifetime)
2026-01-23 07:10:42 DEBUG com.zaxxer.hikari.pool.HikariPool [HikariPool-1 housekeeper] - HikariPool-1 - Add connection elided, waiting=0, adders pending/running=17
2026-01-23 07:10:42 DEBUG com.zaxxer.hikari.pool.PoolBase [HikariPool-1 connection closer] - HikariPool-1 - Closing connection conn74: url=jdbc:h2:mem:testdb user=SA: (connection has passed maxLifetime)
2026-01-23 07:10:43 DEBUG com.zaxxer.hikari.pool.HikariPool [HikariPool-1 housekeeper] - HikariPool-1 - Add connection elided, waiting=0, adders pending/running=17
2026-01-23 07:10:43 DEBUG com.zaxxer.hikari.pool.HikariPool [HikariPool-1 connection adder] - HikariPool-1 - Added connection conn86: url=jdbc:h2:mem:testdb user=SA
2026-01-23 07:10:43 DEBUG com.zaxxer.hikari.pool.HikariPool [HikariPool-1 housekeeper] - HikariPool-1 - Add connection elided, waiting=0, adders pending/running=17
2026-01-23 07:10:43 DEBUG com.zaxxer.hikari.pool.PoolBase [HikariPool-1 connection closer] - HikariPool-1 - Closing connection conn75: url=jdbc:h2:mem:testdb user=SA: (connection has passed maxLifetime)
2026-01-23 07:10:43 DEBUG com.zaxxer.hikari.pool.PoolBase [HikariPool-1 connection closer] - HikariPool-1 - Closing connection conn63: url=jdbc:h2:mem:testdb user=SA: (connection has passed maxLifetime)
2026-01-23 07:10:43 DEBUG com.zaxxer.hikari.pool.HikariPool [HikariPool-1 connection adder] - HikariPool-1 - Added connection conn87: url=jdbc:h2:mem:testdb user=SA
2026-01-23 07:10:43 DEBUG com.zaxxer.hikari.pool.HikariPool [HikariPool-1 connection adder] - HikariPool-1 - Added connection conn88: url=jdbc:h2:mem:testdb user=SA
2026-01-23 07:10:43 DEBUG com.zaxxer.hikari.pool.HikariPool [HikariPool-1 connection adder] - HikariPool-1 - Added connection conn89: url=jdbc:h2:mem:testdb user=SA
2026-01-23 07:10:43 DEBUG com.zaxxer.hikari.pool.HikariPool [HikariPool-1 connection adder] - HikariPool-1 - Added connection conn90: url=jdbc:h2:mem:testdb user=SA
2026-01-23 07:10:43 DEBUG com.zaxxer.hikari.pool.HikariPool [HikariPool-1 connection adder] - HikariPool-1 - Added connection conn91: url=jdbc:h2:mem:testdb user=SA
2026-01-23 07:10:43 DEBUG com.zaxxer.hikari.pool.HikariPool [HikariPool-1 connection adder] - HikariPool-1 - Added connection conn92: url=jdbc:h2:mem:testdb user=SA
2026-01-23 07:10:43 DEBUG com.zaxxer.hikari.pool.HikariPool [HikariPool-1 connection adder] - HikariPool-1 - Added connection conn93: url=jdbc:h2:mem:testdb user=SA
2026-01-23 07:10:43 DEBUG com.zaxxer.hikari.pool.HikariPool [HikariPool-1 connection adder] - HikariPool-1 - Added connection conn94: url=jdbc:h2:mem:testdb user=SA
2026-01-23 07:10:43 DEBUG com.zaxxer.hikari.pool.HikariPool [HikariPool-1 connection adder] - HikariPool-1 - Added connection conn95: url=jdbc:h2:mem:testdb user=SA
2026-01-23 07:10:43 INFO  c.k.v.execute.offline.ResendSchedule [vscu-thread-1] - Executing Resend Schedule
2026-01-23 07:10:43 DEBUG com.zaxxer.hikari.pool.HikariPool [HikariPool-1 connection adder] - HikariPool-1 - Added connection conn96: url=jdbc:h2:mem:testdb user=SA
2026-01-23 07:10:43 DEBUG com.zaxxer.hikari.pool.HikariPool [HikariPool-1 connection adder] - HikariPool-1 - Added connection conn97: url=jdbc:h2:mem:testdb user=SA
2026-01-23 07:10:43 DEBUG com.zaxxer.hikari.pool.HikariPool [HikariPool-1 connection adder] - HikariPool-1 - Added connection conn98: url=jdbc:h2:mem:testdb user=SA
2026-01-23 07:10:43 DEBUG com.zaxxer.hikari.pool.HikariPool [HikariPool-1 connection adder] - HikariPool-1 - Added connection conn99: url=jdbc:h2:mem:testdb user=SA
2026-01-23 07:10:46 INFO  c.k.v.execute.offline.ResendSchedule [vscu-thread-2] - Executing Resend Schedule
2026-01-23 07:10:49 INFO  c.k.v.execute.offline.ResendSchedule [vscu-thread-2] - Executing Resend Schedule
2026-01-23 07:10:52 INFO  c.k.v.execute.offline.ResendSchedule [vscu-thread-1] - Executing Resend Schedule
2026-01-23 07:10:55 INFO  c.k.v.execute.offline.ResendSchedule [vscu-thread-1] - Executing Resend Schedule
2026-01-23 07:10:58 INFO  c.k.v.execute.offline.ResendSchedule [vscu-thread-1] - Executing Resend Schedule
2026-01-23 07:11:01 INFO  c.k.v.execute.offline.ResendSchedule [vscu-thread-1] - Executing Resend Schedule
2026-01-23 07:11:04 INFO  c.k.v.execute.offline.ResendSchedule [vscu-thread-1] - Executing Resend Schedule
2026-01-23 07:11:07 INFO  c.k.v.execute.offline.ResendSchedule [vscu-thread-1] - Executing Resend Schedule
2026-01-23 07:11:10 INFO  c.k.v.execute.offline.ResendSchedule [vscu-thread-1] - Executing Resend Schedule
2026-01-23 07:11:12 DEBUG com.zaxxer.hikari.pool.HikariPool [HikariPool-1 housekeeper] - HikariPool-1 - Pool stats (total=20, active=0, idle=20, waiting=0)
2026-01-23 07:11:12 DEBUG com.zaxxer.hikari.pool.HikariPool [HikariPool-1 housekeeper] - HikariPool-1 - Fill pool skipped, pool has sufficient level or currently being filled (queueDepth=0).
2026-01-23 07:11:13 INFO  c.k.v.execute.offline.ResendSchedule [vscu-thread-1] - Executing Resend Schedule
2026-01-23 07:11:16 INFO  c.k.v.execute.offline.ResendSchedule [vscu-thread-1] - Executing Resend Schedule
2026-01-23 07:11:19 INFO  c.k.v.execute.offline.ResendSchedule [vscu-thread-3] - Executing Resend Schedule
2026-01-23 07:11:22 INFO  c.k.v.execute.offline.ResendSchedule [vscu-thread-3] - Executing Resend Schedule
2026-01-23 07:11:25 INFO  c.k.v.execute.offline.ResendSchedule [vscu-thread-3] - Executing Resend Schedule
2026-01-23 07:11:28 INFO  c.k.v.execute.offline.ResendSchedule [vscu-thread-3] - Executing Resend Schedule
2026-01-23 07:11:31 INFO  c.k.v.execute.offline.ResendSchedule [vscu-thread-3] - Executing Resend Schedule
2026-01-23 07:11:34 INFO  c.k.v.execute.offline.ResendSchedule [vscu-thread-3] - Executing Resend Schedule
2026-01-23 07:11:37 INFO  c.k.v.execute.offline.ResendSchedule [vscu-thread-3] - Executing Resend Schedule
2026-01-23 07:11:40 INFO  c.k.v.execute.offline.ResendSchedule [vscu-thread-3] - Executing Resend Schedule
2026-01-23 07:11:42 DEBUG com.zaxxer.hikari.pool.HikariPool [HikariPool-1 housekeeper] - HikariPool-1 - Pool stats (total=20, active=0, idle=20, waiting=0)
2026-01-23 07:11:42 DEBUG com.zaxxer.hikari.pool.HikariPool [HikariPool-1 housekeeper] - HikariPool-1 - Fill pool skipped, pool has sufficient level or currently being filled (queueDepth=0).
2026-01-23 07:11:43 INFO  c.k.v.execute.offline.ResendSchedule [vscu-thread-3] - Executing Resend Schedule
2026-01-23 07:11:46 INFO  c.k.v.execute.offline.ResendSchedule [vscu-thread-3] - Executing Resend Schedule
2026-01-23 07:11:49 INFO  c.k.v.execute.offline.ResendSchedule [vscu-thread-3] - Executing Resend Schedule
2026-01-23 07:11:52 INFO  c.k.v.execute.offline.ResendSchedule [vscu-thread-3] - Executing Resend Schedule
2026-01-23 07:11:55 INFO  c.k.v.execute.offline.ResendSchedule [vscu-thread-3] - Executing Resend Schedule
2026-01-23 07:11:58 INFO  c.k.v.execute.offline.ResendSchedule [vscu-thread-3] - Executing Resend Schedule
2026-01-23 07:12:01 INFO  c.k.v.execute.offline.ResendSchedule [vscu-thread-3] - Executing Resend Schedule
2026-01-23 07:12:04 INFO  c.k.v.execute.offline.ResendSchedule [vscu-thread-3] - Executing Resend Schedule
2026-01-23 07:12:07 INFO  c.k.v.execute.offline.ResendSchedule [vscu-thread-3] - Executing Resend Schedule
2026-01-23 07:12:10 INFO  c.k.v.execute.offline.ResendSchedule [vscu-thread-3] - Executing Resend Schedule
2026-01-23 07:12:12 DEBUG com.zaxxer.hikari.pool.HikariPool [HikariPool-1 housekeeper] - HikariPool-1 - Pool stats (total=20, active=0, idle=20, waiting=0)
2026-01-23 07:12:12 DEBUG com.zaxxer.hikari.pool.HikariPool [HikariPool-1 housekeeper] - HikariPool-1 - Fill pool skipped, pool has sufficient level or currently being filled (queueDepth=0).
2026-01-23 07:12:13 INFO  c.k.v.execute.offline.ResendSchedule [vscu-thread-3] - Executing Resend Schedule
2026-01-23 07:12:16 INFO  c.k.v.execute.offline.ResendSchedule [vscu-thread-3] - Executing Resend Schedule
2026-01-23 07:12:19 INFO  c.k.v.execute.offline.ResendSchedule [vscu-thread-3] - Executing Resend Schedule
2026-01-23 07:12:22 INFO  c.k.v.execute.offline.ResendSchedule [vscu-thread-3] - Executing Resend Schedule
2026-01-23 07:12:25 INFO  c.k.v.execute.offline.ResendSchedule [vscu-thread-3] - Executing Resend Schedule
2026-01-23 07:12:28 INFO  c.k.v.execute.offline.ResendSchedule [vscu-thread-3] - Executing Resend Schedule
2026-01-23 07:12:32 INFO  c.k.v.execute.offline.ResendSchedule [vscu-thread-3] - Executing Resend Schedule
2026-01-23 07:12:35 INFO  c.k.v.execute.offline.ResendSchedule [vscu-thread-3] - Executing Resend Schedule
2026-01-23 07:12:38 INFO  c.k.v.execute.offline.ResendSchedule [vscu-thread-3] - Executing Resend Schedule
2026-01-23 07:12:41 INFO  c.k.v.execute.offline.ResendSchedule [vscu-thread-3] - Executing Resend Schedule
2026-01-23 07:12:42 DEBUG com.zaxxer.hikari.pool.HikariPool [HikariPool-1 housekeeper] - HikariPool-1 - Pool stats (total=20, active=0, idle=20, waiting=0)
2026-01-23 07:12:42 DEBUG com.zaxxer.hikari.pool.HikariPool [HikariPool-1 housekeeper] - HikariPool-1 - Fill pool skipped, pool has sufficient level or currently being filled (queueDepth=0).
2026-01-23 07:12:44 INFO  c.k.v.execute.offline.ResendSchedule [vscu-thread-3] - Executing Resend Schedule
2026-01-23 07:12:47 INFO  c.k.v.execute.offline.ResendSchedule [vscu-thread-3] - Executing Resend Schedule
2026-01-23 07:12:50 INFO  c.k.v.execute.offline.ResendSchedule [vscu-thread-3] - Executing Resend Schedule
2026-01-23 07:12:53 INFO  c.k.v.execute.offline.ResendSchedule [vscu-thread-2] - Executing Resend Schedule
2026-01-23 07:12:56 INFO  c.k.v.execute.offline.ResendSchedule [vscu-thread-2] - Executing Resend Schedule
2026-01-23 07:12:59 INFO  c.k.v.execute.offline.ResendSchedule [vscu-thread-3] - Executing Resend Schedule
2026-01-23 07:13:02 INFO  c.k.v.execute.offline.ResendSchedule [vscu-thread-3] - Executing Resend Schedule
2026-01-23 07:13:05 INFO  c.k.v.execute.offline.ResendSchedule [vscu-thread-3] - Executing Resend Schedule
2026-01-23 07:13:08 INFO  c.k.v.execute.offline.ResendSchedule [vscu-thread-3] - Executing Resend Schedule
2026-01-23 07:13:11 INFO  c.k.v.execute.offline.ResendSchedule [vscu-thread-3] - Executing Resend Schedule
2026-01-23 07:13:12 DEBUG com.zaxxer.hikari.pool.HikariPool [HikariPool-1 housekeeper] - HikariPool-1 - Pool stats (total=20, active=0, idle=20, waiting=0)
2026-01-23 07:13:12 DEBUG com.zaxxer.hikari.pool.HikariPool [HikariPool-1 housekeeper] - HikariPool-1 - Fill pool skipped, pool has sufficient level or currently being filled (queueDepth=0).
2026-01-23 07:13:14 INFO  c.k.v.execute.offline.ResendSchedule [vscu-thread-3] - Executing Resend Schedule
2026-01-23 07:13:17 INFO  c.k.v.execute.offline.ResendSchedule [vscu-thread-3] - Executing Resend Schedule
2026-01-23 07:13:20 INFO  c.k.v.execute.offline.ResendSchedule [vscu-thread-3] - Executing Resend Schedule
2026-01-23 07:13:23 INFO  c.k.v.execute.offline.ResendSchedule [vscu-thread-3] - Executing Resend Schedule
2026-01-23 07:13:26 INFO  c.k.v.execute.offline.ResendSchedule [vscu-thread-3] - Executing Resend Schedule
2026-01-23 07:13:29 INFO  c.k.v.execute.offline.ResendSchedule [vscu-thread-3] - Executing Resend Schedule
2026-01-23 07:13:32 INFO  c.k.v.execute.offline.ResendSchedule [vscu-thread-3] - Executing Resend Schedule
2026-01-23 07:13:35 INFO  c.k.v.execute.offline.ResendSchedule [vscu-thread-3] - Executing Resend Schedule
2026-01-23 07:13:38 INFO  c.k.v.execute.offline.ResendSchedule [vscu-thread-3] - Executing Resend Schedule
2026-01-23 07:13:41 INFO  c.k.v.execute.offline.ResendSchedule [vscu-thread-3] - Executing Resend Schedule
2026-01-23 07:13:42 DEBUG com.zaxxer.hikari.pool.HikariPool [HikariPool-1 housekeeper] - HikariPool-1 - Pool stats (total=20, active=0, idle=20, waiting=0)
2026-01-23 07:13:42 DEBUG com.zaxxer.hikari.pool.HikariPool [HikariPool-1 housekeeper] - HikariPool-1 - Fill pool skipped, pool has sufficient level or currently being filled (queueDepth=0).
2026-01-23 07:13:44 INFO  c.k.v.execute.offline.ResendSchedule [vscu-thread-3] - Executing Resend Schedule
2026-01-23 07:13:47 INFO  c.k.v.execute.offline.ResendSchedule [vscu-thread-3] - Executing Resend Schedule
2026-01-23 07:13:50 INFO  c.k.v.execute.offline.ResendSchedule [vscu-thread-3] - Executing Resend Schedule
2026-01-23 07:13:53 INFO  c.k.v.execute.offline.ResendSchedule [vscu-thread-3] - Executing Resend Schedule
2026-01-23 07:13:56 INFO  c.k.v.execute.offline.ResendSchedule [vscu-thread-3] - Executing Resend Schedule
2026-01-23 07:13:59 INFO  c.k.v.execute.offline.ResendSchedule [vscu-thread-3] - Executing Resend Schedule
2026-01-23 07:14:02 INFO  c.k.v.execute.offline.ResendSchedule [vscu-thread-3] - Executing Resend Schedule
2026-01-23 07:14:05 INFO  c.k.v.execute.offline.ResendSchedule [vscu-thread-3] - Executing Resend Schedule
2026-01-23 07:14:08 INFO  c.k.v.execute.offline.ResendSchedule [vscu-thread-3] - Executing Resend Schedule
2026-01-23 07:14:11 INFO  c.k.v.execute.offline.ResendSchedule [vscu-thread-3] - Executing Resend Schedule
2026-01-23 07:14:12 DEBUG com.zaxxer.hikari.pool.HikariPool [HikariPool-1 housekeeper] - HikariPool-1 - Pool stats (total=20, active=0, idle=20, waiting=0)
2026-01-23 07:14:12 DEBUG com.zaxxer.hikari.pool.HikariPool [HikariPool-1 housekeeper] - HikariPool-1 - Fill pool skipped, pool has sufficient level or currently being filled (queueDepth=0).
2026-01-23 07:14:14 INFO  c.k.v.execute.offline.ResendSchedule [vscu-thread-3] - Executing Resend Schedule
2026-01-23 07:14:17 INFO  c.k.v.execute.offline.ResendSchedule [vscu-thread-3] - Executing Resend Schedule
2026-01-23 07:14:20 INFO  c.k.v.execute.offline.ResendSchedule [vscu-thread-3] - Executing Resend Schedule
2026-01-23 07:14:23 INFO  c.k.v.execute.offline.ResendSchedule [vscu-thread-3] - Executing Resend Schedule
2026-01-23 07:14:26 INFO  c.k.v.execute.offline.ResendSchedule [vscu-thread-1] - Executing Resend Schedule
2026-01-23 07:14:29 INFO  c.k.v.execute.offline.ResendSchedule [vscu-thread-1] - Executing Resend Schedule
2026-01-23 07:14:32 INFO  c.k.v.execute.offline.ResendSchedule [vscu-thread-1] - Executing Resend Schedule
2026-01-23 07:14:35 INFO  c.k.v.execute.offline.ResendSchedule [vscu-thread-1] - Executing Resend Schedule
2026-01-23 07:14:38 INFO  c.k.v.execute.offline.ResendSchedule [vscu-thread-1] - Executing Resend Schedule
2026-01-23 07:14:41 INFO  c.k.v.execute.offline.ResendSchedule [vscu-thread-1] - Executing Resend Schedule
2026-01-23 07:14:42 DEBUG com.zaxxer.hikari.pool.HikariPool [HikariPool-1 housekeeper] - HikariPool-1 - Pool stats (total=20, active=0, idle=20, waiting=0)
2026-01-23 07:14:42 DEBUG com.zaxxer.hikari.pool.HikariPool [HikariPool-1 housekeeper] - HikariPool-1 - Fill pool skipped, pool has sufficient level or currently being filled (queueDepth=0).
2026-01-23 07:14:44 INFO  c.k.v.execute.offline.ResendSchedule [vscu-thread-1] - Executing Resend Schedule
2026-01-23 07:14:47 INFO  c.k.v.execute.offline.ResendSchedule [vscu-thread-1] - Executing Resend Schedule
2026-01-23 07:14:50 INFO  c.k.v.execute.offline.ResendSchedule [vscu-thread-1] - Executing Resend Schedule
2026-01-23 07:14:53 INFO  c.k.v.execute.offline.ResendSchedule [vscu-thread-1] - Executing Resend Schedule
2026-01-23 07:14:56 INFO  c.k.v.execute.offline.ResendSchedule [vscu-thread-1] - Executing Resend Schedule
2026-01-23 07:14:59 INFO  c.k.v.execute.offline.ResendSchedule [vscu-thread-1] - Executing Resend Schedule
2026-01-23 07:15:02 INFO  c.k.v.execute.offline.ResendSchedule [vscu-thread-1] - Executing Resend Schedule
2026-01-23 07:15:05 INFO  c.k.v.execute.offline.ResendSchedule [vscu-thread-1] - Executing Resend Schedule
2026-01-23 07:15:08 INFO  c.k.v.execute.offline.ResendSchedule [vscu-thread-1] - Executing Resend Schedule
2026-01-23 07:15:11 INFO  c.k.v.execute.offline.ResendSchedule [vscu-thread-1] - Executing Resend Schedule
2026-01-23 07:15:12 DEBUG com.zaxxer.hikari.pool.HikariPool [HikariPool-1 housekeeper] - HikariPool-1 - Pool stats (total=20, active=0, idle=20, waiting=0)
2026-01-23 07:15:12 DEBUG com.zaxxer.hikari.pool.HikariPool [HikariPool-1 housekeeper] - HikariPool-1 - Fill pool skipped, pool has sufficient level or currently being filled (queueDepth=0).
2026-01-23 07:15:14 INFO  c.k.v.execute.offline.ResendSchedule [vscu-thread-1] - Executing Resend Schedule
2026-01-23 07:15:17 INFO  c.k.v.execute.offline.ResendSchedule [vscu-thread-1] - Executing Resend Schedule
2026-01-23 07:15:20 INFO  c.k.v.execute.offline.ResendSchedule [vscu-thread-1] - Executing Resend Schedule
2026-01-23 07:15:23 INFO  c.k.v.execute.offline.ResendSchedule [vscu-thread-1] - Executing Resend Schedule
2026-01-23 07:15:26 INFO  c.k.v.execute.offline.ResendSchedule [vscu-thread-1] - Executing Resend Schedule
2026-01-23 07:15:29 INFO  c.k.v.execute.offline.ResendSchedule [vscu-thread-1] - Executing Resend Schedule
2026-01-23 07:15:32 INFO  c.k.v.execute.offline.ResendSchedule [vscu-thread-1] - Executing Resend Schedule
2026-01-23 07:15:36 INFO  c.k.v.execute.offline.ResendSchedule [vscu-thread-1] - Executing Resend Schedule
2026-01-23 07:15:39 INFO  c.k.v.execute.offline.ResendSchedule [vscu-thread-1] - Executing Resend Schedule
2026-01-23 07:15:42 INFO  c.k.v.execute.offline.ResendSchedule [vscu-thread-2] - Executing Resend Schedule
2026-01-23 07:15:42 DEBUG com.zaxxer.hikari.pool.HikariPool [HikariPool-1 housekeeper] - HikariPool-1 - Pool stats (total=20, active=0, idle=20, waiting=0)
2026-01-23 07:15:42 DEBUG com.zaxxer.hikari.pool.HikariPool [HikariPool-1 housekeeper] - HikariPool-1 - Fill pool skipped, pool has sufficient level or currently being filled (queueDepth=0).
2026-01-23 07:15:45 INFO  c.k.v.execute.offline.ResendSchedule [vscu-thread-2] - Executing Resend Schedule
2026-01-23 07:15:48 INFO  c.k.v.execute.offline.ResendSchedule [vscu-thread-2] - Executing Resend Schedule
2026-01-23 07:15:51 INFO  c.k.v.execute.offline.ResendSchedule [vscu-thread-2] - Executing Resend Schedule
2026-01-23 07:15:54 INFO  c.k.v.execute.offline.ResendSchedule [vscu-thread-2] - Executing Resend Schedule
2026-01-23 07:15:57 INFO  c.k.v.execute.offline.ResendSchedule [vscu-thread-2] - Executing Resend Schedule
2026-01-23 07:16:00 INFO  c.k.v.execute.offline.ResendSchedule [vscu-thread-2] - Executing Resend Schedule
2026-01-23 07:16:03 INFO  c.k.v.execute.offline.ResendSchedule [vscu-thread-2] - Executing Resend Schedule
2026-01-23 07:16:06 INFO  c.k.v.execute.offline.ResendSchedule [vscu-thread-2] - Executing Resend Schedule
2026-01-23 07:16:09 INFO  c.k.v.execute.offline.ResendSchedule [vscu-thread-2] - Executing Resend Schedule
2026-01-23 07:16:12 INFO  c.k.v.execute.offline.ResendSchedule [vscu-thread-2] - Executing Resend Schedule
2026-01-23 07:16:12 DEBUG com.zaxxer.hikari.pool.HikariPool [HikariPool-1 housekeeper] - HikariPool-1 - Pool stats (total=20, active=0, idle=20, waiting=0)
2026-01-23 07:16:12 DEBUG com.zaxxer.hikari.pool.HikariPool [HikariPool-1 housekeeper] - HikariPool-1 - Fill pool skipped, pool has sufficient level or currently being filled (queueDepth=0).
2026-01-23 07:16:15 INFO  c.k.v.execute.offline.ResendSchedule [vscu-thread-2] - Executing Resend Schedule
2026-01-23 07:16:18 INFO  c.k.v.execute.offline.ResendSchedule [vscu-thread-2] - Executing Resend Schedule
2026-01-23 07:16:21 INFO  c.k.v.execute.offline.ResendSchedule [vscu-thread-2] - Executing Resend Schedule
2026-01-23 07:16:24 INFO  c.k.v.execute.offline.ResendSchedule [vscu-thread-2] - Executing Resend Schedule
2026-01-23 07:16:27 INFO  c.k.v.execute.offline.ResendSchedule [vscu-thread-2] - Executing Resend Schedule
2026-01-23 07:16:30 INFO  c.k.v.execute.offline.ResendSchedule [vscu-thread-2] - Executing Resend Schedule
2026-01-23 07:16:33 INFO  c.k.v.execute.offline.ResendSchedule [vscu-thread-2] - Executing Resend Schedule
2026-01-23 07:16:36 INFO  c.k.v.execute.offline.ResendSchedule [vscu-thread-2] - Executing Resend Schedule
2026-01-23 07:16:39 INFO  c.k.v.execute.offline.ResendSchedule [vscu-thread-2] - Executing Resend Schedule
2026-01-23 07:16:42 INFO  c.k.v.execute.offline.ResendSchedule [vscu-thread-2] - Executing Resend Schedule
2026-01-23 07:16:42 DEBUG com.zaxxer.hikari.pool.HikariPool [HikariPool-1 housekeeper] - HikariPool-1 - Pool stats (total=20, active=0, idle=20, waiting=0)
2026-01-23 07:16:42 DEBUG com.zaxxer.hikari.pool.HikariPool [HikariPool-1 housekeeper] - HikariPool-1 - Fill pool skipped, pool has sufficient level or currently being filled (queueDepth=0).
2026-01-23 07:16:45 INFO  c.k.v.execute.offline.ResendSchedule [vscu-thread-2] - Executing Resend Schedule
2026-01-23 07:16:48 INFO  c.k.v.execute.offline.ResendSchedule [vscu-thread-2] - Executing Resend Schedule
2026-01-23 07:16:51 INFO  c.k.v.execute.offline.ResendSchedule [vscu-thread-2] - Executing Resend Schedule
2026-01-23 07:16:54 INFO  c.k.v.execute.offline.ResendSchedule [vscu-thread-2] - Executing Resend Schedule
2026-01-23 07:16:57 INFO  c.k.v.execute.offline.ResendSchedule [vscu-thread-2] - Executing Resend Schedule
2026-01-23 07:17:00 INFO  c.k.v.execute.offline.ResendSchedule [vscu-thread-2] - Executing Resend Schedule
2026-01-23 07:17:03 INFO  c.k.v.execute.offline.ResendSchedule [vscu-thread-2] - Executing Resend Schedule
2026-01-23 07:17:06 INFO  c.k.v.execute.offline.ResendSchedule [vscu-thread-2] - Executing Resend Schedule
2026-01-23 07:17:09 INFO  c.k.v.execute.offline.ResendSchedule [vscu-thread-2] - Executing Resend Schedule
2026-01-23 07:17:12 INFO  c.k.v.execute.offline.ResendSchedule [vscu-thread-2] - Executing Resend Schedule
2026-01-23 07:17:12 DEBUG com.zaxxer.hikari.pool.HikariPool [HikariPool-1 housekeeper] - HikariPool-1 - Pool stats (total=20, active=0, idle=20, waiting=0)
2026-01-23 07:17:12 DEBUG com.zaxxer.hikari.pool.HikariPool [HikariPool-1 housekeeper] - HikariPool-1 - Fill pool skipped, pool has sufficient level or currently being filled (queueDepth=0).
2026-01-23 07:17:15 INFO  c.k.v.execute.offline.ResendSchedule [vscu-thread-2] - Executing Resend Schedule
2026-01-23 07:17:18 INFO  c.k.v.execute.offline.ResendSchedule [vscu-thread-2] - Executing Resend Schedule
2026-01-23 07:17:21 INFO  c.k.v.execute.offline.ResendSchedule [vscu-thread-2] - Executing Resend Schedule
2026-01-23 07:17:24 INFO  c.k.v.execute.offline.ResendSchedule [vscu-thread-2] - Executing Resend Schedule
2026-01-23 07:17:27 INFO  c.k.v.execute.offline.ResendSchedule [vscu-thread-2] - Executing Resend Schedule
2026-01-23 07:17:30 INFO  c.k.v.execute.offline.ResendSchedule [vscu-thread-2] - Executing Resend Schedule
2026-01-23 07:17:33 INFO  c.k.v.execute.offline.ResendSchedule [vscu-thread-2] - Executing Resend Schedule
2026-01-23 07:17:36 INFO  c.k.v.execute.offline.ResendSchedule [vscu-thread-2] - Executing Resend Schedule
2026-01-23 07:17:39 INFO  c.k.v.execute.offline.ResendSchedule [vscu-thread-2] - Executing Resend Schedule
2026-01-23 07:17:42 INFO  c.k.v.execute.offline.ResendSchedule [vscu-thread-2] - Executing Resend Schedule
2026-01-23 07:17:42 DEBUG com.zaxxer.hikari.pool.HikariPool [HikariPool-1 housekeeper] - HikariPool-1 - Pool stats (total=20, active=0, idle=20, waiting=0)
2026-01-23 07:17:42 DEBUG com.zaxxer.hikari.pool.HikariPool [HikariPool-1 housekeeper] - HikariPool-1 - Fill pool skipped, pool has sufficient level or currently being filled (queueDepth=0).
2026-01-23 07:17:45 INFO  c.k.v.execute.offline.ResendSchedule [vscu-thread-2] - Executing Resend Schedule
2026-01-23 07:17:48 INFO  c.k.v.execute.offline.ResendSchedule [vscu-thread-2] - Executing Resend Schedule
2026-01-23 07:17:51 INFO  c.k.v.execute.offline.ResendSchedule [vscu-thread-2] - Executing Resend Schedule
2026-01-23 07:17:54 INFO  c.k.v.execute.offline.ResendSchedule [vscu-thread-2] - Executing Resend Schedule
2026-01-23 07:17:57 INFO  c.k.v.execute.offline.ResendSchedule [vscu-thread-2] - Executing Resend Schedule
2026-01-23 07:18:00 INFO  c.k.v.execute.offline.ResendSchedule [vscu-thread-2] - Executing Resend Schedule
2026-01-23 07:18:03 INFO  c.k.v.execute.offline.ResendSchedule [vscu-thread-2] - Executing Resend Schedule
2026-01-23 07:18:06 INFO  c.k.v.execute.offline.ResendSchedule [vscu-thread-2] - Executing Resend Schedule
2026-01-23 07:18:09 INFO  c.k.v.execute.offline.ResendSchedule [vscu-thread-2] - Executing Resend Schedule
2026-01-23 07:18:12 DEBUG com.zaxxer.hikari.pool.HikariPool [HikariPool-1 housekeeper] - HikariPool-1 - Pool stats (total=20, active=0, idle=20, waiting=0)
2026-01-23 07:18:12 DEBUG com.zaxxer.hikari.pool.HikariPool [HikariPool-1 housekeeper] - HikariPool-1 - Fill pool skipped, pool has sufficient level or currently being filled (queueDepth=0).
2026-01-23 07:18:12 INFO  c.k.v.execute.offline.ResendSchedule [vscu-thread-2] - Executing Resend Schedule
2026-01-23 07:18:15 INFO  c.k.v.execute.offline.ResendSchedule [vscu-thread-2] - Executing Resend Schedule
2026-01-23 07:18:18 INFO  c.k.v.execute.offline.ResendSchedule [vscu-thread-2] - Executing Resend Schedule
2026-01-23 07:18:21 INFO  c.k.v.execute.offline.ResendSchedule [vscu-thread-2] - Executing Resend Schedule
2026-01-23 07:18:24 INFO  c.k.v.execute.offline.ResendSchedule [vscu-thread-2] - Executing Resend Schedule
2026-01-23 07:18:27 INFO  c.k.v.execute.offline.ResendSchedule [vscu-thread-2] - Executing Resend Schedule
2026-01-23 07:18:30 INFO  c.k.v.execute.offline.ResendSchedule [vscu-thread-2] - Executing Resend Schedule
2026-01-23 07:18:33 INFO  c.k.v.execute.offline.ResendSchedule [vscu-thread-2] - Executing Resend Schedule
2026-01-23 07:18:36 INFO  c.k.v.execute.offline.ResendSchedule [vscu-thread-2] - Executing Resend Schedule
2026-01-23 07:18:40 INFO  c.k.v.execute.offline.ResendSchedule [vscu-thread-2] - Executing Resend Schedule
2026-01-23 07:18:42 DEBUG com.zaxxer.hikari.pool.HikariPool [HikariPool-1 housekeeper] - HikariPool-1 - Pool stats (total=20, active=0, idle=20, waiting=0)
2026-01-23 07:18:42 DEBUG com.zaxxer.hikari.pool.HikariPool [HikariPool-1 housekeeper] - HikariPool-1 - Fill pool skipped, pool has sufficient level or currently being filled (queueDepth=0).
2026-01-23 07:18:43 INFO  c.k.v.execute.offline.ResendSchedule [vscu-thread-2] - Executing Resend Schedule
2026-01-23 07:18:46 INFO  c.k.v.execute.offline.ResendSchedule [vscu-thread-2] - Executing Resend Schedule
2026-01-23 07:18:49 INFO  c.k.v.execute.offline.ResendSchedule [vscu-thread-2] - Executing Resend Schedule
2026-01-23 07:18:52 INFO  c.k.v.execute.offline.ResendSchedule [vscu-thread-2] - Executing Resend Schedule
2026-01-23 07:18:55 INFO  c.k.v.execute.offline.ResendSchedule [vscu-thread-2] - Executing Resend Schedule
2026-01-23 07:18:58 INFO  c.k.v.execute.offline.ResendSchedule [vscu-thread-2] - Executing Resend Schedule
2026-01-23 07:19:01 INFO  c.k.v.execute.offline.ResendSchedule [vscu-thread-2] - Executing Resend Schedule
2026-01-23 07:19:04 INFO  c.k.v.execute.offline.ResendSchedule [vscu-thread-3] - Executing Resend Schedule
2026-01-23 07:19:07 INFO  c.k.v.execute.offline.ResendSchedule [vscu-thread-3] - Executing Resend Schedule
2026-01-23 07:19:10 INFO  c.k.v.execute.offline.ResendSchedule [vscu-thread-3] - Executing Resend Schedule
2026-01-23 07:19:12 DEBUG com.zaxxer.hikari.pool.HikariPool [HikariPool-1 housekeeper] - HikariPool-1 - Pool stats (total=20, active=0, idle=20, waiting=0)
2026-01-23 07:19:12 DEBUG com.zaxxer.hikari.pool.HikariPool [HikariPool-1 housekeeper] - HikariPool-1 - Fill pool skipped, pool has sufficient level or currently being filled (queueDepth=0).
2026-01-23 07:19:13 INFO  c.k.v.execute.offline.ResendSchedule [vscu-thread-3] - Executing Resend Schedule
2026-01-23 07:19:16 INFO  c.k.v.execute.offline.ResendSchedule [vscu-thread-3] - Executing Resend Schedule
2026-01-23 07:19:19 INFO  c.k.v.execute.offline.ResendSchedule [vscu-thread-3] - Executing Resend Schedule
2026-01-23 07:19:22 INFO  c.k.v.execute.offline.ResendSchedule [vscu-thread-2] - Executing Resend Schedule
2026-01-23 07:19:25 INFO  c.k.v.execute.offline.ResendSchedule [vscu-thread-2] - Executing Resend Schedule
2026-01-23 07:19:28 INFO  c.k.v.execute.offline.ResendSchedule [vscu-thread-2] - Executing Resend Schedule
2026-01-23 07:19:31 INFO  c.k.v.execute.offline.ResendSchedule [vscu-thread-2] - Executing Resend Schedule
2026-01-23 07:19:34 INFO  c.k.v.execute.offline.ResendSchedule [vscu-thread-2] - Executing Resend Schedule
2026-01-23 07:19:37 INFO  c.k.v.execute.offline.ResendSchedule [vscu-thread-2] - Executing Resend Schedule
2026-01-23 07:19:40 INFO  c.k.v.execute.offline.ResendSchedule [vscu-thread-2] - Executing Resend Schedule
2026-01-23 07:19:42 DEBUG com.zaxxer.hikari.pool.HikariPool [HikariPool-1 housekeeper] - HikariPool-1 - Pool stats (total=20, active=0, idle=20, waiting=0)
2026-01-23 07:19:42 DEBUG com.zaxxer.hikari.pool.HikariPool [HikariPool-1 housekeeper] - HikariPool-1 - Fill pool skipped, pool has sufficient level or currently being filled (queueDepth=0).
2026-01-23 07:19:43 INFO  c.k.v.execute.offline.ResendSchedule [vscu-thread-2] - Executing Resend Schedule
2026-01-23 07:19:46 INFO  c.k.v.execute.offline.ResendSchedule [vscu-thread-2] - Executing Resend Schedule
2026-01-23 07:19:49 INFO  c.k.v.execute.offline.ResendSchedule [vscu-thread-2] - Executing Resend Schedule
2026-01-23 07:19:52 INFO  c.k.v.execute.offline.ResendSchedule [vscu-thread-2] - Executing Resend Schedule
2026-01-23 07:19:55 INFO  c.k.v.execute.offline.ResendSchedule [vscu-thread-2] - Executing Resend Schedule
2026-01-23 07:19:58 INFO  c.k.v.execute.offline.ResendSchedule [vscu-thread-2] - Executing Resend Schedule
2026-01-23 07:20:01 INFO  c.k.v.execute.offline.ResendSchedule [vscu-thread-2] - Executing Resend Schedule
2026-01-23 07:20:04 INFO  c.k.v.execute.offline.ResendSchedule [vscu-thread-2] - Executing Resend Schedule
2026-01-23 07:20:07 INFO  c.k.v.execute.offline.ResendSchedule [vscu-thread-2] - Executing Resend Schedule
2026-01-23 07:20:10 INFO  c.k.v.execute.offline.ResendSchedule [vscu-thread-2] - Executing Resend Schedule
2026-01-23 07:20:12 DEBUG com.zaxxer.hikari.pool.HikariPool [HikariPool-1 housekeeper] - HikariPool-1 - Pool stats (total=20, active=0, idle=20, waiting=0)
2026-01-23 07:20:12 DEBUG com.zaxxer.hikari.pool.HikariPool [HikariPool-1 housekeeper] - HikariPool-1 - Fill pool skipped, pool has sufficient level or currently being filled (queueDepth=0).
2026-01-23 07:20:13 INFO  c.k.v.execute.offline.ResendSchedule [vscu-thread-2] - Executing Resend Schedule
2026-01-23 07:20:16 INFO  c.k.v.execute.offline.ResendSchedule [vscu-thread-2] - Executing Resend Schedule
2026-01-23 07:20:19 INFO  c.k.v.execute.offline.ResendSchedule [vscu-thread-2] - Executing Resend Schedule
2026-01-23 07:20:22 INFO  c.k.v.execute.offline.ResendSchedule [vscu-thread-2] - Executing Resend Schedule
2026-01-23 07:20:25 INFO  c.k.v.execute.offline.ResendSchedule [vscu-thread-2] - Executing Resend Schedule
2026-01-23 07:20:28 INFO  c.k.v.execute.offline.ResendSchedule [vscu-thread-2] - Executing Resend Schedule
2026-01-23 07:20:31 INFO  c.k.v.execute.offline.ResendSchedule [vscu-thread-2] - Executing Resend Schedule
2026-01-23 07:20:34 INFO  c.k.v.execute.offline.ResendSchedule [vscu-thread-2] - Executing Resend Schedule
2026-01-23 07:20:37 INFO  c.k.v.execute.offline.ResendSchedule [vscu-thread-2] - Executing Resend Schedule
2026-01-23 07:20:40 INFO  c.k.v.execute.offline.ResendSchedule [vscu-thread-2] - Executing Resend Schedule
2026-01-23 07:20:43 DEBUG com.zaxxer.hikari.pool.HikariPool [HikariPool-1 housekeeper] - HikariPool-1 - Pool stats (total=20, active=0, idle=20, waiting=0)
2026-01-23 07:20:43 DEBUG com.zaxxer.hikari.pool.HikariPool [HikariPool-1 housekeeper] - HikariPool-1 - Fill pool skipped, pool has sufficient level or currently being filled (queueDepth=0).
2026-01-23 07:20:43 INFO  c.k.v.execute.offline.ResendSchedule [vscu-thread-2] - Executing Resend Schedule
2026-01-23 07:20:46 INFO  c.k.v.execute.offline.ResendSchedule [vscu-thread-2] - Executing Resend Schedule
2026-01-23 07:20:49 INFO  c.k.v.execute.offline.ResendSchedule [vscu-thread-2] - Executing Resend Schedule
2026-01-23 07:20:52 INFO  c.k.v.execute.offline.ResendSchedule [vscu-thread-2] - Executing Resend Schedule
2026-01-23 07:20:55 INFO  c.k.v.execute.offline.ResendSchedule [vscu-thread-2] - Executing Resend Schedule
2026-01-23 07:20:58 INFO  c.k.v.execute.offline.ResendSchedule [vscu-thread-2] - Executing Resend Schedule
2026-01-23 07:21:01 INFO  c.k.v.execute.offline.ResendSchedule [vscu-thread-2] - Executing Resend Schedule
2026-01-23 07:21:05 INFO  c.k.v.execute.offline.ResendSchedule [vscu-thread-2] - Executing Resend Schedule
2026-01-23 07:21:08 INFO  c.k.v.execute.offline.ResendSchedule [vscu-thread-1] - Executing Resend Schedule
2026-01-23 07:21:11 INFO  c.k.v.execute.offline.ResendSchedule [vscu-thread-1] - Executing Resend Schedule
2026-01-23 07:21:13 DEBUG com.zaxxer.hikari.pool.HikariPool [HikariPool-1 housekeeper] - HikariPool-1 - Pool stats (total=20, active=0, idle=20, waiting=0)
2026-01-23 07:21:13 DEBUG com.zaxxer.hikari.pool.HikariPool [HikariPool-1 housekeeper] - HikariPool-1 - Fill pool skipped, pool has sufficient level or currently being filled (queueDepth=0).
2026-01-23 07:21:14 INFO  c.k.v.execute.offline.ResendSchedule [vscu-thread-1] - Executing Resend Schedule
2026-01-23 07:21:17 INFO  c.k.v.execute.offline.ResendSchedule [vscu-thread-1] - Executing Resend Schedule
2026-01-23 07:21:20 INFO  c.k.v.execute.offline.ResendSchedule [vscu-thread-1] - Executing Resend Schedule
2026-01-23 07:21:23 INFO  c.k.v.execute.offline.ResendSchedule [vscu-thread-1] - Executing Resend Schedule
2026-01-23 07:21:26 INFO  c.k.v.execute.offline.ResendSchedule [vscu-thread-1] - Executing Resend Schedule
2026-01-23 07:21:29 INFO  c.k.v.execute.offline.ResendSchedule [vscu-thread-1] - Executing Resend Schedule
2026-01-23 07:21:32 INFO  c.k.v.execute.offline.ResendSchedule [vscu-thread-1] - Executing Resend Schedule
2026-01-23 07:21:35 INFO  c.k.v.execute.offline.ResendSchedule [vscu-thread-1] - Executing Resend Schedule
2026-01-23 07:21:38 INFO  c.k.v.execute.offline.ResendSchedule [vscu-thread-1] - Executing Resend Schedule
2026-01-23 07:21:41 INFO  c.k.v.execute.offline.ResendSchedule [vscu-thread-1] - Executing Resend Schedule
2026-01-23 07:21:43 DEBUG com.zaxxer.hikari.pool.HikariPool [HikariPool-1 housekeeper] - HikariPool-1 - Pool stats (total=20, active=0, idle=20, waiting=0)
2026-01-23 07:21:43 DEBUG com.zaxxer.hikari.pool.HikariPool [HikariPool-1 housekeeper] - HikariPool-1 - Fill pool skipped, pool has sufficient level or currently being filled (queueDepth=0).
2026-01-23 07:21:44 INFO  c.k.v.execute.offline.ResendSchedule [vscu-thread-1] - Executing Resend Schedule
2026-01-23 07:21:47 INFO  c.k.v.execute.offline.ResendSchedule [vscu-thread-1] - Executing Resend Schedule
2026-01-23 07:21:50 INFO  c.k.v.execute.offline.ResendSchedule [vscu-thread-1] - Executing Resend Schedule
2026-01-23 07:21:53 INFO  c.k.v.execute.offline.ResendSchedule [vscu-thread-1] - Executing Resend Schedule
2026-01-23 07:21:56 INFO  c.k.v.execute.offline.ResendSchedule [vscu-thread-2] - Executing Resend Schedule
2026-01-23 07:21:59 INFO  c.k.v.execute.offline.ResendSchedule [vscu-thread-2] - Executing Resend Schedule
2026-01-23 07:22:02 INFO  c.k.v.execute.offline.ResendSchedule [vscu-thread-2] - Executing Resend Schedule
2026-01-23 07:22:05 INFO  c.k.v.execute.offline.ResendSchedule [vscu-thread-2] - Executing Resend Schedule
2026-01-23 07:22:08 INFO  c.k.v.execute.offline.ResendSchedule [vscu-thread-2] - Executing Resend Schedule
2026-01-23 07:22:11 INFO  c.k.v.execute.offline.ResendSchedule [vscu-thread-2] - Executing Resend Schedule
2026-01-23 07:22:13 DEBUG com.zaxxer.hikari.pool.HikariPool [HikariPool-1 housekeeper] - HikariPool-1 - Pool stats (total=20, active=0, idle=20, waiting=0)
2026-01-23 07:22:13 DEBUG com.zaxxer.hikari.pool.HikariPool [HikariPool-1 housekeeper] - HikariPool-1 - Fill pool skipped, pool has sufficient level or currently being filled (queueDepth=0).
2026-01-23 07:22:14 INFO  c.k.v.execute.offline.ResendSchedule [vscu-thread-2] - Executing Resend Schedule
2026-01-23 07:22:17 INFO  c.k.v.execute.offline.ResendSchedule [vscu-thread-2] - Executing Resend Schedule
2026-01-23 07:22:20 INFO  c.k.v.execute.offline.ResendSchedule [vscu-thread-2] - Executing Resend Schedule
2026-01-23 07:22:23 INFO  c.k.v.execute.offline.ResendSchedule [vscu-thread-3] - Executing Resend Schedule
2026-01-23 07:22:26 INFO  c.k.v.execute.offline.ResendSchedule [vscu-thread-3] - Executing Resend Schedule
2026-01-23 07:22:29 INFO  c.k.v.execute.offline.ResendSchedule [vscu-thread-3] - Executing Resend Schedule
2026-01-23 07:22:32 INFO  c.k.v.execute.offline.ResendSchedule [vscu-thread-3] - Executing Resend Schedule
2026-01-23 07:22:35 INFO  c.k.v.execute.offline.ResendSchedule [vscu-thread-3] - Executing Resend Schedule
2026-01-23 07:22:38 INFO  c.k.v.execute.offline.ResendSchedule [vscu-thread-3] - Executing Resend Schedule
2026-01-23 07:22:41 INFO  c.k.v.execute.offline.ResendSchedule [vscu-thread-3] - Executing Resend Schedule
2026-01-23 07:22:43 DEBUG com.zaxxer.hikari.pool.HikariPool [HikariPool-1 housekeeper] - HikariPool-1 - Pool stats (total=20, active=0, idle=20, waiting=0)
2026-01-23 07:22:43 DEBUG com.zaxxer.hikari.pool.HikariPool [HikariPool-1 housekeeper] - HikariPool-1 - Fill pool skipped, pool has sufficient level or currently being filled (queueDepth=0).
2026-01-23 07:22:44 INFO  c.k.v.execute.offline.ResendSchedule [vscu-thread-3] - Executing Resend Schedule
2026-01-23 07:22:47 INFO  c.k.v.execute.offline.ResendSchedule [vscu-thread-3] - Executing Resend Schedule
2026-01-23 07:22:50 INFO  c.k.v.execute.offline.ResendSchedule [vscu-thread-3] - Executing Resend Schedule
2026-01-23 07:22:53 INFO  c.k.v.execute.offline.ResendSchedule [vscu-thread-3] - Executing Resend Schedule
2026-01-23 07:22:56 INFO  c.k.v.execute.offline.ResendSchedule [vscu-thread-3] - Executing Resend Schedule
2026-01-23 07:22:59 INFO  c.k.v.execute.offline.ResendSchedule [vscu-thread-3] - Executing Resend Schedule
2026-01-23 07:23:02 INFO  c.k.v.execute.offline.ResendSchedule [vscu-thread-3] - Executing Resend Schedule
2026-01-23 07:23:05 INFO  c.k.v.execute.offline.ResendSchedule [vscu-thread-3] - Executing Resend Schedule
2026-01-23 07:23:08 INFO  c.k.v.execute.offline.ResendSchedule [vscu-thread-3] - Executing Resend Schedule
2026-01-23 07:23:11 INFO  c.k.v.execute.offline.ResendSchedule [vscu-thread-3] - Executing Resend Schedule
2026-01-23 07:23:13 DEBUG com.zaxxer.hikari.pool.HikariPool [HikariPool-1 housekeeper] - HikariPool-1 - Pool stats (total=20, active=0, idle=20, waiting=0)
2026-01-23 07:23:13 DEBUG com.zaxxer.hikari.pool.HikariPool [HikariPool-1 housekeeper] - HikariPool-1 - Fill pool skipped, pool has sufficient level or currently being filled (queueDepth=0).
2026-01-23 07:23:14 INFO  c.k.v.execute.offline.ResendSchedule [vscu-thread-3] - Executing Resend Schedule
2026-01-23 07:23:17 INFO  c.k.v.execute.offline.ResendSchedule [vscu-thread-3] - Executing Resend Schedule
2026-01-23 07:23:20 INFO  c.k.v.execute.offline.ResendSchedule [vscu-thread-3] - Executing Resend Schedule
2026-01-23 07:23:23 INFO  c.k.v.execute.offline.ResendSchedule [vscu-thread-3] - Executing Resend Schedule
2026-01-23 07:23:26 INFO  c.k.v.execute.offline.ResendSchedule [vscu-thread-3] - Executing Resend Schedule
2026-01-23 07:23:29 INFO  c.k.v.execute.offline.ResendSchedule [vscu-thread-3] - Executing Resend Schedule
2026-01-23 07:23:32 INFO  c.k.v.execute.offline.ResendSchedule [vscu-thread-3] - Executing Resend Schedule
2026-01-23 07:23:35 INFO  c.k.v.execute.offline.ResendSchedule [vscu-thread-3] - Executing Resend Schedule
2026-01-23 07:23:38 INFO  c.k.v.execute.offline.ResendSchedule [vscu-thread-3] - Executing Resend Schedule
2026-01-23 07:23:41 INFO  c.k.v.execute.offline.ResendSchedule [vscu-thread-3] - Executing Resend Schedule
2026-01-23 07:23:43 DEBUG com.zaxxer.hikari.pool.HikariPool [HikariPool-1 housekeeper] - HikariPool-1 - Pool stats (total=20, active=0, idle=20, waiting=0)
2026-01-23 07:23:43 DEBUG com.zaxxer.hikari.pool.HikariPool [HikariPool-1 housekeeper] - HikariPool-1 - Fill pool skipped, pool has sufficient level or currently being filled (queueDepth=0).
2026-01-23 07:23:44 INFO  c.k.v.execute.offline.ResendSchedule [vscu-thread-3] - Executing Resend Schedule
2026-01-23 07:23:47 INFO  c.k.v.execute.offline.ResendSchedule [vscu-thread-3] - Executing Resend Schedule
2026-01-23 07:23:51 INFO  c.k.v.execute.offline.ResendSchedule [vscu-thread-3] - Executing Resend Schedule
2026-01-23 07:23:54 INFO  c.k.v.execute.offline.ResendSchedule [vscu-thread-3] - Executing Resend Schedule
2026-01-23 07:23:57 INFO  c.k.v.execute.offline.ResendSchedule [vscu-thread-3] - Executing Resend Schedule
2026-01-23 07:24:00 INFO  c.k.v.execute.offline.ResendSchedule [vscu-thread-3] - Executing Resend Schedule
2026-01-23 07:24:03 INFO  c.k.v.execute.offline.ResendSchedule [vscu-thread-3] - Executing Resend Schedule
2026-01-23 07:24:06 INFO  c.k.v.execute.offline.ResendSchedule [vscu-thread-3] - Executing Resend Schedule
2026-01-23 07:24:09 INFO  c.k.v.execute.offline.ResendSchedule [vscu-thread-3] - Executing Resend Schedule
2026-01-23 07:24:12 INFO  c.k.v.execute.offline.ResendSchedule [vscu-thread-3] - Executing Resend Schedule
2026-01-23 07:24:13 DEBUG com.zaxxer.hikari.pool.HikariPool [HikariPool-1 housekeeper] - HikariPool-1 - Pool stats (total=20, active=0, idle=20, waiting=0)
2026-01-23 07:24:13 DEBUG com.zaxxer.hikari.pool.HikariPool [HikariPool-1 housekeeper] - HikariPool-1 - Fill pool skipped, pool has sufficient level or currently being filled (queueDepth=0).
2026-01-23 07:24:15 INFO  c.k.v.execute.offline.ResendSchedule [vscu-thread-3] - Executing Resend Schedule
2026-01-23 07:24:18 INFO  c.k.v.execute.offline.ResendSchedule [vscu-thread-3] - Executing Resend Schedule
2026-01-23 07:24:21 INFO  c.k.v.execute.offline.ResendSchedule [vscu-thread-3] - Executing Resend Schedule
2026-01-23 07:24:24 INFO  c.k.v.execute.offline.ResendSchedule [vscu-thread-3] - Executing Resend Schedule
2026-01-23 07:24:27 INFO  c.k.v.execute.offline.ResendSchedule [vscu-thread-3] - Executing Resend Schedule
2026-01-23 07:24:30 INFO  c.k.v.execute.offline.ResendSchedule [vscu-thread-3] - Executing Resend Schedule
2026-01-23 07:24:33 INFO  c.k.v.execute.offline.ResendSchedule [vscu-thread-3] - Executing Resend Schedule
2026-01-23 07:24:36 INFO  c.k.v.execute.offline.ResendSchedule [vscu-thread-3] - Executing Resend Schedule
2026-01-23 07:24:39 INFO  c.k.v.execute.offline.ResendSchedule [vscu-thread-3] - Executing Resend Schedule
2026-01-23 07:24:42 INFO  c.k.v.execute.offline.ResendSchedule [vscu-thread-3] - Executing Resend Schedule
2026-01-23 07:24:43 DEBUG com.zaxxer.hikari.pool.HikariPool [HikariPool-1 housekeeper] - HikariPool-1 - Pool stats (total=20, active=0, idle=20, waiting=0)
2026-01-23 07:24:43 DEBUG com.zaxxer.hikari.pool.HikariPool [HikariPool-1 housekeeper] - HikariPool-1 - Fill pool skipped, pool has sufficient level or currently being filled (queueDepth=0).
2026-01-23 07:24:45 INFO  c.k.v.execute.offline.ResendSchedule [vscu-thread-3] - Executing Resend Schedule
2026-01-23 07:24:48 INFO  c.k.v.execute.offline.ResendSchedule [vscu-thread-3] - Executing Resend Schedule
2026-01-23 07:24:51 INFO  c.k.v.execute.offline.ResendSchedule [vscu-thread-3] - Executing Resend Schedule
2026-01-23 07:24:54 INFO  c.k.v.execute.offline.ResendSchedule [vscu-thread-3] - Executing Resend Schedule
2026-01-23 07:24:57 INFO  c.k.v.execute.offline.ResendSchedule [vscu-thread-3] - Executing Resend Schedule
2026-01-23 07:25:00 INFO  c.k.v.execute.offline.ResendSchedule [vscu-thread-3] - Executing Resend Schedule
2026-01-23 07:25:03 INFO  c.k.v.execute.offline.ResendSchedule [vscu-thread-3] - Executing Resend Schedule
2026-01-23 07:25:06 INFO  c.k.v.execute.offline.ResendSchedule [vscu-thread-3] - Executing Resend Schedule
2026-01-23 07:25:09 INFO  c.k.v.execute.offline.ResendSchedule [vscu-thread-3] - Executing Resend Schedule
2026-01-23 07:25:12 INFO  c.k.v.execute.offline.ResendSchedule [vscu-thread-3] - Executing Resend Schedule
2026-01-23 07:25:13 DEBUG com.zaxxer.hikari.pool.HikariPool [HikariPool-1 housekeeper] - HikariPool-1 - Pool stats (total=20, active=0, idle=20, waiting=0)
2026-01-23 07:25:13 DEBUG com.zaxxer.hikari.pool.HikariPool [HikariPool-1 housekeeper] - HikariPool-1 - Fill pool skipped, pool has sufficient level or currently being filled (queueDepth=0).
2026-01-23 07:25:15 INFO  c.k.v.execute.offline.ResendSchedule [vscu-thread-3] - Executing Resend Schedule
2026-01-23 07:25:18 INFO  c.k.v.execute.offline.ResendSchedule [vscu-thread-3] - Executing Resend Schedule
2026-01-23 07:25:21 INFO  c.k.v.execute.offline.ResendSchedule [vscu-thread-3] - Executing Resend Schedule
2026-01-23 07:25:24 INFO  c.k.v.execute.offline.ResendSchedule [vscu-thread-2] - Executing Resend Schedule
2026-01-23 07:25:27 INFO  c.k.v.execute.offline.ResendSchedule [vscu-thread-2] - Executing Resend Schedule
2026-01-23 07:25:30 INFO  c.k.v.execute.offline.ResendSchedule [vscu-thread-2] - Executing Resend Schedule
2026-01-23 07:25:33 INFO  c.k.v.execute.offline.ResendSchedule [vscu-thread-2] - Executing Resend Schedule
2026-01-23 07:25:36 INFO  c.k.v.execute.offline.ResendSchedule [vscu-thread-2] - Executing Resend Schedule
2026-01-23 07:25:39 INFO  c.k.v.execute.offline.ResendSchedule [vscu-thread-2] - Executing Resend Schedule
2026-01-23 07:25:42 INFO  c.k.v.execute.offline.ResendSchedule [vscu-thread-2] - Executing Resend Schedule
2026-01-23 07:25:43 DEBUG com.zaxxer.hikari.pool.HikariPool [HikariPool-1 housekeeper] - HikariPool-1 - Pool stats (total=20, active=0, idle=20, waiting=0)
2026-01-23 07:25:43 DEBUG com.zaxxer.hikari.pool.HikariPool [HikariPool-1 housekeeper] - HikariPool-1 - Fill pool skipped, pool has sufficient level or currently being filled (queueDepth=0).
2026-01-23 07:25:45 INFO  c.k.v.execute.offline.ResendSchedule [vscu-thread-2] - Executing Resend Schedule
2026-01-23 07:25:48 INFO  c.k.v.execute.offline.ResendSchedule [vscu-thread-2] - Executing Resend Schedule
2026-01-23 07:25:51 INFO  c.k.v.execute.offline.ResendSchedule [vscu-thread-2] - Executing Resend Schedule
2026-01-23 07:25:54 INFO  c.k.v.execute.offline.ResendSchedule [vscu-thread-2] - Executing Resend Schedule
2026-01-23 07:25:57 INFO  c.k.v.execute.offline.ResendSchedule [vscu-thread-2] - Executing Resend Schedule
2026-01-23 07:26:00 INFO  c.k.v.execute.offline.ResendSchedule [vscu-thread-2] - Executing Resend Schedule
2026-01-23 07:26:03 INFO  c.k.v.execute.offline.ResendSchedule [vscu-thread-1] - Executing Resend Schedule
2026-01-23 07:26:06 INFO  c.k.v.execute.offline.ResendSchedule [vscu-thread-1] - Executing Resend Schedule
2026-01-23 07:26:09 INFO  c.k.v.execute.offline.ResendSchedule [vscu-thread-1] - Executing Resend Schedule
2026-01-23 07:26:12 INFO  c.k.v.execute.offline.ResendSchedule [vscu-thread-3] - Executing Resend Schedule
2026-01-23 07:26:13 DEBUG com.zaxxer.hikari.pool.HikariPool [HikariPool-1 housekeeper] - HikariPool-1 - Pool stats (total=20, active=0, idle=20, waiting=0)
2026-01-23 07:26:13 DEBUG com.zaxxer.hikari.pool.HikariPool [HikariPool-1 housekeeper] - HikariPool-1 - Fill pool skipped, pool has sufficient level or currently being filled (queueDepth=0).
2026-01-23 07:26:15 INFO  c.k.v.execute.offline.ResendSchedule [vscu-thread-3] - Executing Resend Schedule
2026-01-23 07:26:18 INFO  c.k.v.execute.offline.ResendSchedule [vscu-thread-3] - Executing Resend Schedule
2026-01-23 07:26:21 INFO  c.k.v.execute.offline.ResendSchedule [vscu-thread-3] - Executing Resend Schedule
2026-01-23 07:26:24 INFO  c.k.v.execute.offline.ResendSchedule [vscu-thread-3] - Executing Resend Schedule
2026-01-23 07:26:27 INFO  c.k.v.execute.offline.ResendSchedule [vscu-thread-3] - Executing Resend Schedule
2026-01-23 07:26:30 INFO  c.k.v.execute.offline.ResendSchedule [vscu-thread-3] - Executing Resend Schedule
2026-01-23 07:26:33 INFO  c.k.v.execute.offline.ResendSchedule [vscu-thread-3] - Executing Resend Schedule
2026-01-23 07:26:36 INFO  c.k.v.execute.offline.ResendSchedule [vscu-thread-3] - Executing Resend Schedule
2026-01-23 07:26:39 INFO  c.k.v.execute.offline.ResendSchedule [vscu-thread-3] - Executing Resend Schedule
2026-01-23 07:26:42 INFO  c.k.v.execute.offline.ResendSchedule [vscu-thread-3] - Executing Resend Schedule
2026-01-23 07:26:43 DEBUG com.zaxxer.hikari.pool.HikariPool [HikariPool-1 housekeeper] - HikariPool-1 - Pool stats (total=20, active=0, idle=20, waiting=0)
2026-01-23 07:26:43 DEBUG com.zaxxer.hikari.pool.HikariPool [HikariPool-1 housekeeper] - HikariPool-1 - Fill pool skipped, pool has sufficient level or currently being filled (queueDepth=0).
2026-01-23 07:26:45 INFO  c.k.v.execute.offline.ResendSchedule [vscu-thread-3] - Executing Resend Schedule
2026-01-23 07:26:48 INFO  c.k.v.execute.offline.ResendSchedule [vscu-thread-3] - Executing Resend Schedule
2026-01-23 07:26:51 INFO  c.k.v.execute.offline.ResendSchedule [vscu-thread-3] - Executing Resend Schedule
2026-01-23 07:26:55 INFO  c.k.v.execute.offline.ResendSchedule [vscu-thread-3] - Executing Resend Schedule
2026-01-23 07:26:58 INFO  c.k.v.execute.offline.ResendSchedule [vscu-thread-3] - Executing Resend Schedule
2026-01-23 07:27:01 INFO  c.k.v.execute.offline.ResendSchedule [vscu-thread-3] - Executing Resend Schedule
2026-01-23 07:27:04 INFO  c.k.v.execute.offline.ResendSchedule [vscu-thread-3] - Executing Resend Schedule
2026-01-23 07:27:07 INFO  c.k.v.execute.offline.ResendSchedule [vscu-thread-3] - Executing Resend Schedule
2026-01-23 07:27:10 INFO  c.k.v.execute.offline.ResendSchedule [vscu-thread-3] - Executing Resend Schedule
2026-01-23 07:27:13 INFO  c.k.v.execute.offline.ResendSchedule [vscu-thread-3] - Executing Resend Schedule
2026-01-23 07:27:13 DEBUG com.zaxxer.hikari.pool.HikariPool [HikariPool-1 housekeeper] - HikariPool-1 - Pool stats (total=20, active=0, idle=20, waiting=0)
2026-01-23 07:27:13 DEBUG com.zaxxer.hikari.pool.HikariPool [HikariPool-1 housekeeper] - HikariPool-1 - Fill pool skipped, pool has sufficient level or currently being filled (queueDepth=0).
2026-01-23 07:27:16 INFO  c.k.v.execute.offline.ResendSchedule [vscu-thread-3] - Executing Resend Schedule
2026-01-23 07:27:19 INFO  c.k.v.execute.offline.ResendSchedule [vscu-thread-3] - Executing Resend Schedule
2026-01-23 07:27:22 INFO  c.k.v.execute.offline.ResendSchedule [vscu-thread-3] - Executing Resend Schedule
2026-01-23 07:27:25 INFO  c.k.v.execute.offline.ResendSchedule [vscu-thread-3] - Executing Resend Schedule
2026-01-23 07:27:28 INFO  c.k.v.execute.offline.ResendSchedule [vscu-thread-3] - Executing Resend Schedule
2026-01-23 07:27:31 INFO  c.k.v.execute.offline.ResendSchedule [vscu-thread-3] - Executing Resend Schedule
2026-01-23 07:27:34 INFO  c.k.v.execute.offline.ResendSchedule [vscu-thread-3] - Executing Resend Schedule
2026-01-23 07:27:37 INFO  c.k.v.execute.offline.ResendSchedule [vscu-thread-3] - Executing Resend Schedule
2026-01-23 07:27:40 INFO  c.k.v.execute.offline.ResendSchedule [vscu-thread-3] - Executing Resend Schedule
2026-01-23 07:27:43 INFO  c.k.v.execute.offline.ResendSchedule [vscu-thread-3] - Executing Resend Schedule
2026-01-23 07:27:43 DEBUG com.zaxxer.hikari.pool.HikariPool [HikariPool-1 housekeeper] - HikariPool-1 - Pool stats (total=20, active=0, idle=20, waiting=0)
2026-01-23 07:27:43 DEBUG com.zaxxer.hikari.pool.HikariPool [HikariPool-1 housekeeper] - HikariPool-1 - Fill pool skipped, pool has sufficient level or currently being filled (queueDepth=0).
2026-01-23 07:27:46 INFO  c.k.v.execute.offline.ResendSchedule [vscu-thread-3] - Executing Resend Schedule
2026-01-23 07:27:49 INFO  c.k.v.execute.offline.ResendSchedule [vscu-thread-3] - Executing Resend Schedule
2026-01-23 07:27:52 INFO  c.k.v.execute.offline.ResendSchedule [vscu-thread-3] - Executing Resend Schedule
2026-01-23 07:27:55 INFO  c.k.v.execute.offline.ResendSchedule [vscu-thread-3] - Executing Resend Schedule
2026-01-23 07:27:58 INFO  c.k.v.execute.offline.ResendSchedule [vscu-thread-3] - Executing Resend Schedule
2026-01-23 07:28:01 INFO  c.k.v.execute.offline.ResendSchedule [vscu-thread-3] - Executing Resend Schedule
2026-01-23 07:28:04 INFO  c.k.v.execute.offline.ResendSchedule [vscu-thread-3] - Executing Resend Schedule
2026-01-23 07:28:07 INFO  c.k.v.execute.offline.ResendSchedule [vscu-thread-3] - Executing Resend Schedule
2026-01-23 07:28:10 INFO  c.k.v.execute.offline.ResendSchedule [vscu-thread-3] - Executing Resend Schedule
2026-01-23 07:28:13 DEBUG com.zaxxer.hikari.pool.HikariPool [HikariPool-1 housekeeper] - HikariPool-1 - Pool stats (total=20, active=0, idle=20, waiting=0)
2026-01-23 07:28:13 DEBUG com.zaxxer.hikari.pool.HikariPool [HikariPool-1 housekeeper] - HikariPool-1 - Fill pool skipped, pool has sufficient level or currently being filled (queueDepth=0).
2026-01-23 07:28:13 INFO  c.k.v.execute.offline.ResendSchedule [vscu-thread-3] - Executing Resend Schedule
2026-01-23 07:28:16 INFO  c.k.v.execute.offline.ResendSchedule [vscu-thread-3] - Executing Resend Schedule
2026-01-23 07:28:19 INFO  c.k.v.execute.offline.ResendSchedule [vscu-thread-3] - Executing Resend Schedule
2026-01-23 07:28:22 INFO  c.k.v.execute.offline.ResendSchedule [vscu-thread-3] - Executing Resend Schedule
2026-01-23 07:28:25 INFO  c.k.v.execute.offline.ResendSchedule [vscu-thread-1] - Executing Resend Schedule
2026-01-23 07:28:28 INFO  c.k.v.execute.offline.ResendSchedule [vscu-thread-1] - Executing Resend Schedule
2026-01-23 07:28:31 INFO  c.k.v.execute.offline.ResendSchedule [vscu-thread-1] - Executing Resend Schedule
2026-01-23 07:28:34 INFO  c.k.v.execute.offline.ResendSchedule [vscu-thread-2] - Executing Resend Schedule
2026-01-23 07:28:37 INFO  c.k.v.execute.offline.ResendSchedule [vscu-thread-2] - Executing Resend Schedule
2026-01-23 07:28:40 INFO  c.k.v.execute.offline.ResendSchedule [vscu-thread-2] - Executing Resend Schedule
2026-01-23 07:28:43 DEBUG com.zaxxer.hikari.pool.HikariPool [HikariPool-1 housekeeper] - HikariPool-1 - Pool stats (total=20, active=0, idle=20, waiting=0)
2026-01-23 07:28:43 DEBUG com.zaxxer.hikari.pool.HikariPool [HikariPool-1 housekeeper] - HikariPool-1 - Fill pool skipped, pool has sufficient level or currently being filled (queueDepth=0).
2026-01-23 07:28:43 INFO  c.k.v.execute.offline.ResendSchedule [vscu-thread-2] - Executing Resend Schedule
2026-01-23 07:28:46 INFO  c.k.v.execute.offline.ResendSchedule [vscu-thread-2] - Executing Resend Schedule
2026-01-23 07:28:49 INFO  c.k.v.execute.offline.ResendSchedule [vscu-thread-2] - Executing Resend Schedule
2026-01-23 07:28:52 INFO  c.k.v.execute.offline.ResendSchedule [vscu-thread-2] - Executing Resend Schedule
2026-01-23 07:28:55 INFO  c.k.v.execute.offline.ResendSchedule [vscu-thread-2] - Executing Resend Schedule
2026-01-23 07:28:58 INFO  c.k.v.execute.offline.ResendSchedule [vscu-thread-2] - Executing Resend Schedule
2026-01-23 07:29:01 INFO  c.k.v.execute.offline.ResendSchedule [vscu-thread-2] - Executing Resend Schedule
2026-01-23 07:29:04 INFO  c.k.v.execute.offline.ResendSchedule [vscu-thread-2] - Executing Resend Schedule
2026-01-23 07:29:07 INFO  c.k.v.execute.offline.ResendSchedule [vscu-thread-2] - Executing Resend Schedule
2026-01-23 07:29:10 INFO  c.k.v.execute.offline.ResendSchedule [vscu-thread-2] - Executing Resend Schedule
2026-01-23 07:29:13 DEBUG com.zaxxer.hikari.pool.HikariPool [HikariPool-1 housekeeper] - HikariPool-1 - Pool stats (total=20, active=0, idle=20, waiting=0)
2026-01-23 07:29:13 DEBUG com.zaxxer.hikari.pool.HikariPool [HikariPool-1 housekeeper] - HikariPool-1 - Fill pool skipped, pool has sufficient level or currently being filled (queueDepth=0).
2026-01-23 07:29:13 INFO  c.k.v.execute.offline.ResendSchedule [vscu-thread-2] - Executing Resend Schedule
2026-01-23 07:29:16 INFO  c.k.v.execute.offline.ResendSchedule [vscu-thread-2] - Executing Resend Schedule
2026-01-23 07:29:19 INFO  c.k.v.execute.offline.ResendSchedule [vscu-thread-2] - Executing Resend Schedule
2026-01-23 07:29:22 INFO  c.k.v.execute.offline.ResendSchedule [vscu-thread-2] - Executing Resend Schedule
2026-01-23 07:29:25 INFO  c.k.v.execute.offline.ResendSchedule [vscu-thread-2] - Executing Resend Schedule
2026-01-23 07:29:28 INFO  c.k.v.execute.offline.ResendSchedule [vscu-thread-2] - Executing Resend Schedule
2026-01-23 07:29:31 INFO  c.k.v.execute.offline.ResendSchedule [vscu-thread-2] - Executing Resend Schedule
2026-01-23 07:29:34 INFO  c.k.v.execute.offline.ResendSchedule [vscu-thread-2] - Executing Resend Schedule
2026-01-23 07:29:37 INFO  c.k.v.execute.offline.ResendSchedule [vscu-thread-2] - Executing Resend Schedule
2026-01-23 07:29:40 INFO  c.k.v.execute.offline.ResendSchedule [vscu-thread-2] - Executing Resend Schedule
2026-01-23 07:29:43 DEBUG com.zaxxer.hikari.pool.HikariPool [HikariPool-1 housekeeper] - HikariPool-1 - Pool stats (total=20, active=0, idle=20, waiting=0)
2026-01-23 07:29:43 DEBUG com.zaxxer.hikari.pool.HikariPool [HikariPool-1 housekeeper] - HikariPool-1 - Fill pool skipped, pool has sufficient level or currently being filled (queueDepth=0).
2026-01-23 07:29:43 INFO  c.k.v.execute.offline.ResendSchedule [vscu-thread-2] - Executing Resend Schedule
2026-01-23 07:29:46 INFO  c.k.v.execute.offline.ResendSchedule [vscu-thread-2] - Executing Resend Schedule
2026-01-23 07:29:49 INFO  c.k.v.execute.offline.ResendSchedule [vscu-thread-2] - Executing Resend Schedule
2026-01-23 07:29:52 INFO  c.k.v.execute.offline.ResendSchedule [vscu-thread-2] - Executing Resend Schedule
2026-01-23 07:29:56 INFO  c.k.v.execute.offline.ResendSchedule [vscu-thread-2] - Executing Resend Schedule
2026-01-23 07:29:59 INFO  c.k.v.execute.offline.ResendSchedule [vscu-thread-2] - Executing Resend Schedule
2026-01-23 07:30:02 INFO  c.k.v.execute.offline.ResendSchedule [vscu-thread-2] - Executing Resend Schedule
2026-01-23 07:30:05 INFO  c.k.v.execute.offline.ResendSchedule [vscu-thread-2] - Executing Resend Schedule
2026-01-23 07:30:08 INFO  c.k.v.execute.offline.ResendSchedule [vscu-thread-2] - Executing Resend Schedule
2026-01-23 07:30:11 INFO  c.k.v.execute.offline.ResendSchedule [vscu-thread-2] - Executing Resend Schedule
2026-01-23 07:30:13 DEBUG com.zaxxer.hikari.pool.HikariPool [HikariPool-1 housekeeper] - HikariPool-1 - Pool stats (total=20, active=0, idle=20, waiting=0)
2026-01-23 07:30:13 DEBUG com.zaxxer.hikari.pool.HikariPool [HikariPool-1 housekeeper] - HikariPool-1 - Fill pool skipped, pool has sufficient level or currently being filled (queueDepth=0).
2026-01-23 07:30:14 INFO  c.k.v.execute.offline.ResendSchedule [vscu-thread-2] - Executing Resend Schedule
2026-01-23 07:30:17 INFO  c.k.v.execute.offline.ResendSchedule [vscu-thread-2] - Executing Resend Schedule
2026-01-23 07:30:20 INFO  c.k.v.execute.offline.ResendSchedule [vscu-thread-2] - Executing Resend Schedule
2026-01-23 07:30:23 INFO  c.k.v.execute.offline.ResendSchedule [vscu-thread-2] - Executing Resend Schedule
2026-01-23 07:30:26 INFO  c.k.v.execute.offline.ResendSchedule [vscu-thread-2] - Executing Resend Schedule
2026-01-23 07:30:29 INFO  c.k.v.execute.offline.ResendSchedule [vscu-thread-2] - Executing Resend Schedule
2026-01-23 07:30:32 INFO  c.k.v.execute.offline.ResendSchedule [vscu-thread-2] - Executing Resend Schedule
2026-01-23 07:30:35 INFO  c.k.v.execute.offline.ResendSchedule [vscu-thread-2] - Executing Resend Schedule
2026-01-23 07:30:38 INFO  c.k.v.execute.offline.ResendSchedule [vscu-thread-2] - Executing Resend Schedule
2026-01-23 07:30:41 INFO  c.k.v.execute.offline.ResendSchedule [vscu-thread-2] - Executing Resend Schedule
2026-01-23 07:30:43 DEBUG com.zaxxer.hikari.pool.HikariPool [HikariPool-1 housekeeper] - HikariPool-1 - Pool stats (total=20, active=0, idle=20, waiting=0)
2026-01-23 07:30:43 DEBUG com.zaxxer.hikari.pool.HikariPool [HikariPool-1 housekeeper] - HikariPool-1 - Fill pool skipped, pool has sufficient level or currently being filled (queueDepth=0).
2026-01-23 07:30:44 INFO  c.k.v.execute.offline.ResendSchedule [vscu-thread-2] - Executing Resend Schedule
2026-01-23 07:30:47 INFO  c.k.v.execute.offline.ResendSchedule [vscu-thread-2] - Executing Resend Schedule
2026-01-23 07:30:50 INFO  c.k.v.execute.offline.ResendSchedule [vscu-thread-2] - Executing Resend Schedule
2026-01-23 07:30:53 INFO  c.k.v.execute.offline.ResendSchedule [vscu-thread-2] - Executing Resend Schedule
2026-01-23 07:30:56 INFO  c.k.v.execute.offline.ResendSchedule [vscu-thread-2] - Executing Resend Schedule
2026-01-23 07:30:59 INFO  c.k.v.execute.offline.ResendSchedule [vscu-thread-2] - Executing Resend Schedule
2026-01-23 07:31:02 INFO  c.k.v.execute.offline.ResendSchedule [vscu-thread-2] - Executing Resend Schedule
2026-01-23 07:31:05 INFO  c.k.v.execute.offline.ResendSchedule [vscu-thread-2] - Executing Resend Schedule
2026-01-23 07:31:08 INFO  c.k.v.execute.offline.ResendSchedule [vscu-thread-2] - Executing Resend Schedule
2026-01-23 07:31:11 INFO  c.k.v.execute.offline.ResendSchedule [vscu-thread-2] - Executing Resend Schedule
2026-01-23 07:31:13 DEBUG com.zaxxer.hikari.pool.HikariPool [HikariPool-1 housekeeper] - HikariPool-1 - Pool stats (total=20, active=0, idle=20, waiting=0)
2026-01-23 07:31:13 DEBUG com.zaxxer.hikari.pool.HikariPool [HikariPool-1 housekeeper] - HikariPool-1 - Fill pool skipped, pool has sufficient level or currently being filled (queueDepth=0).
2026-01-23 07:31:14 INFO  c.k.v.execute.offline.ResendSchedule [vscu-thread-2] - Executing Resend Schedule
2026-01-23 07:31:17 INFO  c.k.v.execute.offline.ResendSchedule [vscu-thread-2] - Executing Resend Schedule
2026-01-23 07:31:20 INFO  c.k.v.execute.offline.ResendSchedule [vscu-thread-2] - Executing Resend Schedule
2026-01-23 07:31:23 INFO  c.k.v.execute.offline.ResendSchedule [vscu-thread-2] - Executing Resend Schedule
2026-01-23 07:31:26 INFO  c.k.v.execute.offline.ResendSchedule [vscu-thread-2] - Executing Resend Schedule
2026-01-23 07:31:29 INFO  c.k.v.execute.offline.ResendSchedule [vscu-thread-2] - Executing Resend Schedule
2026-01-23 07:31:32 INFO  c.k.v.execute.offline.ResendSchedule [vscu-thread-2] - Executing Resend Schedule
2026-01-23 07:31:35 INFO  c.k.v.execute.offline.ResendSchedule [vscu-thread-2] - Executing Resend Schedule
2026-01-23 07:31:38 INFO  c.k.v.execute.offline.ResendSchedule [vscu-thread-2] - Executing Resend Schedule
2026-01-23 07:31:41 INFO  c.k.v.execute.offline.ResendSchedule [vscu-thread-2] - Executing Resend Schedule
2026-01-23 07:31:43 DEBUG com.zaxxer.hikari.pool.HikariPool [HikariPool-1 housekeeper] - HikariPool-1 - Pool stats (total=20, active=0, idle=20, waiting=0)
2026-01-23 07:31:43 DEBUG com.zaxxer.hikari.pool.HikariPool [HikariPool-1 housekeeper] - HikariPool-1 - Fill pool skipped, pool has sufficient level or currently being filled (queueDepth=0).
2026-01-23 07:31:44 INFO  c.k.v.execute.offline.ResendSchedule [vscu-thread-2] - Executing Resend Schedule
2026-01-23 07:31:47 INFO  c.k.v.execute.offline.ResendSchedule [vscu-thread-2] - Executing Resend Schedule
2026-01-23 07:31:50 INFO  c.k.v.execute.offline.ResendSchedule [vscu-thread-2] - Executing Resend Schedule
2026-01-23 07:31:53 INFO  c.k.v.execute.offline.ResendSchedule [vscu-thread-2] - Executing Resend Schedule
2026-01-23 07:31:56 INFO  c.k.v.execute.offline.ResendSchedule [vscu-thread-2] - Executing Resend Schedule
2026-01-23 07:31:59 INFO  c.k.v.execute.offline.ResendSchedule [vscu-thread-2] - Executing Resend Schedule
2026-01-23 07:32:02 INFO  c.k.v.execute.offline.ResendSchedule [vscu-thread-2] - Executing Resend Schedule
2026-01-23 07:32:05 INFO  c.k.v.execute.offline.ResendSchedule [vscu-thread-2] - Executing Resend Schedule
2026-01-23 07:32:08 INFO  c.k.v.execute.offline.ResendSchedule [vscu-thread-2] - Executing Resend Schedule
2026-01-23 07:32:11 INFO  c.k.v.execute.offline.ResendSchedule [vscu-thread-2] - Executing Resend Schedule
2026-01-23 07:32:13 DEBUG com.zaxxer.hikari.pool.HikariPool [HikariPool-1 housekeeper] - HikariPool-1 - Pool stats (total=20, active=0, idle=20, waiting=0)
2026-01-23 07:32:13 DEBUG com.zaxxer.hikari.pool.HikariPool [HikariPool-1 housekeeper] - HikariPool-1 - Fill pool skipped, pool has sufficient level or currently being filled (queueDepth=0).
2026-01-23 07:32:14 INFO  c.k.v.execute.offline.ResendSchedule [vscu-thread-2] - Executing Resend Schedule
2026-01-23 07:32:17 INFO  c.k.v.execute.offline.ResendSchedule [vscu-thread-2] - Executing Resend Schedule
2026-01-23 07:32:20 INFO  c.k.v.execute.offline.ResendSchedule [vscu-thread-2] - Executing Resend Schedule
2026-01-23 07:32:23 INFO  c.k.v.execute.offline.ResendSchedule [vscu-thread-1] - Executing Resend Schedule
2026-01-23 07:32:26 INFO  c.k.v.execute.offline.ResendSchedule [vscu-thread-1] - Executing Resend Schedule
2026-01-23 07:32:29 INFO  c.k.v.execute.offline.ResendSchedule [vscu-thread-1] - Executing Resend Schedule
2026-01-23 07:32:32 INFO  c.k.v.execute.offline.ResendSchedule [vscu-thread-1] - Executing Resend Schedule
2026-01-23 07:32:35 INFO  c.k.v.execute.offline.ResendSchedule [vscu-thread-2] - Executing Resend Schedule
2026-01-23 07:32:38 INFO  c.k.v.execute.offline.ResendSchedule [vscu-thread-2] - Executing Resend Schedule
2026-01-23 07:32:41 INFO  c.k.v.execute.offline.ResendSchedule [vscu-thread-2] - Executing Resend Schedule
2026-01-23 07:32:43 DEBUG com.zaxxer.hikari.pool.HikariPool [HikariPool-1 housekeeper] - HikariPool-1 - Pool stats (total=20, active=0, idle=20, waiting=0)
2026-01-23 07:32:43 DEBUG com.zaxxer.hikari.pool.HikariPool [HikariPool-1 housekeeper] - HikariPool-1 - Fill pool skipped, pool has sufficient level or currently being filled (queueDepth=0).
2026-01-23 07:32:44 INFO  c.k.v.execute.offline.ResendSchedule [vscu-thread-2] - Executing Resend Schedule
2026-01-23 07:32:47 INFO  c.k.v.execute.offline.ResendSchedule [vscu-thread-2] - Executing Resend Schedule
2026-01-23 07:32:50 INFO  c.k.v.execute.offline.ResendSchedule [vscu-thread-2] - Executing Resend Schedule
2026-01-23 07:32:54 INFO  c.k.v.execute.offline.ResendSchedule [vscu-thread-2] - Executing Resend Schedule
2026-01-23 07:32:57 INFO  c.k.v.execute.offline.ResendSchedule [vscu-thread-2] - Executing Resend Schedule
2026-01-23 07:33:00 INFO  c.k.v.execute.offline.ResendSchedule [vscu-thread-2] - Executing Resend Schedule
2026-01-23 07:33:03 INFO  c.k.v.execute.offline.ResendSchedule [vscu-thread-2] - Executing Resend Schedule
2026-01-23 07:33:06 INFO  c.k.v.execute.offline.ResendSchedule [vscu-thread-2] - Executing Resend Schedule
2026-01-23 07:33:09 INFO  c.k.v.execute.offline.ResendSchedule [vscu-thread-2] - Executing Resend Schedule
2026-01-23 07:33:12 INFO  c.k.v.execute.offline.ResendSchedule [vscu-thread-2] - Executing Resend Schedule
2026-01-23 07:33:13 DEBUG com.zaxxer.hikari.pool.HikariPool [HikariPool-1 housekeeper] - HikariPool-1 - Pool stats (total=20, active=0, idle=20, waiting=0)
2026-01-23 07:33:13 DEBUG com.zaxxer.hikari.pool.HikariPool [HikariPool-1 housekeeper] - HikariPool-1 - Fill pool skipped, pool has sufficient level or currently being filled (queueDepth=0).
2026-01-23 07:33:15 INFO  c.k.v.execute.offline.ResendSchedule [vscu-thread-2] - Executing Resend Schedule
2026-01-23 07:33:18 INFO  c.k.v.execute.offline.ResendSchedule [vscu-thread-2] - Executing Resend Schedule
2026-01-23 07:33:21 INFO  c.k.v.execute.offline.ResendSchedule [vscu-thread-2] - Executing Resend Schedule
2026-01-23 07:33:24 INFO  c.k.v.execute.offline.ResendSchedule [vscu-thread-2] - Executing Resend Schedule
2026-01-23 07:33:27 INFO  c.k.v.execute.offline.ResendSchedule [vscu-thread-2] - Executing Resend Schedule
2026-01-23 07:33:30 INFO  c.k.v.execute.offline.ResendSchedule [vscu-thread-2] - Executing Resend Schedule
2026-01-23 07:33:33 INFO  c.k.v.execute.offline.ResendSchedule [vscu-thread-2] - Executing Resend Schedule
2026-01-23 07:33:36 INFO  c.k.v.execute.offline.ResendSchedule [vscu-thread-2] - Executing Resend Schedule
2026-01-23 07:33:39 INFO  c.k.v.execute.offline.ResendSchedule [vscu-thread-2] - Executing Resend Schedule
2026-01-23 07:33:42 INFO  c.k.v.execute.offline.ResendSchedule [vscu-thread-2] - Executing Resend Schedule
2026-01-23 07:33:43 DEBUG com.zaxxer.hikari.pool.HikariPool [HikariPool-1 housekeeper] - HikariPool-1 - Pool stats (total=20, active=0, idle=20, waiting=0)
2026-01-23 07:33:43 DEBUG com.zaxxer.hikari.pool.HikariPool [HikariPool-1 housekeeper] - HikariPool-1 - Fill pool skipped, pool has sufficient level or currently being filled (queueDepth=0).
2026-01-23 07:33:45 INFO  c.k.v.execute.offline.ResendSchedule [vscu-thread-2] - Executing Resend Schedule
2026-01-23 07:33:48 INFO  c.k.v.execute.offline.ResendSchedule [vscu-thread-2] - Executing Resend Schedule
2026-01-23 07:33:51 INFO  c.k.v.execute.offline.ResendSchedule [vscu-thread-2] - Executing Resend Schedule
2026-01-23 07:33:54 INFO  c.k.v.execute.offline.ResendSchedule [vscu-thread-2] - Executing Resend Schedule
2026-01-23 07:33:57 INFO  c.k.v.execute.offline.ResendSchedule [vscu-thread-2] - Executing Resend Schedule
2026-01-23 07:34:00 INFO  c.k.v.execute.offline.ResendSchedule [vscu-thread-2] - Executing Resend Schedule
2026-01-23 07:34:03 INFO  c.k.v.execute.offline.ResendSchedule [vscu-thread-2] - Executing Resend Schedule
2026-01-23 07:34:06 INFO  c.k.v.execute.offline.ResendSchedule [vscu-thread-2] - Executing Resend Schedule
2026-01-23 07:34:09 INFO  c.k.v.execute.offline.ResendSchedule [vscu-thread-2] - Executing Resend Schedule
2026-01-23 07:34:12 INFO  c.k.v.execute.offline.ResendSchedule [vscu-thread-2] - Executing Resend Schedule
2026-01-23 07:34:13 DEBUG com.zaxxer.hikari.pool.HikariPool [HikariPool-1 housekeeper] - HikariPool-1 - Pool stats (total=20, active=0, idle=20, waiting=0)
2026-01-23 07:34:13 DEBUG com.zaxxer.hikari.pool.HikariPool [HikariPool-1 housekeeper] - HikariPool-1 - Fill pool skipped, pool has sufficient level or currently being filled (queueDepth=0).
2026-01-23 07:34:15 INFO  c.k.v.execute.offline.ResendSchedule [vscu-thread-2] - Executing Resend Schedule
2026-01-23 07:34:18 INFO  c.k.v.execute.offline.ResendSchedule [vscu-thread-2] - Executing Resend Schedule
2026-01-23 07:34:21 INFO  c.k.v.execute.offline.ResendSchedule [vscu-thread-2] - Executing Resend Schedule
2026-01-23 07:34:24 INFO  c.k.v.execute.offline.ResendSchedule [vscu-thread-2] - Executing Resend Schedule
2026-01-23 07:34:27 INFO  c.k.v.execute.offline.ResendSchedule [vscu-thread-2] - Executing Resend Schedule
2026-01-23 07:34:30 INFO  c.k.v.execute.offline.ResendSchedule [vscu-thread-2] - Executing Resend Schedule
2026-01-23 07:34:33 INFO  c.k.v.execute.offline.ResendSchedule [vscu-thread-2] - Executing Resend Schedule
2026-01-23 07:34:36 INFO  c.k.v.execute.offline.ResendSchedule [vscu-thread-2] - Executing Resend Schedule
2026-01-23 07:34:39 INFO  c.k.v.execute.offline.ResendSchedule [vscu-thread-2] - Executing Resend Schedule
2026-01-23 07:34:42 INFO  c.k.v.execute.offline.ResendSchedule [vscu-thread-2] - Executing Resend Schedule
2026-01-23 07:34:43 DEBUG com.zaxxer.hikari.pool.HikariPool [HikariPool-1 housekeeper] - HikariPool-1 - Pool stats (total=20, active=0, idle=20, waiting=0)
2026-01-23 07:34:43 DEBUG com.zaxxer.hikari.pool.HikariPool [HikariPool-1 housekeeper] - HikariPool-1 - Fill pool skipped, pool has sufficient level or currently being filled (queueDepth=0).
2026-01-23 07:34:45 INFO  c.k.v.execute.offline.ResendSchedule [vscu-thread-2] - Executing Resend Schedule
2026-01-23 07:34:48 INFO  c.k.v.execute.offline.ResendSchedule [vscu-thread-2] - Executing Resend Schedule
2026-01-23 07:34:51 INFO  c.k.v.execute.offline.ResendSchedule [vscu-thread-2] - Executing Resend Schedule
2026-01-23 07:34:54 INFO  c.k.v.execute.offline.ResendSchedule [vscu-thread-2] - Executing Resend Schedule
2026-01-23 07:34:57 INFO  c.k.v.execute.offline.ResendSchedule [vscu-thread-2] - Executing Resend Schedule
2026-01-23 07:35:00 INFO  c.k.v.execute.offline.ResendSchedule [vscu-thread-1] - Executing Resend Schedule
2026-01-23 07:35:03 INFO  c.k.v.execute.offline.ResendSchedule [vscu-thread-1] - Executing Resend Schedule
2026-01-23 07:35:06 INFO  c.k.v.execute.offline.ResendSchedule [vscu-thread-1] - Executing Resend Schedule
2026-01-23 07:35:09 INFO  c.k.v.execute.offline.ResendSchedule [vscu-thread-1] - Executing Resend Schedule
2026-01-23 07:35:12 INFO  c.k.v.execute.offline.ResendSchedule [vscu-thread-1] - Executing Resend Schedule
2026-01-23 07:35:13 DEBUG com.zaxxer.hikari.pool.HikariPool [HikariPool-1 housekeeper] - HikariPool-1 - Pool stats (total=20, active=0, idle=20, waiting=0)
2026-01-23 07:35:13 DEBUG com.zaxxer.hikari.pool.HikariPool [HikariPool-1 housekeeper] - HikariPool-1 - Fill pool skipped, pool has sufficient level or currently being filled (queueDepth=0).
2026-01-23 07:35:15 INFO  c.k.v.execute.offline.ResendSchedule [vscu-thread-1] - Executing Resend Schedule
2026-01-23 07:35:18 INFO  c.k.v.execute.offline.ResendSchedule [vscu-thread-1] - Executing Resend Schedule
2026-01-23 07:35:21 INFO  c.k.v.execute.offline.ResendSchedule [vscu-thread-1] - Executing Resend Schedule
2026-01-23 07:35:24 INFO  c.k.v.execute.offline.ResendSchedule [vscu-thread-1] - Executing Resend Schedule
2026-01-23 07:35:27 INFO  c.k.v.execute.offline.ResendSchedule [vscu-thread-1] - Executing Resend Schedule
2026-01-23 07:35:30 INFO  c.k.v.execute.offline.ResendSchedule [vscu-thread-1] - Executing Resend Schedule
2026-01-23 07:35:33 INFO  c.k.v.execute.offline.ResendSchedule [vscu-thread-1] - Executing Resend Schedule
2026-01-23 07:35:36 INFO  c.k.v.execute.offline.ResendSchedule [vscu-thread-1] - Executing Resend Schedule
2026-01-23 07:35:39 INFO  c.k.v.execute.offline.ResendSchedule [vscu-thread-1] - Executing Resend Schedule
2026-01-23 07:35:42 INFO  c.k.v.execute.offline.ResendSchedule [vscu-thread-1] - Executing Resend Schedule
2026-01-23 07:35:43 DEBUG com.zaxxer.hikari.pool.HikariPool [HikariPool-1 housekeeper] - HikariPool-1 - Pool stats (total=20, active=0, idle=20, waiting=0)
2026-01-23 07:35:43 DEBUG com.zaxxer.hikari.pool.HikariPool [HikariPool-1 housekeeper] - HikariPool-1 - Fill pool skipped, pool has sufficient level or currently being filled (queueDepth=0).
2026-01-23 07:35:45 INFO  c.k.v.execute.offline.ResendSchedule [vscu-thread-1] - Executing Resend Schedule
2026-01-23 07:35:48 INFO  c.k.v.execute.offline.ResendSchedule [vscu-thread-1] - Executing Resend Schedule
2026-01-23 07:35:51 INFO  c.k.v.execute.offline.ResendSchedule [vscu-thread-1] - Executing Resend Schedule
2026-01-23 07:35:55 INFO  c.k.v.execute.offline.ResendSchedule [vscu-thread-1] - Executing Resend Schedule
2026-01-23 07:35:58 INFO  c.k.v.execute.offline.ResendSchedule [vscu-thread-1] - Executing Resend Schedule
2026-01-23 07:36:01 INFO  c.k.v.execute.offline.ResendSchedule [vscu-thread-1] - Executing Resend Schedule
2026-01-23 07:36:04 INFO  c.k.v.execute.offline.ResendSchedule [vscu-thread-1] - Executing Resend Schedule
2026-01-23 07:36:07 INFO  c.k.v.execute.offline.ResendSchedule [vscu-thread-1] - Executing Resend Schedule
2026-01-23 07:36:10 INFO  c.k.v.execute.offline.ResendSchedule [vscu-thread-1] - Executing Resend Schedule
2026-01-23 07:36:13 INFO  c.k.v.execute.offline.ResendSchedule [vscu-thread-1] - Executing Resend Schedule
2026-01-23 07:36:13 DEBUG com.zaxxer.hikari.pool.HikariPool [HikariPool-1 housekeeper] - HikariPool-1 - Pool stats (total=20, active=0, idle=20, waiting=0)
2026-01-23 07:36:13 DEBUG com.zaxxer.hikari.pool.HikariPool [HikariPool-1 housekeeper] - HikariPool-1 - Fill pool skipped, pool has sufficient level or currently being filled (queueDepth=0).
2026-01-23 07:36:16 INFO  c.k.v.execute.offline.ResendSchedule [vscu-thread-1] - Executing Resend Schedule
2026-01-23 07:36:19 INFO  c.k.v.execute.offline.ResendSchedule [vscu-thread-1] - Executing Resend Schedule
2026-01-23 07:36:22 INFO  c.k.v.execute.offline.ResendSchedule [vscu-thread-1] - Executing Resend Schedule
2026-01-23 07:36:25 INFO  c.k.v.execute.offline.ResendSchedule [vscu-thread-1] - Executing Resend Schedule
2026-01-23 07:36:28 INFO  c.k.v.execute.offline.ResendSchedule [vscu-thread-1] - Executing Resend Schedule
2026-01-23 07:36:31 INFO  c.k.v.execute.offline.ResendSchedule [vscu-thread-1] - Executing Resend Schedule
2026-01-23 07:36:34 INFO  c.k.v.execute.offline.ResendSchedule [vscu-thread-1] - Executing Resend Schedule
2026-01-23 07:36:37 INFO  c.k.v.execute.offline.ResendSchedule [vscu-thread-2] - Executing Resend Schedule
2026-01-23 07:36:40 INFO  c.k.v.execute.offline.ResendSchedule [vscu-thread-2] - Executing Resend Schedule
2026-01-23 07:36:43 INFO  c.k.v.execute.offline.ResendSchedule [vscu-thread-2] - Executing Resend Schedule
2026-01-23 07:36:43 DEBUG com.zaxxer.hikari.pool.HikariPool [HikariPool-1 housekeeper] - HikariPool-1 - Pool stats (total=20, active=0, idle=20, waiting=0)
2026-01-23 07:36:43 DEBUG com.zaxxer.hikari.pool.HikariPool [HikariPool-1 housekeeper] - HikariPool-1 - Fill pool skipped, pool has sufficient level or currently being filled (queueDepth=0).
2026-01-23 07:36:46 INFO  c.k.v.execute.offline.ResendSchedule [vscu-thread-2] - Executing Resend Schedule
2026-01-23 07:36:49 INFO  c.k.v.execute.offline.ResendSchedule [vscu-thread-2] - Executing Resend Schedule
2026-01-23 07:36:52 INFO  c.k.v.execute.offline.ResendSchedule [vscu-thread-2] - Executing Resend Schedule
2026-01-23 07:36:55 INFO  c.k.v.execute.offline.ResendSchedule [vscu-thread-2] - Executing Resend Schedule
2026-01-23 07:36:58 INFO  c.k.v.execute.offline.ResendSchedule [vscu-thread-2] - Executing Resend Schedule
2026-01-23 07:37:01 INFO  c.k.v.execute.offline.ResendSchedule [vscu-thread-2] - Executing Resend Schedule
2026-01-23 07:37:04 INFO  c.k.v.execute.offline.ResendSchedule [vscu-thread-3] - Executing Resend Schedule
2026-01-23 07:37:07 INFO  c.k.v.execute.offline.ResendSchedule [vscu-thread-3] - Executing Resend Schedule
2026-01-23 07:37:10 INFO  c.k.v.execute.offline.ResendSchedule [vscu-thread-3] - Executing Resend Schedule
2026-01-23 07:37:13 INFO  c.k.v.execute.offline.ResendSchedule [vscu-thread-3] - Executing Resend Schedule
2026-01-23 07:37:13 DEBUG com.zaxxer.hikari.pool.HikariPool [HikariPool-1 housekeeper] - HikariPool-1 - Pool stats (total=20, active=0, idle=20, waiting=0)
2026-01-23 07:37:13 DEBUG com.zaxxer.hikari.pool.HikariPool [HikariPool-1 housekeeper] - HikariPool-1 - Fill pool skipped, pool has sufficient level or currently being filled (queueDepth=0).
2026-01-23 07:37:16 INFO  c.k.v.execute.offline.ResendSchedule [vscu-thread-3] - Executing Resend Schedule
2026-01-23 07:37:19 INFO  c.k.v.execute.offline.ResendSchedule [vscu-thread-3] - Executing Resend Schedule
2026-01-23 07:37:22 INFO  c.k.v.execute.offline.ResendSchedule [vscu-thread-3] - Executing Resend Schedule
2026-01-23 07:37:25 INFO  c.k.v.execute.offline.ResendSchedule [vscu-thread-3] - Executing Resend Schedule
2026-01-23 07:37:28 INFO  c.k.v.execute.offline.ResendSchedule [vscu-thread-3] - Executing Resend Schedule
2026-01-23 07:37:31 INFO  c.k.v.execute.offline.ResendSchedule [vscu-thread-3] - Executing Resend Schedule
2026-01-23 07:37:34 INFO  c.k.v.execute.offline.ResendSchedule [vscu-thread-3] - Executing Resend Schedule
2026-01-23 07:37:37 INFO  c.k.v.execute.offline.ResendSchedule [vscu-thread-3] - Executing Resend Schedule
2026-01-23 07:37:40 INFO  c.k.v.execute.offline.ResendSchedule [vscu-thread-3] - Executing Resend Schedule
2026-01-23 07:37:43 DEBUG com.zaxxer.hikari.pool.HikariPool [HikariPool-1 housekeeper] - HikariPool-1 - Pool stats (total=20, active=0, idle=20, waiting=0)
2026-01-23 07:37:43 DEBUG com.zaxxer.hikari.pool.HikariPool [HikariPool-1 housekeeper] - HikariPool-1 - Fill pool skipped, pool has sufficient level or currently being filled (queueDepth=0).
2026-01-23 07:37:43 INFO  c.k.v.execute.offline.ResendSchedule [vscu-thread-3] - Executing Resend Schedule
2026-01-23 07:37:46 INFO  c.k.v.execute.offline.ResendSchedule [vscu-thread-3] - Executing Resend Schedule
2026-01-23 07:37:49 INFO  c.k.v.execute.offline.ResendSchedule [vscu-thread-3] - Executing Resend Schedule
2026-01-23 07:37:52 INFO  c.k.v.execute.offline.ResendSchedule [vscu-thread-3] - Executing Resend Schedule
2026-01-23 07:37:55 INFO  c.k.v.execute.offline.ResendSchedule [vscu-thread-3] - Executing Resend Schedule
2026-01-23 07:37:58 INFO  c.k.v.execute.offline.ResendSchedule [vscu-thread-3] - Executing Resend Schedule
2026-01-23 07:38:01 INFO  c.k.v.execute.offline.ResendSchedule [vscu-thread-3] - Executing Resend Schedule
2026-01-23 07:38:04 INFO  c.k.v.execute.offline.ResendSchedule [vscu-thread-3] - Executing Resend Schedule
2026-01-23 07:38:07 INFO  c.k.v.execute.offline.ResendSchedule [vscu-thread-3] - Executing Resend Schedule
2026-01-23 07:38:10 INFO  c.k.v.execute.offline.ResendSchedule [vscu-thread-3] - Executing Resend Schedule
2026-01-23 07:38:13 DEBUG com.zaxxer.hikari.pool.HikariPool [HikariPool-1 housekeeper] - HikariPool-1 - Pool stats (total=20, active=0, idle=20, waiting=0)
2026-01-23 07:38:13 DEBUG com.zaxxer.hikari.pool.HikariPool [HikariPool-1 housekeeper] - HikariPool-1 - Fill pool skipped, pool has sufficient level or currently being filled (queueDepth=0).
2026-01-23 07:38:13 INFO  c.k.v.execute.offline.ResendSchedule [vscu-thread-3] - Executing Resend Schedule
2026-01-23 07:38:16 INFO  c.k.v.execute.offline.ResendSchedule [vscu-thread-3] - Executing Resend Schedule
2026-01-23 07:38:19 INFO  c.k.v.execute.offline.ResendSchedule [vscu-thread-3] - Executing Resend Schedule
2026-01-23 07:38:22 INFO  c.k.v.execute.offline.ResendSchedule [vscu-thread-3] - Executing Resend Schedule
2026-01-23 07:38:25 INFO  c.k.v.execute.offline.ResendSchedule [vscu-thread-3] - Executing Resend Schedule
2026-01-23 07:38:28 INFO  c.k.v.execute.offline.ResendSchedule [vscu-thread-3] - Executing Resend Schedule
2026-01-23 07:38:31 INFO  c.k.v.execute.offline.ResendSchedule [vscu-thread-3] - Executing Resend Schedule
2026-01-23 07:38:34 INFO  c.k.v.execute.offline.ResendSchedule [vscu-thread-3] - Executing Resend Schedule
2026-01-23 07:38:37 INFO  c.k.v.execute.offline.ResendSchedule [vscu-thread-3] - Executing Resend Schedule
2026-01-23 07:38:40 INFO  c.k.v.execute.offline.ResendSchedule [vscu-thread-3] - Executing Resend Schedule
2026-01-23 07:38:43 DEBUG com.zaxxer.hikari.pool.HikariPool [HikariPool-1 housekeeper] - HikariPool-1 - Pool stats (total=20, active=0, idle=20, waiting=0)
2026-01-23 07:38:43 DEBUG com.zaxxer.hikari.pool.HikariPool [HikariPool-1 housekeeper] - HikariPool-1 - Fill pool skipped, pool has sufficient level or currently being filled (queueDepth=0).
2026-01-23 07:38:43 INFO  c.k.v.execute.offline.ResendSchedule [vscu-thread-3] - Executing Resend Schedule
2026-01-23 07:38:46 INFO  c.k.v.execute.offline.ResendSchedule [vscu-thread-3] - Executing Resend Schedule
2026-01-23 07:38:49 INFO  c.k.v.execute.offline.ResendSchedule [vscu-thread-3] - Executing Resend Schedule
2026-01-23 07:38:52 INFO  c.k.v.execute.offline.ResendSchedule [vscu-thread-3] - Executing Resend Schedule
2026-01-23 07:38:56 INFO  c.k.v.execute.offline.ResendSchedule [vscu-thread-3] - Executing Resend Schedule
2026-01-23 07:38:59 INFO  c.k.v.execute.offline.ResendSchedule [vscu-thread-3] - Executing Resend Schedule
2026-01-23 07:39:02 INFO  c.k.v.execute.offline.ResendSchedule [vscu-thread-3] - Executing Resend Schedule
2026-01-23 07:39:05 INFO  c.k.v.execute.offline.ResendSchedule [vscu-thread-3] - Executing Resend Schedule
2026-01-23 07:39:08 INFO  c.k.v.execute.offline.ResendSchedule [vscu-thread-3] - Executing Resend Schedule
2026-01-23 07:39:11 INFO  c.k.v.execute.offline.ResendSchedule [vscu-thread-3] - Executing Resend Schedule
2026-01-23 07:39:13 DEBUG com.zaxxer.hikari.pool.HikariPool [HikariPool-1 housekeeper] - HikariPool-1 - Pool stats (total=20, active=0, idle=20, waiting=0)
2026-01-23 07:39:13 DEBUG com.zaxxer.hikari.pool.HikariPool [HikariPool-1 housekeeper] - HikariPool-1 - Fill pool skipped, pool has sufficient level or currently being filled (queueDepth=0).
2026-01-23 07:39:14 INFO  c.k.v.execute.offline.ResendSchedule [vscu-thread-3] - Executing Resend Schedule
2026-01-23 07:39:17 INFO  c.k.v.execute.offline.ResendSchedule [vscu-thread-3] - Executing Resend Schedule
2026-01-23 07:39:20 INFO  c.k.v.execute.offline.ResendSchedule [vscu-thread-3] - Executing Resend Schedule
2026-01-23 07:39:23 INFO  c.k.v.execute.offline.ResendSchedule [vscu-thread-3] - Executing Resend Schedule
2026-01-23 07:39:26 INFO  c.k.v.execute.offline.ResendSchedule [vscu-thread-3] - Executing Resend Schedule
2026-01-23 07:39:29 INFO  c.k.v.execute.offline.ResendSchedule [vscu-thread-3] - Executing Resend Schedule
2026-01-23 07:39:32 INFO  c.k.v.execute.offline.ResendSchedule [vscu-thread-3] - Executing Resend Schedule
2026-01-23 07:39:35 INFO  c.k.v.execute.offline.ResendSchedule [vscu-thread-3] - Executing Resend Schedule
2026-01-23 07:39:38 INFO  c.k.v.execute.offline.ResendSchedule [vscu-thread-3] - Executing Resend Schedule
2026-01-23 07:39:41 INFO  c.k.v.execute.offline.ResendSchedule [vscu-thread-3] - Executing Resend Schedule
2026-01-23 07:39:43 DEBUG com.zaxxer.hikari.pool.HikariPool [HikariPool-1 housekeeper] - HikariPool-1 - Pool stats (total=20, active=0, idle=20, waiting=0)
2026-01-23 07:39:43 DEBUG com.zaxxer.hikari.pool.HikariPool [HikariPool-1 housekeeper] - HikariPool-1 - Fill pool skipped, pool has sufficient level or currently being filled (queueDepth=0).
2026-01-23 07:39:44 INFO  c.k.v.execute.offline.ResendSchedule [vscu-thread-3] - Executing Resend Schedule
2026-01-23 07:39:47 INFO  c.k.v.execute.offline.ResendSchedule [vscu-thread-3] - Executing Resend Schedule
2026-01-23 07:39:50 INFO  c.k.v.execute.offline.ResendSchedule [vscu-thread-1] - Executing Resend Schedule
2026-01-23 07:39:53 INFO  c.k.v.execute.offline.ResendSchedule [vscu-thread-1] - Executing Resend Schedule
2026-01-23 07:39:56 INFO  c.k.v.execute.offline.ResendSchedule [vscu-thread-1] - Executing Resend Schedule
2026-01-23 07:39:58 DEBUG com.zaxxer.hikari.pool.PoolBase [HikariPool-1 connection closer] - HikariPool-1 - Closing connection conn82: url=jdbc:h2:mem:testdb user=SA: (connection has passed maxLifetime)
2026-01-23 07:39:58 DEBUG com.zaxxer.hikari.pool.HikariPool [HikariPool-1 connection adder] - HikariPool-1 - Added connection conn100: url=jdbc:h2:mem:testdb user=SA
2026-01-23 07:39:59 INFO  c.k.v.execute.offline.ResendSchedule [vscu-thread-1] - Executing Resend Schedule
2026-01-23 07:40:02 INFO  c.k.v.execute.offline.ResendSchedule [vscu-thread-1] - Executing Resend Schedule
2026-01-23 07:40:03 DEBUG com.zaxxer.hikari.pool.PoolBase [HikariPool-1 connection closer] - HikariPool-1 - Closing connection conn87: url=jdbc:h2:mem:testdb user=SA: (connection has passed maxLifetime)
2026-01-23 07:40:03 DEBUG com.zaxxer.hikari.pool.HikariPool [HikariPool-1 connection adder] - HikariPool-1 - Added connection conn101: url=jdbc:h2:mem:testdb user=SA
2026-01-23 07:40:05 INFO  c.k.v.execute.offline.ResendSchedule [vscu-thread-1] - Executing Resend Schedule
2026-01-23 07:40:05 DEBUG com.zaxxer.hikari.pool.PoolBase [HikariPool-1 connection closer] - HikariPool-1 - Closing connection conn97: url=jdbc:h2:mem:testdb user=SA: (connection has passed maxLifetime)
2026-01-23 07:40:05 DEBUG com.zaxxer.hikari.pool.HikariPool [HikariPool-1 connection adder] - HikariPool-1 - Added connection conn102: url=jdbc:h2:mem:testdb user=SA
2026-01-23 07:40:05 DEBUG com.zaxxer.hikari.pool.PoolBase [HikariPool-1 connection closer] - HikariPool-1 - Closing connection conn93: url=jdbc:h2:mem:testdb user=SA: (connection has passed maxLifetime)
2026-01-23 07:40:05 DEBUG com.zaxxer.hikari.pool.HikariPool [HikariPool-1 connection adder] - HikariPool-1 - Added connection conn103: url=jdbc:h2:mem:testdb user=SA
2026-01-23 07:40:06 DEBUG com.zaxxer.hikari.pool.PoolBase [HikariPool-1 connection closer] - HikariPool-1 - Closing connection conn83: url=jdbc:h2:mem:testdb user=SA: (connection has passed maxLifetime)
2026-01-23 07:40:06 DEBUG com.zaxxer.hikari.pool.HikariPool [HikariPool-1 connection adder] - HikariPool-1 - Added connection conn104: url=jdbc:h2:mem:testdb user=SA
2026-01-23 07:40:07 DEBUG com.zaxxer.hikari.pool.PoolBase [HikariPool-1 connection closer] - HikariPool-1 - Closing connection conn88: url=jdbc:h2:mem:testdb user=SA: (connection has passed maxLifetime)
2026-01-23 07:40:07 DEBUG com.zaxxer.hikari.pool.HikariPool [HikariPool-1 connection adder] - HikariPool-1 - Added connection conn105: url=jdbc:h2:mem:testdb user=SA
2026-01-23 07:40:08 INFO  c.k.v.execute.offline.ResendSchedule [vscu-thread-1] - Executing Resend Schedule
2026-01-23 07:40:08 DEBUG com.zaxxer.hikari.pool.PoolBase [HikariPool-1 connection closer] - HikariPool-1 - Closing connection conn96: url=jdbc:h2:mem:testdb user=SA: (connection has passed maxLifetime)
2026-01-23 07:40:08 DEBUG com.zaxxer.hikari.pool.HikariPool [HikariPool-1 connection adder] - HikariPool-1 - Added connection conn106: url=jdbc:h2:mem:testdb user=SA
2026-01-23 07:40:11 INFO  c.k.v.execute.offline.ResendSchedule [vscu-thread-1] - Executing Resend Schedule
2026-01-23 07:40:13 DEBUG com.zaxxer.hikari.pool.HikariPool [HikariPool-1 housekeeper] - HikariPool-1 - Pool stats (total=20, active=0, idle=20, waiting=0)
2026-01-23 07:40:13 DEBUG com.zaxxer.hikari.pool.HikariPool [HikariPool-1 housekeeper] - HikariPool-1 - Fill pool skipped, pool has sufficient level or currently being filled (queueDepth=0).
2026-01-23 07:40:14 INFO  c.k.v.execute.offline.ResendSchedule [vscu-thread-1] - Executing Resend Schedule
2026-01-23 07:40:15 DEBUG com.zaxxer.hikari.pool.PoolBase [HikariPool-1 connection closer] - HikariPool-1 - Closing connection conn98: url=jdbc:h2:mem:testdb user=SA: (connection has passed maxLifetime)
2026-01-23 07:40:15 DEBUG com.zaxxer.hikari.pool.HikariPool [HikariPool-1 connection adder] - HikariPool-1 - Added connection conn107: url=jdbc:h2:mem:testdb user=SA
2026-01-23 07:40:15 DEBUG com.zaxxer.hikari.pool.PoolBase [HikariPool-1 connection closer] - HikariPool-1 - Closing connection conn81: url=jdbc:h2:mem:testdb user=SA: (connection has passed maxLifetime)
2026-01-23 07:40:15 DEBUG com.zaxxer.hikari.pool.HikariPool [HikariPool-1 connection adder] - HikariPool-1 - Added connection conn108: url=jdbc:h2:mem:testdb user=SA
2026-01-23 07:40:17 DEBUG com.zaxxer.hikari.pool.PoolBase [HikariPool-1 connection closer] - HikariPool-1 - Closing connection conn90: url=jdbc:h2:mem:testdb user=SA: (connection has passed maxLifetime)
2026-01-23 07:40:17 DEBUG com.zaxxer.hikari.pool.HikariPool [HikariPool-1 connection adder] - HikariPool-1 - Added connection conn109: url=jdbc:h2:mem:testdb user=SA
2026-01-23 07:40:17 INFO  c.k.v.execute.offline.ResendSchedule [vscu-thread-1] - Executing Resend Schedule
2026-01-23 07:40:18 DEBUG com.zaxxer.hikari.pool.PoolBase [HikariPool-1 connection closer] - HikariPool-1 - Closing connection conn80: url=jdbc:h2:mem:testdb user=SA: (connection has passed maxLifetime)
2026-01-23 07:40:18 DEBUG com.zaxxer.hikari.pool.HikariPool [HikariPool-1 connection adder] - HikariPool-1 - Added connection conn110: url=jdbc:h2:mem:testdb user=SA
2026-01-23 07:40:18 DEBUG com.zaxxer.hikari.pool.PoolBase [HikariPool-1 connection closer] - HikariPool-1 - Closing connection conn89: url=jdbc:h2:mem:testdb user=SA: (connection has passed maxLifetime)
2026-01-23 07:40:18 DEBUG com.zaxxer.hikari.pool.HikariPool [HikariPool-1 connection adder] - HikariPool-1 - Added connection conn111: url=jdbc:h2:mem:testdb user=SA
2026-01-23 07:40:19 DEBUG com.zaxxer.hikari.pool.PoolBase [HikariPool-1 connection closer] - HikariPool-1 - Closing connection conn99: url=jdbc:h2:mem:testdb user=SA: (connection has passed maxLifetime)
2026-01-23 07:40:19 DEBUG com.zaxxer.hikari.pool.HikariPool [HikariPool-1 connection adder] - HikariPool-1 - Added connection conn112: url=jdbc:h2:mem:testdb user=SA
2026-01-23 07:40:20 INFO  c.k.v.execute.offline.ResendSchedule [vscu-thread-3] - Executing Resend Schedule
2026-01-23 07:40:23 INFO  c.k.v.execute.offline.ResendSchedule [vscu-thread-3] - Executing Resend Schedule
2026-01-23 07:40:24 DEBUG com.zaxxer.hikari.pool.PoolBase [HikariPool-1 connection closer] - HikariPool-1 - Closing connection conn85: url=jdbc:h2:mem:testdb user=SA: (connection has passed maxLifetime)
2026-01-23 07:40:24 DEBUG com.zaxxer.hikari.pool.HikariPool [HikariPool-1 connection adder] - HikariPool-1 - Added connection conn113: url=jdbc:h2:mem:testdb user=SA
2026-01-23 07:40:24 DEBUG com.zaxxer.hikari.pool.PoolBase [HikariPool-1 connection closer] - HikariPool-1 - Closing connection conn94: url=jdbc:h2:mem:testdb user=SA: (connection has passed maxLifetime)
2026-01-23 07:40:24 DEBUG com.zaxxer.hikari.pool.HikariPool [HikariPool-1 connection adder] - HikariPool-1 - Added connection conn114: url=jdbc:h2:mem:testdb user=SA
2026-01-23 07:40:26 INFO  c.k.v.execute.offline.ResendSchedule [vscu-thread-3] - Executing Resend Schedule
2026-01-23 07:40:28 DEBUG com.zaxxer.hikari.pool.PoolBase [HikariPool-1 connection closer] - HikariPool-1 - Closing connection conn92: url=jdbc:h2:mem:testdb user=SA: (connection has passed maxLifetime)
2026-01-23 07:40:28 DEBUG com.zaxxer.hikari.pool.HikariPool [HikariPool-1 connection adder] - HikariPool-1 - Added connection conn115: url=jdbc:h2:mem:testdb user=SA
2026-01-23 07:40:29 INFO  c.k.v.execute.offline.ResendSchedule [vscu-thread-3] - Executing Resend Schedule
2026-01-23 07:40:32 INFO  c.k.v.execute.offline.ResendSchedule [vscu-thread-3] - Executing Resend Schedule
2026-01-23 07:40:33 DEBUG com.zaxxer.hikari.pool.PoolBase [HikariPool-1 connection closer] - HikariPool-1 - Closing connection conn95: url=jdbc:h2:mem:testdb user=SA: (connection has passed maxLifetime)
2026-01-23 07:40:33 DEBUG com.zaxxer.hikari.pool.HikariPool [HikariPool-1 connection adder] - HikariPool-1 - Added connection conn116: url=jdbc:h2:mem:testdb user=SA
2026-01-23 07:40:35 DEBUG com.zaxxer.hikari.pool.PoolBase [HikariPool-1 connection closer] - HikariPool-1 - Closing connection conn86: url=jdbc:h2:mem:testdb user=SA: (connection has passed maxLifetime)
2026-01-23 07:40:35 DEBUG com.zaxxer.hikari.pool.HikariPool [HikariPool-1 connection adder] - HikariPool-1 - Added connection conn117: url=jdbc:h2:mem:testdb user=SA
2026-01-23 07:40:35 INFO  c.k.v.execute.offline.ResendSchedule [vscu-thread-3] - Executing Resend Schedule
2026-01-23 07:40:35 DEBUG com.zaxxer.hikari.pool.PoolBase [HikariPool-1 connection closer] - HikariPool-1 - Closing connection conn91: url=jdbc:h2:mem:testdb user=SA: (connection has passed maxLifetime)
2026-01-23 07:40:35 DEBUG com.zaxxer.hikari.pool.HikariPool [HikariPool-1 connection adder] - HikariPool-1 - Added connection conn118: url=jdbc:h2:mem:testdb user=SA
2026-01-23 07:40:38 INFO  c.k.v.execute.offline.ResendSchedule [vscu-thread-1] - Executing Resend Schedule
2026-01-23 07:40:41 INFO  c.k.v.execute.offline.ResendSchedule [vscu-thread-1] - Executing Resend Schedule
2026-01-23 07:40:42 DEBUG com.zaxxer.hikari.pool.PoolBase [HikariPool-1 connection closer] - HikariPool-1 - Closing connection conn84: url=jdbc:h2:mem:testdb user=SA: (connection has passed maxLifetime)
2026-01-23 07:40:42 DEBUG com.zaxxer.hikari.pool.HikariPool [HikariPool-1 connection adder] - HikariPool-1 - Added connection conn119: url=jdbc:h2:mem:testdb user=SA
2026-01-23 07:40:43 DEBUG com.zaxxer.hikari.pool.HikariPool [HikariPool-1 housekeeper] - HikariPool-1 - Pool stats (total=20, active=0, idle=20, waiting=0)
2026-01-23 07:40:43 DEBUG com.zaxxer.hikari.pool.HikariPool [HikariPool-1 housekeeper] - HikariPool-1 - Fill pool skipped, pool has sufficient level or currently being filled (queueDepth=0).
2026-01-23 07:40:44 INFO  c.k.v.execute.offline.ResendSchedule [vscu-thread-1] - Executing Resend Schedule
2026-01-23 07:40:47 INFO  c.k.v.execute.offline.ResendSchedule [vscu-thread-1] - Executing Resend Schedule
2026-01-23 07:40:50 INFO  c.k.v.execute.offline.ResendSchedule [vscu-thread-1] - Executing Resend Schedule
2026-01-23 07:40:53 INFO  c.k.v.execute.offline.ResendSchedule [vscu-thread-1] - Executing Resend Schedule
2026-01-23 07:40:56 INFO  c.k.v.execute.offline.ResendSchedule [vscu-thread-1] - Executing Resend Schedule
2026-01-23 07:40:59 INFO  c.k.v.execute.offline.ResendSchedule [vscu-thread-1] - Executing Resend Schedule
2026-01-23 07:41:02 INFO  c.k.v.execute.offline.ResendSchedule [vscu-thread-1] - Executing Resend Schedule
2026-01-23 07:41:05 INFO  c.k.v.execute.offline.ResendSchedule [vscu-thread-1] - Executing Resend Schedule
2026-01-23 07:41:08 INFO  c.k.v.execute.offline.ResendSchedule [vscu-thread-1] - Executing Resend Schedule
2026-01-23 07:41:11 INFO  c.k.v.execute.offline.ResendSchedule [vscu-thread-1] - Executing Resend Schedule
2026-01-23 07:41:13 DEBUG com.zaxxer.hikari.pool.HikariPool [HikariPool-1 housekeeper] - HikariPool-1 - Pool stats (total=20, active=0, idle=20, waiting=0)
2026-01-23 07:41:13 DEBUG com.zaxxer.hikari.pool.HikariPool [HikariPool-1 housekeeper] - HikariPool-1 - Fill pool skipped, pool has sufficient level or currently being filled (queueDepth=0).
2026-01-23 07:41:14 INFO  c.k.v.execute.offline.ResendSchedule [vscu-thread-1] - Executing Resend Schedule
2026-01-23 07:41:17 INFO  c.k.v.execute.offline.ResendSchedule [vscu-thread-1] - Executing Resend Schedule
2026-01-23 07:41:20 INFO  c.k.v.execute.offline.ResendSchedule [vscu-thread-1] - Executing Resend Schedule
2026-01-23 07:41:23 INFO  c.k.v.execute.offline.ResendSchedule [vscu-thread-1] - Executing Resend Schedule
2026-01-23 07:41:26 INFO  c.k.v.execute.offline.ResendSchedule [vscu-thread-1] - Executing Resend Schedule
2026-01-23 07:41:29 INFO  c.k.v.execute.offline.ResendSchedule [vscu-thread-1] - Executing Resend Schedule
2026-01-23 07:41:32 INFO  c.k.v.execute.offline.ResendSchedule [vscu-thread-1] - Executing Resend Schedule
2026-01-23 07:41:35 INFO  c.k.v.execute.offline.ResendSchedule [vscu-thread-1] - Executing Resend Schedule
2026-01-23 07:41:38 INFO  c.k.v.execute.offline.ResendSchedule [vscu-thread-1] - Executing Resend Schedule
2026-01-23 07:41:41 INFO  c.k.v.execute.offline.ResendSchedule [vscu-thread-1] - Executing Resend Schedule
2026-01-23 07:41:43 DEBUG com.zaxxer.hikari.pool.HikariPool [HikariPool-1 housekeeper] - HikariPool-1 - Pool stats (total=20, active=0, idle=20, waiting=0)
2026-01-23 07:41:43 DEBUG com.zaxxer.hikari.pool.HikariPool [HikariPool-1 housekeeper] - HikariPool-1 - Fill pool skipped, pool has sufficient level or currently being filled (queueDepth=0).
2026-01-23 07:41:44 INFO  c.k.v.execute.offline.ResendSchedule [vscu-thread-1] - Executing Resend Schedule
2026-01-23 07:41:47 INFO  c.k.v.execute.offline.ResendSchedule [vscu-thread-1] - Executing Resend Schedule
2026-01-23 07:41:50 INFO  c.k.v.execute.offline.ResendSchedule [vscu-thread-1] - Executing Resend Schedule
2026-01-23 07:41:53 INFO  c.k.v.execute.offline.ResendSchedule [vscu-thread-1] - Executing Resend Schedule
2026-01-23 07:41:56 INFO  c.k.v.execute.offline.ResendSchedule [vscu-thread-1] - Executing Resend Schedule
2026-01-23 07:41:59 INFO  c.k.v.execute.offline.ResendSchedule [vscu-thread-1] - Executing Resend Schedule
2026-01-23 07:42:03 INFO  c.k.v.execute.offline.ResendSchedule [vscu-thread-1] - Executing Resend Schedule
2026-01-23 07:42:06 INFO  c.k.v.execute.offline.ResendSchedule [vscu-thread-1] - Executing Resend Schedule
2026-01-23 07:42:09 INFO  c.k.v.execute.offline.ResendSchedule [vscu-thread-1] - Executing Resend Schedule
2026-01-23 07:42:12 INFO  c.k.v.execute.offline.ResendSchedule [vscu-thread-1] - Executing Resend Schedule
2026-01-23 07:42:13 DEBUG com.zaxxer.hikari.pool.HikariPool [HikariPool-1 housekeeper] - HikariPool-1 - Pool stats (total=20, active=0, idle=20, waiting=0)
2026-01-23 07:42:13 DEBUG com.zaxxer.hikari.pool.HikariPool [HikariPool-1 housekeeper] - HikariPool-1 - Fill pool skipped, pool has sufficient level or currently being filled (queueDepth=0).
2026-01-23 07:42:15 INFO  c.k.v.execute.offline.ResendSchedule [vscu-thread-1] - Executing Resend Schedule
2026-01-23 07:42:18 INFO  c.k.v.execute.offline.ResendSchedule [vscu-thread-1] - Executing Resend Schedule
2026-01-23 07:42:21 INFO  c.k.v.execute.offline.ResendSchedule [vscu-thread-1] - Executing Resend Schedule
2026-01-23 07:42:24 INFO  c.k.v.execute.offline.ResendSchedule [vscu-thread-1] - Executing Resend Schedule
2026-01-23 07:42:27 INFO  c.k.v.execute.offline.ResendSchedule [vscu-thread-1] - Executing Resend Schedule
2026-01-23 07:42:30 INFO  c.k.v.execute.offline.ResendSchedule [vscu-thread-1] - Executing Resend Schedule
2026-01-23 07:42:33 INFO  c.k.v.execute.offline.ResendSchedule [vscu-thread-1] - Executing Resend Schedule
2026-01-23 07:42:36 INFO  c.k.v.execute.offline.ResendSchedule [vscu-thread-1] - Executing Resend Schedule
2026-01-23 07:42:39 INFO  c.k.v.execute.offline.ResendSchedule [vscu-thread-1] - Executing Resend Schedule
2026-01-23 07:42:42 INFO  c.k.v.execute.offline.ResendSchedule [vscu-thread-1] - Executing Resend Schedule
2026-01-23 07:42:43 DEBUG com.zaxxer.hikari.pool.HikariPool [HikariPool-1 housekeeper] - HikariPool-1 - Pool stats (total=20, active=0, idle=20, waiting=0)
2026-01-23 07:42:43 DEBUG com.zaxxer.hikari.pool.HikariPool [HikariPool-1 housekeeper] - HikariPool-1 - Fill pool skipped, pool has sufficient level or currently being filled (queueDepth=0).
2026-01-23 07:42:45 INFO  c.k.v.execute.offline.ResendSchedule [vscu-thread-1] - Executing Resend Schedule
2026-01-23 07:42:48 INFO  c.k.v.execute.offline.ResendSchedule [vscu-thread-1] - Executing Resend Schedule
2026-01-23 07:42:51 INFO  c.k.v.execute.offline.ResendSchedule [vscu-thread-1] - Executing Resend Schedule
2026-01-23 07:42:54 INFO  c.k.v.execute.offline.ResendSchedule [vscu-thread-2] - Executing Resend Schedule
2026-01-23 07:42:57 INFO  c.k.v.execute.offline.ResendSchedule [vscu-thread-2] - Executing Resend Schedule
2026-01-23 07:43:00 INFO  c.k.v.execute.offline.ResendSchedule [vscu-thread-2] - Executing Resend Schedule
2026-01-23 07:43:03 INFO  c.k.v.execute.offline.ResendSchedule [vscu-thread-2] - Executing Resend Schedule
2026-01-23 07:43:06 INFO  c.k.v.execute.offline.ResendSchedule [vscu-thread-2] - Executing Resend Schedule
2026-01-23 07:43:09 INFO  c.k.v.execute.offline.ResendSchedule [vscu-thread-2] - Executing Resend Schedule
2026-01-23 07:43:12 INFO  c.k.v.execute.offline.ResendSchedule [vscu-thread-2] - Executing Resend Schedule
2026-01-23 07:43:13 DEBUG com.zaxxer.hikari.pool.HikariPool [HikariPool-1 housekeeper] - HikariPool-1 - Pool stats (total=20, active=0, idle=20, waiting=0)
2026-01-23 07:43:13 DEBUG com.zaxxer.hikari.pool.HikariPool [HikariPool-1 housekeeper] - HikariPool-1 - Fill pool skipped, pool has sufficient level or currently being filled (queueDepth=0).
2026-01-23 07:43:15 INFO  c.k.v.execute.offline.ResendSchedule [vscu-thread-2] - Executing Resend Schedule
2026-01-23 07:43:18 INFO  c.k.v.execute.offline.ResendSchedule [vscu-thread-2] - Executing Resend Schedule
2026-01-23 07:43:21 INFO  c.k.v.execute.offline.ResendSchedule [vscu-thread-2] - Executing Resend Schedule
2026-01-23 07:43:24 INFO  c.k.v.execute.offline.ResendSchedule [vscu-thread-2] - Executing Resend Schedule
2026-01-23 07:43:27 INFO  c.k.v.execute.offline.ResendSchedule [vscu-thread-2] - Executing Resend Schedule
2026-01-23 07:43:30 INFO  c.k.v.execute.offline.ResendSchedule [vscu-thread-2] - Executing Resend Schedule
2026-01-23 07:43:33 INFO  c.k.v.execute.offline.ResendSchedule [vscu-thread-2] - Executing Resend Schedule
2026-01-23 07:43:36 INFO  c.k.v.execute.offline.ResendSchedule [vscu-thread-2] - Executing Resend Schedule
2026-01-23 07:43:39 INFO  c.k.v.execute.offline.ResendSchedule [vscu-thread-2] - Executing Resend Schedule
2026-01-23 07:43:42 INFO  c.k.v.execute.offline.ResendSchedule [vscu-thread-2] - Executing Resend Schedule
2026-01-23 07:43:43 DEBUG com.zaxxer.hikari.pool.HikariPool [HikariPool-1 housekeeper] - HikariPool-1 - Pool stats (total=20, active=0, idle=20, waiting=0)
2026-01-23 07:43:43 DEBUG com.zaxxer.hikari.pool.HikariPool [HikariPool-1 housekeeper] - HikariPool-1 - Fill pool skipped, pool has sufficient level or currently being filled (queueDepth=0).
2026-01-23 07:43:45 INFO  c.k.v.execute.offline.ResendSchedule [vscu-thread-2] - Executing Resend Schedule
2026-01-23 07:43:48 INFO  c.k.v.execute.offline.ResendSchedule [vscu-thread-2] - Executing Resend Schedule
2026-01-23 07:43:51 INFO  c.k.v.execute.offline.ResendSchedule [vscu-thread-2] - Executing Resend Schedule
2026-01-23 07:43:54 INFO  c.k.v.execute.offline.ResendSchedule [vscu-thread-2] - Executing Resend Schedule
2026-01-23 07:43:57 INFO  c.k.v.execute.offline.ResendSchedule [vscu-thread-2] - Executing Resend Schedule
2026-01-23 07:44:00 INFO  c.k.v.execute.offline.ResendSchedule [vscu-thread-2] - Executing Resend Schedule
2026-01-23 07:44:03 INFO  c.k.v.execute.offline.ResendSchedule [vscu-thread-2] - Executing Resend Schedule
2026-01-23 07:44:07 INFO  c.k.v.execute.offline.ResendSchedule [vscu-thread-2] - Executing Resend Schedule
2026-01-23 07:44:10 INFO  c.k.v.execute.offline.ResendSchedule [vscu-thread-2] - Executing Resend Schedule
2026-01-23 07:44:13 INFO  c.k.v.execute.offline.ResendSchedule [vscu-thread-2] - Executing Resend Schedule
2026-01-23 07:44:13 DEBUG com.zaxxer.hikari.pool.HikariPool [HikariPool-1 housekeeper] - HikariPool-1 - Pool stats (total=20, active=0, idle=20, waiting=0)
2026-01-23 07:44:13 DEBUG com.zaxxer.hikari.pool.HikariPool [HikariPool-1 housekeeper] - HikariPool-1 - Fill pool skipped, pool has sufficient level or currently being filled (queueDepth=0).
2026-01-23 07:44:16 INFO  c.k.v.execute.offline.ResendSchedule [vscu-thread-2] - Executing Resend Schedule
2026-01-23 07:44:19 INFO  c.k.v.execute.offline.ResendSchedule [vscu-thread-2] - Executing Resend Schedule
2026-01-23 07:44:22 INFO  c.k.v.execute.offline.ResendSchedule [vscu-thread-2] - Executing Resend Schedule
2026-01-23 07:44:25 INFO  c.k.v.execute.offline.ResendSchedule [vscu-thread-2] - Executing Resend Schedule
2026-01-23 07:44:28 INFO  c.k.v.execute.offline.ResendSchedule [vscu-thread-2] - Executing Resend Schedule
2026-01-23 07:44:31 INFO  c.k.v.execute.offline.ResendSchedule [vscu-thread-2] - Executing Resend Schedule
2026-01-23 07:44:34 INFO  c.k.v.execute.offline.ResendSchedule [vscu-thread-2] - Executing Resend Schedule
2026-01-23 07:44:37 INFO  c.k.v.execute.offline.ResendSchedule [vscu-thread-2] - Executing Resend Schedule
2026-01-23 07:44:40 INFO  c.k.v.execute.offline.ResendSchedule [vscu-thread-2] - Executing Resend Schedule
2026-01-23 07:44:43 DEBUG com.zaxxer.hikari.pool.HikariPool [HikariPool-1 housekeeper] - HikariPool-1 - Pool stats (total=20, active=0, idle=20, waiting=0)
2026-01-23 07:44:43 DEBUG com.zaxxer.hikari.pool.HikariPool [HikariPool-1 housekeeper] - HikariPool-1 - Fill pool skipped, pool has sufficient level or currently being filled (queueDepth=0).
2026-01-23 07:44:43 INFO  c.k.v.execute.offline.ResendSchedule [vscu-thread-2] - Executing Resend Schedule
2026-01-23 07:44:46 INFO  c.k.v.execute.offline.ResendSchedule [vscu-thread-2] - Executing Resend Schedule
2026-01-23 07:44:49 INFO  c.k.v.execute.offline.ResendSchedule [vscu-thread-2] - Executing Resend Schedule
2026-01-23 07:44:52 INFO  c.k.v.execute.offline.ResendSchedule [vscu-thread-2] - Executing Resend Schedule
2026-01-23 07:44:55 INFO  c.k.v.execute.offline.ResendSchedule [vscu-thread-2] - Executing Resend Schedule
2026-01-23 07:44:58 INFO  c.k.v.execute.offline.ResendSchedule [vscu-thread-2] - Executing Resend Schedule
2026-01-23 07:45:01 INFO  c.k.v.execute.offline.ResendSchedule [vscu-thread-2] - Executing Resend Schedule
2026-01-23 07:45:05 INFO  c.k.v.execute.offline.ResendSchedule [vscu-thread-2] - Executing Resend Schedule
2026-01-23 07:45:08 INFO  c.k.v.execute.offline.ResendSchedule [vscu-thread-2] - Executing Resend Schedule
2026-01-23 07:45:11 INFO  c.k.v.execute.offline.ResendSchedule [vscu-thread-2] - Executing Resend Schedule
2026-01-23 07:45:13 DEBUG com.zaxxer.hikari.pool.HikariPool [HikariPool-1 housekeeper] - HikariPool-1 - Pool stats (total=20, active=0, idle=20, waiting=0)
2026-01-23 07:45:13 DEBUG com.zaxxer.hikari.pool.HikariPool [HikariPool-1 housekeeper] - HikariPool-1 - Fill pool skipped, pool has sufficient level or currently being filled (queueDepth=0).
2026-01-23 07:45:14 INFO  c.k.v.execute.offline.ResendSchedule [vscu-thread-2] - Executing Resend Schedule
2026-01-23 07:45:17 INFO  c.k.v.execute.offline.ResendSchedule [vscu-thread-2] - Executing Resend Schedule
2026-01-23 07:45:20 INFO  c.k.v.execute.offline.ResendSchedule [vscu-thread-2] - Executing Resend Schedule
2026-01-23 07:45:23 INFO  c.k.v.execute.offline.ResendSchedule [vscu-thread-2] - Executing Resend Schedule
2026-01-23 07:45:26 INFO  c.k.v.execute.offline.ResendSchedule [vscu-thread-2] - Executing Resend Schedule
2026-01-23 07:45:29 INFO  c.k.v.execute.offline.ResendSchedule [vscu-thread-2] - Executing Resend Schedule
2026-01-23 07:45:32 INFO  c.k.v.execute.offline.ResendSchedule [vscu-thread-2] - Executing Resend Schedule
2026-01-23 07:45:35 INFO  c.k.v.execute.offline.ResendSchedule [vscu-thread-2] - Executing Resend Schedule
2026-01-23 07:45:38 INFO  c.k.v.execute.offline.ResendSchedule [vscu-thread-2] - Executing Resend Schedule
2026-01-23 07:45:41 INFO  c.k.v.execute.offline.ResendSchedule [vscu-thread-2] - Executing Resend Schedule
2026-01-23 07:45:43 DEBUG com.zaxxer.hikari.pool.HikariPool [HikariPool-1 housekeeper] - HikariPool-1 - Pool stats (total=20, active=0, idle=20, waiting=0)
2026-01-23 07:45:43 DEBUG com.zaxxer.hikari.pool.HikariPool [HikariPool-1 housekeeper] - HikariPool-1 - Fill pool skipped, pool has sufficient level or currently being filled (queueDepth=0).
2026-01-23 07:45:44 INFO  c.k.v.execute.offline.ResendSchedule [vscu-thread-2] - Executing Resend Schedule
2026-01-23 07:45:47 INFO  c.k.v.execute.offline.ResendSchedule [vscu-thread-2] - Executing Resend Schedule
2026-01-23 07:45:50 INFO  c.k.v.execute.offline.ResendSchedule [vscu-thread-2] - Executing Resend Schedule
2026-01-23 07:45:53 INFO  c.k.v.execute.offline.ResendSchedule [vscu-thread-2] - Executing Resend Schedule
2026-01-23 07:45:56 INFO  c.k.v.execute.offline.ResendSchedule [vscu-thread-2] - Executing Resend Schedule
2026-01-23 07:45:59 INFO  c.k.v.execute.offline.ResendSchedule [vscu-thread-3] - Executing Resend Schedule
2026-01-23 07:46:02 INFO  c.k.v.execute.offline.ResendSchedule [vscu-thread-3] - Executing Resend Schedule
2026-01-23 07:46:05 INFO  c.k.v.execute.offline.ResendSchedule [vscu-thread-2] - Executing Resend Schedule
2026-01-23 07:46:08 INFO  c.k.v.execute.offline.ResendSchedule [vscu-thread-2] - Executing Resend Schedule
2026-01-23 07:46:11 INFO  c.k.v.execute.offline.ResendSchedule [vscu-thread-3] - Executing Resend Schedule
2026-01-23 07:46:13 DEBUG com.zaxxer.hikari.pool.HikariPool [HikariPool-1 housekeeper] - HikariPool-1 - Pool stats (total=20, active=0, idle=20, waiting=0)
2026-01-23 07:46:13 DEBUG com.zaxxer.hikari.pool.HikariPool [HikariPool-1 housekeeper] - HikariPool-1 - Fill pool skipped, pool has sufficient level or currently being filled (queueDepth=0).
2026-01-23 07:46:14 INFO  c.k.v.execute.offline.ResendSchedule [vscu-thread-3] - Executing Resend Schedule
2026-01-23 07:46:17 INFO  c.k.v.execute.offline.ResendSchedule [vscu-thread-3] - Executing Resend Schedule
2026-01-23 07:46:20 INFO  c.k.v.execute.offline.ResendSchedule [vscu-thread-3] - Executing Resend Schedule
2026-01-23 07:46:23 INFO  c.k.v.execute.offline.ResendSchedule [vscu-thread-3] - Executing Resend Schedule
2026-01-23 07:46:26 INFO  c.k.v.execute.offline.ResendSchedule [vscu-thread-3] - Executing Resend Schedule
2026-01-23 07:46:29 INFO  c.k.v.execute.offline.ResendSchedule [vscu-thread-3] - Executing Resend Schedule
2026-01-23 07:46:32 INFO  c.k.v.execute.offline.ResendSchedule [vscu-thread-3] - Executing Resend Schedule
2026-01-23 07:46:35 INFO  c.k.v.execute.offline.ResendSchedule [vscu-thread-3] - Executing Resend Schedule
2026-01-23 07:46:38 INFO  c.k.v.execute.offline.ResendSchedule [vscu-thread-3] - Executing Resend Schedule
2026-01-23 07:46:41 INFO  c.k.v.execute.offline.ResendSchedule [vscu-thread-3] - Executing Resend Schedule
2026-01-23 07:46:43 DEBUG com.zaxxer.hikari.pool.HikariPool [HikariPool-1 housekeeper] - HikariPool-1 - Pool stats (total=20, active=0, idle=20, waiting=0)
2026-01-23 07:46:43 DEBUG com.zaxxer.hikari.pool.HikariPool [HikariPool-1 housekeeper] - HikariPool-1 - Fill pool skipped, pool has sufficient level or currently being filled (queueDepth=0).
2026-01-23 07:46:44 INFO  c.k.v.execute.offline.ResendSchedule [vscu-thread-3] - Executing Resend Schedule
2026-01-23 07:46:47 INFO  c.k.v.execute.offline.ResendSchedule [vscu-thread-3] - Executing Resend Schedule
2026-01-23 07:46:50 INFO  c.k.v.execute.offline.ResendSchedule [vscu-thread-3] - Executing Resend Schedule
2026-01-23 07:46:53 INFO  c.k.v.execute.offline.ResendSchedule [vscu-thread-3] - Executing Resend Schedule
2026-01-23 07:46:56 INFO  c.k.v.execute.offline.ResendSchedule [vscu-thread-3] - Executing Resend Schedule
2026-01-23 07:46:59 INFO  c.k.v.execute.offline.ResendSchedule [vscu-thread-3] - Executing Resend Schedule
2026-01-23 07:47:02 INFO  c.k.v.execute.offline.ResendSchedule [vscu-thread-3] - Executing Resend Schedule
2026-01-23 07:47:05 INFO  c.k.v.execute.offline.ResendSchedule [vscu-thread-3] - Executing Resend Schedule
2026-01-23 07:47:08 INFO  c.k.v.execute.offline.ResendSchedule [vscu-thread-3] - Executing Resend Schedule
2026-01-23 07:47:11 INFO  c.k.v.execute.offline.ResendSchedule [vscu-thread-3] - Executing Resend Schedule
2026-01-23 07:47:13 DEBUG com.zaxxer.hikari.pool.HikariPool [HikariPool-1 housekeeper] - HikariPool-1 - Pool stats (total=20, active=0, idle=20, waiting=0)
2026-01-23 07:47:13 DEBUG com.zaxxer.hikari.pool.HikariPool [HikariPool-1 housekeeper] - HikariPool-1 - Fill pool skipped, pool has sufficient level or currently being filled (queueDepth=0).
2026-01-23 07:47:14 INFO  c.k.v.execute.offline.ResendSchedule [vscu-thread-3] - Executing Resend Schedule
2026-01-23 07:47:17 INFO  c.k.v.execute.offline.ResendSchedule [vscu-thread-3] - Executing Resend Schedule
2026-01-23 07:47:20 INFO  c.k.v.execute.offline.ResendSchedule [vscu-thread-3] - Executing Resend Schedule
2026-01-23 07:47:23 INFO  c.k.v.execute.offline.ResendSchedule [vscu-thread-3] - Executing Resend Schedule
2026-01-23 07:47:26 INFO  c.k.v.execute.offline.ResendSchedule [vscu-thread-3] - Executing Resend Schedule
2026-01-23 07:47:29 INFO  c.k.v.execute.offline.ResendSchedule [vscu-thread-3] - Executing Resend Schedule
2026-01-23 07:47:32 INFO  c.k.v.execute.offline.ResendSchedule [vscu-thread-3] - Executing Resend Schedule
2026-01-23 07:47:35 INFO  c.k.v.execute.offline.ResendSchedule [vscu-thread-3] - Executing Resend Schedule
2026-01-23 07:47:38 INFO  c.k.v.execute.offline.ResendSchedule [vscu-thread-3] - Executing Resend Schedule
2026-01-23 07:47:41 INFO  c.k.v.execute.offline.ResendSchedule [vscu-thread-3] - Executing Resend Schedule
2026-01-23 07:47:43 DEBUG com.zaxxer.hikari.pool.HikariPool [HikariPool-1 housekeeper] - HikariPool-1 - Pool stats (total=20, active=0, idle=20, waiting=0)
2026-01-23 07:47:43 DEBUG com.zaxxer.hikari.pool.HikariPool [HikariPool-1 housekeeper] - HikariPool-1 - Fill pool skipped, pool has sufficient level or currently being filled (queueDepth=0).
2026-01-23 07:47:44 INFO  c.k.v.execute.offline.ResendSchedule [vscu-thread-1] - Executing Resend Schedule
2026-01-23 07:47:47 INFO  c.k.v.execute.offline.ResendSchedule [vscu-thread-1] - Executing Resend Schedule
2026-01-23 07:47:50 INFO  c.k.v.execute.offline.ResendSchedule [vscu-thread-1] - Executing Resend Schedule
2026-01-23 07:47:53 INFO  c.k.v.execute.offline.ResendSchedule [vscu-thread-1] - Executing Resend Schedule
2026-01-23 07:47:56 INFO  c.k.v.execute.offline.ResendSchedule [vscu-thread-1] - Executing Resend Schedule
2026-01-23 07:47:59 INFO  c.k.v.execute.offline.ResendSchedule [vscu-thread-1] - Executing Resend Schedule
2026-01-23 07:48:02 INFO  c.k.v.execute.offline.ResendSchedule [vscu-thread-1] - Executing Resend Schedule
2026-01-23 07:48:05 INFO  c.k.v.execute.offline.ResendSchedule [vscu-thread-1] - Executing Resend Schedule
2026-01-23 07:48:08 INFO  c.k.v.execute.offline.ResendSchedule [vscu-thread-1] - Executing Resend Schedule
2026-01-23 07:48:11 INFO  c.k.v.execute.offline.ResendSchedule [vscu-thread-1] - Executing Resend Schedule
2026-01-23 07:48:13 DEBUG com.zaxxer.hikari.pool.HikariPool [HikariPool-1 housekeeper] - HikariPool-1 - Pool stats (total=20, active=0, idle=20, waiting=0)
2026-01-23 07:48:13 DEBUG com.zaxxer.hikari.pool.HikariPool [HikariPool-1 housekeeper] - HikariPool-1 - Fill pool skipped, pool has sufficient level or currently being filled (queueDepth=0).
2026-01-23 07:48:14 INFO  c.k.v.execute.offline.ResendSchedule [vscu-thread-1] - Executing Resend Schedule
2026-01-23 07:48:18 INFO  c.k.v.execute.offline.ResendSchedule [vscu-thread-1] - Executing Resend Schedule
2026-01-23 07:48:21 INFO  c.k.v.execute.offline.ResendSchedule [vscu-thread-1] - Executing Resend Schedule
2026-01-23 07:48:24 INFO  c.k.v.execute.offline.ResendSchedule [vscu-thread-1] - Executing Resend Schedule
2026-01-23 07:48:27 INFO  c.k.v.execute.offline.ResendSchedule [vscu-thread-1] - Executing Resend Schedule
2026-01-23 07:48:30 INFO  c.k.v.execute.offline.ResendSchedule [vscu-thread-1] - Executing Resend Schedule
2026-01-23 07:48:33 INFO  c.k.v.execute.offline.ResendSchedule [vscu-thread-1] - Executing Resend Schedule
2026-01-23 07:48:36 INFO  c.k.v.execute.offline.ResendSchedule [vscu-thread-1] - Executing Resend Schedule
2026-01-23 07:48:39 INFO  c.k.v.execute.offline.ResendSchedule [vscu-thread-1] - Executing Resend Schedule
2026-01-23 07:48:42 INFO  c.k.v.execute.offline.ResendSchedule [vscu-thread-1] - Executing Resend Schedule
2026-01-23 07:48:43 DEBUG com.zaxxer.hikari.pool.HikariPool [HikariPool-1 housekeeper] - HikariPool-1 - Pool stats (total=20, active=0, idle=20, waiting=0)
2026-01-23 07:48:43 DEBUG com.zaxxer.hikari.pool.HikariPool [HikariPool-1 housekeeper] - HikariPool-1 - Fill pool skipped, pool has sufficient level or currently being filled (queueDepth=0).
2026-01-23 07:48:45 INFO  c.k.v.execute.offline.ResendSchedule [vscu-thread-1] - Executing Resend Schedule
2026-01-23 07:48:48 INFO  c.k.v.execute.offline.ResendSchedule [vscu-thread-1] - Executing Resend Schedule
2026-01-23 07:48:51 INFO  c.k.v.execute.offline.ResendSchedule [vscu-thread-1] - Executing Resend Schedule
2026-01-23 07:48:54 INFO  c.k.v.execute.offline.ResendSchedule [vscu-thread-1] - Executing Resend Schedule
2026-01-23 07:48:57 INFO  c.k.v.execute.offline.ResendSchedule [vscu-thread-1] - Executing Resend Schedule
2026-01-23 07:49:00 INFO  c.k.v.execute.offline.ResendSchedule [vscu-thread-1] - Executing Resend Schedule
2026-01-23 07:49:03 INFO  c.k.v.execute.offline.ResendSchedule [vscu-thread-1] - Executing Resend Schedule
2026-01-23 07:49:06 INFO  c.k.v.execute.offline.ResendSchedule [vscu-thread-1] - Executing Resend Schedule
2026-01-23 07:49:09 INFO  c.k.v.execute.offline.ResendSchedule [vscu-thread-1] - Executing Resend Schedule
2026-01-23 07:49:12 INFO  c.k.v.execute.offline.ResendSchedule [vscu-thread-1] - Executing Resend Schedule
2026-01-23 07:49:13 DEBUG com.zaxxer.hikari.pool.HikariPool [HikariPool-1 housekeeper] - HikariPool-1 - Pool stats (total=20, active=0, idle=20, waiting=0)
2026-01-23 07:49:13 DEBUG com.zaxxer.hikari.pool.HikariPool [HikariPool-1 housekeeper] - HikariPool-1 - Fill pool skipped, pool has sufficient level or currently being filled (queueDepth=0).
2026-01-23 07:49:15 INFO  c.k.v.execute.offline.ResendSchedule [vscu-thread-1] - Executing Resend Schedule
2026-01-23 07:49:18 INFO  c.k.v.execute.offline.ResendSchedule [vscu-thread-1] - Executing Resend Schedule
2026-01-23 07:49:21 INFO  c.k.v.execute.offline.ResendSchedule [vscu-thread-1] - Executing Resend Schedule
2026-01-23 07:49:24 INFO  c.k.v.execute.offline.ResendSchedule [vscu-thread-1] - Executing Resend Schedule
2026-01-23 07:49:27 INFO  c.k.v.execute.offline.ResendSchedule [vscu-thread-1] - Executing Resend Schedule
2026-01-23 07:49:30 INFO  c.k.v.execute.offline.ResendSchedule [vscu-thread-1] - Executing Resend Schedule
2026-01-23 07:49:33 INFO  c.k.v.execute.offline.ResendSchedule [vscu-thread-1] - Executing Resend Schedule
2026-01-23 07:49:36 INFO  c.k.v.execute.offline.ResendSchedule [vscu-thread-1] - Executing Resend Schedule
2026-01-23 07:49:39 INFO  c.k.v.execute.offline.ResendSchedule [vscu-thread-1] - Executing Resend Schedule
2026-01-23 07:49:42 INFO  c.k.v.execute.offline.ResendSchedule [vscu-thread-1] - Executing Resend Schedule
2026-01-23 07:49:43 DEBUG com.zaxxer.hikari.pool.HikariPool [HikariPool-1 housekeeper] - HikariPool-1 - Pool stats (total=20, active=0, idle=20, waiting=0)
2026-01-23 07:49:43 DEBUG com.zaxxer.hikari.pool.HikariPool [HikariPool-1 housekeeper] - HikariPool-1 - Fill pool skipped, pool has sufficient level or currently being filled (queueDepth=0).
2026-01-23 07:49:45 INFO  c.k.v.execute.offline.ResendSchedule [vscu-thread-1] - Executing Resend Schedule
2026-01-23 07:49:48 INFO  c.k.v.execute.offline.ResendSchedule [vscu-thread-1] - Executing Resend Schedule
2026-01-23 07:49:51 INFO  c.k.v.execute.offline.ResendSchedule [vscu-thread-1] - Executing Resend Schedule
2026-01-23 07:49:54 INFO  c.k.v.execute.offline.ResendSchedule [vscu-thread-1] - Executing Resend Schedule
2026-01-23 07:49:57 INFO  c.k.v.execute.offline.ResendSchedule [vscu-thread-1] - Executing Resend Schedule
2026-01-23 07:50:00 INFO  c.k.v.execute.offline.ResendSchedule [vscu-thread-1] - Executing Resend Schedule
2026-01-23 07:50:03 INFO  c.k.v.execute.offline.ResendSchedule [vscu-thread-1] - Executing Resend Schedule
2026-01-23 07:50:06 INFO  c.k.v.execute.offline.ResendSchedule [vscu-thread-2] - Executing Resend Schedule
2026-01-23 07:50:09 INFO  c.k.v.execute.offline.ResendSchedule [vscu-thread-2] - Executing Resend Schedule
2026-01-23 07:50:12 INFO  c.k.v.execute.offline.ResendSchedule [vscu-thread-2] - Executing Resend Schedule
2026-01-23 07:50:13 DEBUG com.zaxxer.hikari.pool.HikariPool [HikariPool-1 housekeeper] - HikariPool-1 - Pool stats (total=20, active=0, idle=20, waiting=0)
2026-01-23 07:50:13 DEBUG com.zaxxer.hikari.pool.HikariPool [HikariPool-1 housekeeper] - HikariPool-1 - Fill pool skipped, pool has sufficient level or currently being filled (queueDepth=0).
2026-01-23 07:50:15 INFO  c.k.v.execute.offline.ResendSchedule [vscu-thread-2] - Executing Resend Schedule
2026-01-23 07:50:18 INFO  c.k.v.execute.offline.ResendSchedule [vscu-thread-2] - Executing Resend Schedule
2026-01-23 07:50:21 INFO  c.k.v.execute.offline.ResendSchedule [vscu-thread-2] - Executing Resend Schedule
2026-01-23 07:50:24 INFO  c.k.v.execute.offline.ResendSchedule [vscu-thread-2] - Executing Resend Schedule
2026-01-23 07:50:27 INFO  c.k.v.execute.offline.ResendSchedule [vscu-thread-2] - Executing Resend Schedule
2026-01-23 07:50:30 INFO  c.k.v.execute.offline.ResendSchedule [vscu-thread-2] - Executing Resend Schedule
2026-01-23 07:50:33 INFO  c.k.v.execute.offline.ResendSchedule [vscu-thread-2] - Executing Resend Schedule
2026-01-23 07:50:36 INFO  c.k.v.execute.offline.ResendSchedule [vscu-thread-2] - Executing Resend Schedule
2026-01-23 07:50:39 INFO  c.k.v.execute.offline.ResendSchedule [vscu-thread-2] - Executing Resend Schedule
2026-01-23 07:50:42 INFO  c.k.v.execute.offline.ResendSchedule [vscu-thread-2] - Executing Resend Schedule
2026-01-23 07:50:43 DEBUG com.zaxxer.hikari.pool.HikariPool [HikariPool-1 housekeeper] - HikariPool-1 - Pool stats (total=20, active=0, idle=20, waiting=0)
2026-01-23 07:50:43 DEBUG com.zaxxer.hikari.pool.HikariPool [HikariPool-1 housekeeper] - HikariPool-1 - Fill pool skipped, pool has sufficient level or currently being filled (queueDepth=0).
2026-01-23 07:50:45 INFO  c.k.v.execute.offline.ResendSchedule [vscu-thread-2] - Executing Resend Schedule
2026-01-23 07:50:48 INFO  c.k.v.execute.offline.ResendSchedule [vscu-thread-2] - Executing Resend Schedule
2026-01-23 07:50:51 INFO  c.k.v.execute.offline.ResendSchedule [vscu-thread-2] - Executing Resend Schedule
2026-01-23 07:50:54 INFO  c.k.v.execute.offline.ResendSchedule [vscu-thread-2] - Executing Resend Schedule
2026-01-23 07:50:57 INFO  c.k.v.execute.offline.ResendSchedule [vscu-thread-2] - Executing Resend Schedule
2026-01-23 07:51:00 INFO  c.k.v.execute.offline.ResendSchedule [vscu-thread-2] - Executing Resend Schedule
2026-01-23 07:51:03 INFO  c.k.v.execute.offline.ResendSchedule [vscu-thread-2] - Executing Resend Schedule
2026-01-23 07:51:06 INFO  c.k.v.execute.offline.ResendSchedule [vscu-thread-2] - Executing Resend Schedule
2026-01-23 07:51:09 INFO  c.k.v.execute.offline.ResendSchedule [vscu-thread-2] - Executing Resend Schedule
2026-01-23 07:51:12 INFO  c.k.v.execute.offline.ResendSchedule [vscu-thread-2] - Executing Resend Schedule
2026-01-23 07:51:13 DEBUG com.zaxxer.hikari.pool.HikariPool [HikariPool-1 housekeeper] - HikariPool-1 - Pool stats (total=20, active=0, idle=20, waiting=0)
2026-01-23 07:51:13 DEBUG com.zaxxer.hikari.pool.HikariPool [HikariPool-1 housekeeper] - HikariPool-1 - Fill pool skipped, pool has sufficient level or currently being filled (queueDepth=0).
2026-01-23 07:51:15 INFO  c.k.v.execute.offline.ResendSchedule [vscu-thread-2] - Executing Resend Schedule
2026-01-23 07:51:19 INFO  c.k.v.execute.offline.ResendSchedule [vscu-thread-2] - Executing Resend Schedule
2026-01-23 07:51:22 INFO  c.k.v.execute.offline.ResendSchedule [vscu-thread-2] - Executing Resend Schedule
2026-01-23 07:51:25 INFO  c.k.v.execute.offline.ResendSchedule [vscu-thread-2] - Executing Resend Schedule
2026-01-23 07:51:28 INFO  c.k.v.execute.offline.ResendSchedule [vscu-thread-2] - Executing Resend Schedule
2026-01-23 07:51:31 INFO  c.k.v.execute.offline.ResendSchedule [vscu-thread-2] - Executing Resend Schedule
2026-01-23 07:51:34 INFO  c.k.v.execute.offline.ResendSchedule [vscu-thread-2] - Executing Resend Schedule
2026-01-23 07:51:37 INFO  c.k.v.execute.offline.ResendSchedule [vscu-thread-2] - Executing Resend Schedule
2026-01-23 07:51:40 INFO  c.k.v.execute.offline.ResendSchedule [vscu-thread-2] - Executing Resend Schedule
2026-01-23 07:51:43 INFO  c.k.v.execute.offline.ResendSchedule [vscu-thread-2] - Executing Resend Schedule
2026-01-23 07:51:43 DEBUG com.zaxxer.hikari.pool.HikariPool [HikariPool-1 housekeeper] - HikariPool-1 - Pool stats (total=20, active=0, idle=20, waiting=0)
2026-01-23 07:51:43 DEBUG com.zaxxer.hikari.pool.HikariPool [HikariPool-1 housekeeper] - HikariPool-1 - Fill pool skipped, pool has sufficient level or currently being filled (queueDepth=0).
2026-01-23 07:51:46 INFO  c.k.v.execute.offline.ResendSchedule [vscu-thread-2] - Executing Resend Schedule
2026-01-23 07:51:49 INFO  c.k.v.execute.offline.ResendSchedule [vscu-thread-2] - Executing Resend Schedule
2026-01-23 07:51:52 INFO  c.k.v.execute.offline.ResendSchedule [vscu-thread-2] - Executing Resend Schedule
2026-01-23 07:51:55 INFO  c.k.v.execute.offline.ResendSchedule [vscu-thread-2] - Executing Resend Schedule
2026-01-23 07:51:58 INFO  c.k.v.execute.offline.ResendSchedule [vscu-thread-2] - Executing Resend Schedule
2026-01-23 07:52:01 INFO  c.k.v.execute.offline.ResendSchedule [vscu-thread-2] - Executing Resend Schedule
2026-01-23 07:52:04 INFO  c.k.v.execute.offline.ResendSchedule [vscu-thread-2] - Executing Resend Schedule
2026-01-23 07:52:07 INFO  c.k.v.execute.offline.ResendSchedule [vscu-thread-2] - Executing Resend Schedule
2026-01-23 07:52:10 INFO  c.k.v.execute.offline.ResendSchedule [vscu-thread-2] - Executing Resend Schedule
2026-01-23 07:52:13 INFO  c.k.v.execute.offline.ResendSchedule [vscu-thread-2] - Executing Resend Schedule
2026-01-23 07:52:13 DEBUG com.zaxxer.hikari.pool.HikariPool [HikariPool-1 housekeeper] - HikariPool-1 - Pool stats (total=20, active=0, idle=20, waiting=0)
2026-01-23 07:52:13 DEBUG com.zaxxer.hikari.pool.HikariPool [HikariPool-1 housekeeper] - HikariPool-1 - Fill pool skipped, pool has sufficient level or currently being filled (queueDepth=0).
2026-01-23 07:52:16 INFO  c.k.v.execute.offline.ResendSchedule [vscu-thread-2] - Executing Resend Schedule
2026-01-23 07:52:19 INFO  c.k.v.execute.offline.ResendSchedule [vscu-thread-2] - Executing Resend Schedule
2026-01-23 07:52:22 INFO  c.k.v.execute.offline.ResendSchedule [vscu-thread-2] - Executing Resend Schedule
2026-01-23 07:52:25 INFO  c.k.v.execute.offline.ResendSchedule [vscu-thread-2] - Executing Resend Schedule
2026-01-23 07:52:28 INFO  c.k.v.execute.offline.ResendSchedule [vscu-thread-2] - Executing Resend Schedule
2026-01-23 07:52:31 INFO  c.k.v.execute.offline.ResendSchedule [vscu-thread-2] - Executing Resend Schedule
2026-01-23 07:52:34 INFO  c.k.v.execute.offline.ResendSchedule [vscu-thread-2] - Executing Resend Schedule
2026-01-23 07:52:37 INFO  c.k.v.execute.offline.ResendSchedule [vscu-thread-2] - Executing Resend Schedule
2026-01-23 07:52:40 INFO  c.k.v.execute.offline.ResendSchedule [vscu-thread-2] - Executing Resend Schedule
2026-01-23 07:52:43 INFO  c.k.v.execute.offline.ResendSchedule [vscu-thread-2] - Executing Resend Schedule
2026-01-23 07:52:43 DEBUG com.zaxxer.hikari.pool.HikariPool [HikariPool-1 housekeeper] - HikariPool-1 - Pool stats (total=20, active=0, idle=20, waiting=0)
2026-01-23 07:52:43 DEBUG com.zaxxer.hikari.pool.HikariPool [HikariPool-1 housekeeper] - HikariPool-1 - Fill pool skipped, pool has sufficient level or currently being filled (queueDepth=0).
2026-01-23 07:52:46 INFO  c.k.v.execute.offline.ResendSchedule [vscu-thread-2] - Executing Resend Schedule
2026-01-23 07:52:49 INFO  c.k.v.execute.offline.ResendSchedule [vscu-thread-2] - Executing Resend Schedule
2026-01-23 07:52:52 INFO  c.k.v.execute.offline.ResendSchedule [vscu-thread-2] - Executing Resend Schedule
2026-01-23 07:52:55 INFO  c.k.v.execute.offline.ResendSchedule [vscu-thread-2] - Executing Resend Schedule
2026-01-23 07:52:58 INFO  c.k.v.execute.offline.ResendSchedule [vscu-thread-2] - Executing Resend Schedule
2026-01-23 07:53:01 INFO  c.k.v.execute.offline.ResendSchedule [vscu-thread-2] - Executing Resend Schedule
2026-01-23 07:53:04 INFO  c.k.v.execute.offline.ResendSchedule [vscu-thread-3] - Executing Resend Schedule
2026-01-23 07:53:07 INFO  c.k.v.execute.offline.ResendSchedule [vscu-thread-3] - Executing Resend Schedule
2026-01-23 07:53:10 INFO  c.k.v.execute.offline.ResendSchedule [vscu-thread-3] - Executing Resend Schedule
2026-01-23 07:53:13 INFO  c.k.v.execute.offline.ResendSchedule [vscu-thread-3] - Executing Resend Schedule
2026-01-23 07:53:13 DEBUG com.zaxxer.hikari.pool.HikariPool [HikariPool-1 housekeeper] - HikariPool-1 - Pool stats (total=20, active=0, idle=20, waiting=0)
2026-01-23 07:53:13 DEBUG com.zaxxer.hikari.pool.HikariPool [HikariPool-1 housekeeper] - HikariPool-1 - Fill pool skipped, pool has sufficient level or currently being filled (queueDepth=0).
2026-01-23 07:53:16 INFO  c.k.v.execute.offline.ResendSchedule [vscu-thread-3] - Executing Resend Schedule
2026-01-23 07:53:19 INFO  c.k.v.execute.offline.ResendSchedule [vscu-thread-3] - Executing Resend Schedule
2026-01-23 07:53:22 INFO  c.k.v.execute.offline.ResendSchedule [vscu-thread-3] - Executing Resend Schedule
2026-01-23 07:53:25 INFO  c.k.v.execute.offline.ResendSchedule [vscu-thread-3] - Executing Resend Schedule
2026-01-23 07:53:28 INFO  c.k.v.execute.offline.ResendSchedule [vscu-thread-3] - Executing Resend Schedule
2026-01-23 07:53:31 INFO  c.k.v.execute.offline.ResendSchedule [vscu-thread-3] - Executing Resend Schedule
2026-01-23 07:53:34 INFO  c.k.v.execute.offline.ResendSchedule [vscu-thread-3] - Executing Resend Schedule
2026-01-23 07:53:37 INFO  c.k.v.execute.offline.ResendSchedule [vscu-thread-3] - Executing Resend Schedule
2026-01-23 07:53:40 INFO  c.k.v.execute.offline.ResendSchedule [vscu-thread-3] - Executing Resend Schedule
2026-01-23 07:53:43 INFO  c.k.v.execute.offline.ResendSchedule [vscu-thread-3] - Executing Resend Schedule
2026-01-23 07:53:43 DEBUG com.zaxxer.hikari.pool.HikariPool [HikariPool-1 housekeeper] - HikariPool-1 - Pool stats (total=20, active=0, idle=20, waiting=0)
2026-01-23 07:53:43 DEBUG com.zaxxer.hikari.pool.HikariPool [HikariPool-1 housekeeper] - HikariPool-1 - Fill pool skipped, pool has sufficient level or currently being filled (queueDepth=0).
2026-01-23 07:53:46 INFO  c.k.v.execute.offline.ResendSchedule [vscu-thread-3] - Executing Resend Schedule
2026-01-23 07:53:49 INFO  c.k.v.execute.offline.ResendSchedule [vscu-thread-3] - Executing Resend Schedule
2026-01-23 07:53:52 INFO  c.k.v.execute.offline.ResendSchedule [vscu-thread-3] - Executing Resend Schedule
2026-01-23 07:53:55 INFO  c.k.v.execute.offline.ResendSchedule [vscu-thread-3] - Executing Resend Schedule
2026-01-23 07:53:58 INFO  c.k.v.execute.offline.ResendSchedule [vscu-thread-3] - Executing Resend Schedule
2026-01-23 07:54:01 INFO  c.k.v.execute.offline.ResendSchedule [vscu-thread-3] - Executing Resend Schedule
2026-01-23 07:54:04 INFO  c.k.v.execute.offline.ResendSchedule [vscu-thread-3] - Executing Resend Schedule
2026-01-23 07:54:07 INFO  c.k.v.execute.offline.ResendSchedule [vscu-thread-3] - Executing Resend Schedule
2026-01-23 07:54:10 INFO  c.k.v.execute.offline.ResendSchedule [vscu-thread-3] - Executing Resend Schedule
2026-01-23 07:54:13 DEBUG com.zaxxer.hikari.pool.HikariPool [HikariPool-1 housekeeper] - HikariPool-1 - Pool stats (total=20, active=0, idle=20, waiting=0)
2026-01-23 07:54:13 DEBUG com.zaxxer.hikari.pool.HikariPool [HikariPool-1 housekeeper] - HikariPool-1 - Fill pool skipped, pool has sufficient level or currently being filled (queueDepth=0).
2026-01-23 07:54:13 INFO  c.k.v.execute.offline.ResendSchedule [vscu-thread-3] - Executing Resend Schedule
2026-01-23 07:54:17 INFO  c.k.v.execute.offline.ResendSchedule [vscu-thread-3] - Executing Resend Schedule
2026-01-23 07:54:20 INFO  c.k.v.execute.offline.ResendSchedule [vscu-thread-3] - Executing Resend Schedule
2026-01-23 07:54:23 INFO  c.k.v.execute.offline.ResendSchedule [vscu-thread-3] - Executing Resend Schedule
2026-01-23 07:54:26 INFO  c.k.v.execute.offline.ResendSchedule [vscu-thread-3] - Executing Resend Schedule
2026-01-23 07:54:29 INFO  c.k.v.execute.offline.ResendSchedule [vscu-thread-3] - Executing Resend Schedule
2026-01-23 07:54:32 INFO  c.k.v.execute.offline.ResendSchedule [vscu-thread-3] - Executing Resend Schedule
2026-01-23 07:54:35 INFO  c.k.v.execute.offline.ResendSchedule [vscu-thread-3] - Executing Resend Schedule
2026-01-23 07:54:38 INFO  c.k.v.execute.offline.ResendSchedule [vscu-thread-3] - Executing Resend Schedule
2026-01-23 07:54:41 INFO  c.k.v.execute.offline.ResendSchedule [vscu-thread-2] - Executing Resend Schedule
2026-01-23 07:54:43 DEBUG com.zaxxer.hikari.pool.HikariPool [HikariPool-1 housekeeper] - HikariPool-1 - Pool stats (total=20, active=0, idle=20, waiting=0)
2026-01-23 07:54:43 DEBUG com.zaxxer.hikari.pool.HikariPool [HikariPool-1 housekeeper] - HikariPool-1 - Fill pool skipped, pool has sufficient level or currently being filled (queueDepth=0).
2026-01-23 07:54:44 INFO  c.k.v.execute.offline.ResendSchedule [vscu-thread-2] - Executing Resend Schedule
2026-01-23 07:54:47 INFO  c.k.v.execute.offline.ResendSchedule [vscu-thread-2] - Executing Resend Schedule
2026-01-23 07:54:50 INFO  c.k.v.execute.offline.ResendSchedule [vscu-thread-2] - Executing Resend Schedule
2026-01-23 07:54:53 INFO  c.k.v.execute.offline.ResendSchedule [vscu-thread-2] - Executing Resend Schedule
2026-01-23 07:54:56 INFO  c.k.v.execute.offline.ResendSchedule [vscu-thread-2] - Executing Resend Schedule
2026-01-23 07:54:59 INFO  c.k.v.execute.offline.ResendSchedule [vscu-thread-2] - Executing Resend Schedule
2026-01-23 07:55:02 INFO  c.k.v.execute.offline.ResendSchedule [vscu-thread-2] - Executing Resend Schedule
2026-01-23 07:55:05 INFO  c.k.v.execute.offline.ResendSchedule [vscu-thread-2] - Executing Resend Schedule
2026-01-23 07:55:08 INFO  c.k.v.execute.offline.ResendSchedule [vscu-thread-1] - Executing Resend Schedule
2026-01-23 07:55:11 INFO  c.k.v.execute.offline.ResendSchedule [vscu-thread-1] - Executing Resend Schedule
2026-01-23 07:55:13 DEBUG com.zaxxer.hikari.pool.HikariPool [HikariPool-1 housekeeper] - HikariPool-1 - Pool stats (total=20, active=0, idle=20, waiting=0)
2026-01-23 07:55:13 DEBUG com.zaxxer.hikari.pool.HikariPool [HikariPool-1 housekeeper] - HikariPool-1 - Fill pool skipped, pool has sufficient level or currently being filled (queueDepth=0).
2026-01-23 07:55:14 INFO  c.k.v.execute.offline.ResendSchedule [vscu-thread-1] - Executing Resend Schedule
2026-01-23 07:55:17 INFO  c.k.v.execute.offline.ResendSchedule [vscu-thread-1] - Executing Resend Schedule
2026-01-23 07:55:20 INFO  c.k.v.execute.offline.ResendSchedule [vscu-thread-1] - Executing Resend Schedule
2026-01-23 07:55:23 INFO  c.k.v.execute.offline.ResendSchedule [vscu-thread-1] - Executing Resend Schedule
2026-01-23 07:55:26 INFO  c.k.v.execute.offline.ResendSchedule [vscu-thread-2] - Executing Resend Schedule
2026-01-23 07:55:29 INFO  c.k.v.execute.offline.ResendSchedule [vscu-thread-2] - Executing Resend Schedule
2026-01-23 07:55:32 INFO  c.k.v.execute.offline.ResendSchedule [vscu-thread-2] - Executing Resend Schedule
2026-01-23 07:55:35 INFO  c.k.v.execute.offline.ResendSchedule [vscu-thread-2] - Executing Resend Schedule
2026-01-23 07:55:38 INFO  c.k.v.execute.offline.ResendSchedule [vscu-thread-2] - Executing Resend Schedule
2026-01-23 07:55:41 INFO  c.k.v.execute.offline.ResendSchedule [vscu-thread-2] - Executing Resend Schedule
2026-01-23 07:55:43 DEBUG com.zaxxer.hikari.pool.HikariPool [HikariPool-1 housekeeper] - HikariPool-1 - Pool stats (total=20, active=0, idle=20, waiting=0)
2026-01-23 07:55:43 DEBUG com.zaxxer.hikari.pool.HikariPool [HikariPool-1 housekeeper] - HikariPool-1 - Fill pool skipped, pool has sufficient level or currently being filled (queueDepth=0).
2026-01-23 07:55:44 INFO  c.k.v.execute.offline.ResendSchedule [vscu-thread-2] - Executing Resend Schedule
2026-01-23 07:55:47 INFO  c.k.v.execute.offline.ResendSchedule [vscu-thread-2] - Executing Resend Schedule
2026-01-23 07:55:50 INFO  c.k.v.execute.offline.ResendSchedule [vscu-thread-2] - Executing Resend Schedule
