2026-01-22 16:13:34 INFO  com.kra.vsdc.VsdcApplication [main] - Starting VsdcApplication v2.0.6 using Java 17.0.12 with PID 21356 (C:\vscu2\vscu-v2.0.6.jar started by user in C:\vscu2)
2026-01-22 16:13:34 DEBUG com.kra.vsdc.VsdcApplication [main] - Running with Spring Boot v3.2.3, Spring v6.1.4
2026-01-22 16:13:34 INFO  com.kra.vsdc.VsdcApplication [main] - The following 1 profile is active: "sbx"
2026-01-22 16:13:34 DEBUG o.s.boot.SpringApplication [main] - Loading source class com.kra.vsdc.VsdcApplication
2026-01-22 16:13:34 DEBUG o.s.b.w.s.c.AnnotationConfigServletWebServerApplicationContext [main] - Refreshing org.springframework.boot.web.servlet.context.AnnotationConfigServletWebServerApplicationContext@aa549e5
2026-01-22 16:13:34 DEBUG o.s.b.f.s.DefaultListableBeanFactory [main] - Creating shared instance of singleton bean 'org.springframework.context.annotation.internalConfigurationAnnotationProcessor'
2026-01-22 16:13:34 DEBUG o.s.b.f.s.DefaultListableBeanFactory [main] - Creating shared instance of singleton bean 'org.springframework.boot.autoconfigure.internalCachingMetadataReaderFactory'
2026-01-22 16:13:34 DEBUG o.s.c.a.ClassPathBeanDefinitionScanner [main] - Identified candidate component class: URL [jar:nested:/C:/vscu2/vscu-v2.0.6.jar/!BOOT-INF/classes/!/com/kra/vsdc/config/client/ApiClient.class]
2026-01-22 16:13:34 DEBUG o.s.c.a.ClassPathBeanDefinitionScanner [main] - Identified candidate component class: URL [jar:nested:/C:/vscu2/vscu-v2.0.6.jar/!BOOT-INF/classes/!/com/kra/vsdc/config/client/ApiClientConfig.class]
2026-01-22 16:13:34 DEBUG o.s.c.a.ClassPathBeanDefinitionScanner [main] - Identified candidate component class: URL [jar:nested:/C:/vscu2/vscu-v2.0.6.jar/!BOOT-INF/classes/!/com/kra/vsdc/config/client/ApiWebClient.class]
2026-01-22 16:13:34 DEBUG o.s.c.a.ClassPathBeanDefinitionScanner [main] - Identified candidate component class: URL [jar:nested:/C:/vscu2/vscu-v2.0.6.jar/!BOOT-INF/classes/!/com/kra/vsdc/config/util/FileOrganizer.class]
2026-01-22 16:13:34 DEBUG o.s.c.a.ClassPathBeanDefinitionScanner [main] - Identified candidate component class: URL [jar:nested:/C:/vscu2/vscu-v2.0.6.jar/!BOOT-INF/classes/!/com/kra/vsdc/config/util/PropertiesConfig.class]
2026-01-22 16:13:34 DEBUG o.s.c.a.ClassPathBeanDefinitionScanner [main] - Identified candidate component class: URL [jar:nested:/C:/vscu2/vscu-v2.0.6.jar/!BOOT-INF/classes/!/com/kra/vsdc/config/util/SequenceUpdater.class]
2026-01-22 16:13:34 DEBUG o.s.c.a.ClassPathBeanDefinitionScanner [main] - Identified candidate component class: URL [jar:nested:/C:/vscu2/vscu-v2.0.6.jar/!BOOT-INF/classes/!/com/kra/vsdc/config/util/TomcatConfig.class]
2026-01-22 16:13:34 DEBUG o.s.c.a.ClassPathBeanDefinitionScanner [main] - Identified candidate component class: URL [jar:nested:/C:/vscu2/vscu-v2.0.6.jar/!BOOT-INF/classes/!/com/kra/vsdc/config/util/VscuUtil.class]
2026-01-22 16:13:34 DEBUG o.s.c.a.ClassPathBeanDefinitionScanner [main] - Identified candidate component class: URL [jar:nested:/C:/vscu2/vscu-v2.0.6.jar/!BOOT-INF/classes/!/com/kra/vsdc/config/util/VsdcUtil.class]
2026-01-22 16:13:34 DEBUG o.s.c.a.ClassPathBeanDefinitionScanner [main] - Identified candidate component class: URL [jar:nested:/C:/vscu2/vscu-v2.0.6.jar/!BOOT-INF/classes/!/com/kra/vsdc/execute/offline/CheckApiConnection.class]
2026-01-22 16:13:34 DEBUG o.s.c.a.ClassPathBeanDefinitionScanner [main] - Identified candidate component class: URL [jar:nested:/C:/vscu2/vscu-v2.0.6.jar/!BOOT-INF/classes/!/com/kra/vsdc/execute/offline/ResendSchedule.class]
2026-01-22 16:13:34 DEBUG o.s.c.a.ClassPathBeanDefinitionScanner [main] - Identified candidate component class: URL [jar:nested:/C:/vscu2/vscu-v2.0.6.jar/!BOOT-INF/classes/!/com/kra/vsdc/execute/offline/SchedulerConfig.class]
2026-01-22 16:13:34 DEBUG o.s.c.a.ClassPathBeanDefinitionScanner [main] - Identified candidate component class: URL [jar:nested:/C:/vscu2/vscu-v2.0.6.jar/!BOOT-INF/classes/!/com/kra/vsdc/manage/DataHistoryManager.class]
2026-01-22 16:13:34 DEBUG o.s.c.a.ClassPathBeanDefinitionScanner [main] - Identified candidate component class: URL [jar:nested:/C:/vscu2/vscu-v2.0.6.jar/!BOOT-INF/classes/!/com/kra/vsdc/manage/DataResendManager.class]
2026-01-22 16:13:34 DEBUG o.s.c.a.ClassPathBeanDefinitionScanner [main] - Identified candidate component class: URL [jar:nested:/C:/vscu2/vscu-v2.0.6.jar/!BOOT-INF/classes/!/com/kra/vsdc/manage/DataZreportManager.class]
2026-01-22 16:13:34 DEBUG o.s.c.a.ClassPathBeanDefinitionScanner [main] - Identified candidate component class: URL [jar:nested:/C:/vscu2/vscu-v2.0.6.jar/!BOOT-INF/classes/!/com/kra/vsdc/manage/SequenceManager.class]
2026-01-22 16:13:34 DEBUG o.s.c.a.ClassPathBeanDefinitionScanner [main] - Identified candidate component class: URL [jar:nested:/C:/vscu2/vscu-v2.0.6.jar/!BOOT-INF/classes/!/com/kra/vsdc/excute/BhfExcute.class]
2026-01-22 16:13:34 DEBUG o.s.c.a.ClassPathBeanDefinitionScanner [main] - Identified candidate component class: URL [jar:nested:/C:/vscu2/vscu-v2.0.6.jar/!BOOT-INF/classes/!/com/kra/vsdc/excute/CodeExcute.class]
2026-01-22 16:13:34 DEBUG o.s.c.a.ClassPathBeanDefinitionScanner [main] - Identified candidate component class: URL [jar:nested:/C:/vscu2/vscu-v2.0.6.jar/!BOOT-INF/classes/!/com/kra/vsdc/excute/CustomerExcute.class]
2026-01-22 16:13:34 DEBUG o.s.c.a.ClassPathBeanDefinitionScanner [main] - Identified candidate component class: URL [jar:nested:/C:/vscu2/vscu-v2.0.6.jar/!BOOT-INF/classes/!/com/kra/vsdc/excute/EmbeddedRabbitMQConfiguration.class]
2026-01-22 16:13:34 DEBUG o.s.c.a.ClassPathBeanDefinitionScanner [main] - Identified candidate component class: URL [jar:nested:/C:/vscu2/vscu-v2.0.6.jar/!BOOT-INF/classes/!/com/kra/vsdc/excute/ImportItemExcute.class]
2026-01-22 16:13:34 DEBUG o.s.c.a.ClassPathBeanDefinitionScanner [main] - Identified candidate component class: URL [jar:nested:/C:/vscu2/vscu-v2.0.6.jar/!BOOT-INF/classes/!/com/kra/vsdc/excute/InitializeVsdcExcute.class]
2026-01-22 16:13:34 DEBUG o.s.c.a.ClassPathBeanDefinitionScanner [main] - Identified candidate component class: URL [jar:nested:/C:/vscu2/vscu-v2.0.6.jar/!BOOT-INF/classes/!/com/kra/vsdc/excute/ItemClsExcute.class]
2026-01-22 16:13:34 DEBUG o.s.c.a.ClassPathBeanDefinitionScanner [main] - Identified candidate component class: URL [jar:nested:/C:/vscu2/vscu-v2.0.6.jar/!BOOT-INF/classes/!/com/kra/vsdc/excute/ItemExcute.class]
2026-01-22 16:13:34 DEBUG o.s.c.a.ClassPathBeanDefinitionScanner [main] - Identified candidate component class: URL [jar:nested:/C:/vscu2/vscu-v2.0.6.jar/!BOOT-INF/classes/!/com/kra/vsdc/excute/MainExcute.class]
2026-01-22 16:13:34 DEBUG o.s.c.a.ClassPathBeanDefinitionScanner [main] - Identified candidate component class: URL [jar:nested:/C:/vscu2/vscu-v2.0.6.jar/!BOOT-INF/classes/!/com/kra/vsdc/excute/NoticeExcute.class]
2026-01-22 16:13:34 DEBUG o.s.c.a.ClassPathBeanDefinitionScanner [main] - Identified candidate component class: URL [jar:nested:/C:/vscu2/vscu-v2.0.6.jar/!BOOT-INF/classes/!/com/kra/vsdc/excute/RabbitMQService.class]
2026-01-22 16:13:34 DEBUG o.s.c.a.ClassPathBeanDefinitionScanner [main] - Identified candidate component class: URL [jar:nested:/C:/vscu2/vscu-v2.0.6.jar/!BOOT-INF/classes/!/com/kra/vsdc/excute/ReportExcute.class]
2026-01-22 16:13:34 DEBUG o.s.c.a.ClassPathBeanDefinitionScanner [main] - Identified candidate component class: URL [jar:nested:/C:/vscu2/vscu-v2.0.6.jar/!BOOT-INF/classes/!/com/kra/vsdc/excute/StockIoExcute.class]
2026-01-22 16:13:34 DEBUG o.s.c.a.ClassPathBeanDefinitionScanner [main] - Identified candidate component class: URL [jar:nested:/C:/vscu2/vscu-v2.0.6.jar/!BOOT-INF/classes/!/com/kra/vsdc/excute/StockMasterExcute.class]
2026-01-22 16:13:34 DEBUG o.s.c.a.ClassPathBeanDefinitionScanner [main] - Identified candidate component class: URL [jar:nested:/C:/vscu2/vscu-v2.0.6.jar/!BOOT-INF/classes/!/com/kra/vsdc/excute/TestExcute.class]
2026-01-22 16:13:34 DEBUG o.s.c.a.ClassPathBeanDefinitionScanner [main] - Identified candidate component class: URL [jar:nested:/C:/vscu2/vscu-v2.0.6.jar/!BOOT-INF/classes/!/com/kra/vsdc/excute/TrnsPurchaseExcute.class]
2026-01-22 16:13:34 DEBUG o.s.c.a.ClassPathBeanDefinitionScanner [main] - Identified candidate component class: URL [jar:nested:/C:/vscu2/vscu-v2.0.6.jar/!BOOT-INF/classes/!/com/kra/vsdc/excute/TrnsSalesExcute.class]
2026-01-22 16:13:34 DEBUG o.s.c.a.ClassPathBeanDefinitionScanner [main] - Identified candidate component class: URL [jar:nested:/C:/vscu2/vscu-v2.0.6.jar/!BOOT-INF/classes/!/com/kra/vsdc/excute/TrnsSalesExcuteResend.class]
2026-01-22 16:13:34 DEBUG o.s.c.a.ClassPathBeanDefinitionScanner [main] - Identified candidate component class: URL [jar:nested:/C:/vscu2/vscu-v2.0.6.jar/!BOOT-INF/classes/!/com/kra/skmm/config/security/AesCoder.class]
2026-01-22 16:13:34 DEBUG o.s.c.a.ClassPathBeanDefinitionScanner [main] - Identified candidate component class: URL [jar:nested:/C:/vscu2/vscu-v2.0.6.jar/!BOOT-INF/classes/!/com/kra/skmm/config/security/SecurityConfig.class]
2026-01-22 16:13:34 DEBUG o.s.c.a.ClassPathBeanDefinitionScanner [main] - Identified candidate component class: URL [jar:nested:/C:/vscu2/vscu-v2.0.6.jar/!BOOT-INF/classes/!/com/kra/skmm/manager/DeviceManager.class]
2026-01-22 16:13:35 DEBUG o.s.b.f.s.DefaultListableBeanFactory [main] - Overriding bean definition for bean 'rabbitConnectionFactory' with a different definition: replacing [Root bean: class [null]; scope=; abstract=false; lazyInit=null; autowireMode=3; dependencyCheck=0; autowireCandidate=true; primary=false; factoryBeanName=embeddedRabbitMQConfiguration; factoryMethodName=rabbitConnectionFactory; initMethodNames=null; destroyMethodNames=[(inferred)]; defined in class path resource [com/kra/vsdc/excute/EmbeddedRabbitMQConfiguration.class]] with [Root bean: class [null]; scope=; abstract=false; lazyInit=null; autowireMode=3; dependencyCheck=0; autowireCandidate=true; primary=false; factoryBeanName=org.springframework.boot.autoconfigure.amqp.RabbitAutoConfiguration$RabbitConnectionFactoryCreator; factoryMethodName=rabbitConnectionFactory; initMethodNames=null; destroyMethodNames=[(inferred)]; defined in class path resource [org/springframework/boot/autoconfigure/amqp/RabbitAutoConfiguration$RabbitConnectionFactoryCreator.class]]
2026-01-22 16:13:35 INFO  o.s.d.r.c.RepositoryConfigurationDelegate [main] - Bootstrapping Spring Data JPA repositories in DEFAULT mode.
2026-01-22 16:13:35 DEBUG o.s.b.f.s.DefaultListableBeanFactory [main] - Creating shared instance of singleton bean 'org.springframework.boot.autoconfigure.AutoConfigurationPackages'
2026-01-22 16:13:35 DEBUG o.s.b.a.AutoConfigurationPackages [main] - @EnableAutoConfiguration was declared on a class in the package 'com.kra.vsdc'. Automatic @Repository and @Entity scanning is enabled.
2026-01-22 16:13:35 DEBUG o.s.d.r.c.RepositoryConfigurationDelegate [main] - Scanning for JPA repositories in packages com.kra.vsdc.
2026-01-22 16:13:35 DEBUG o.s.d.r.c.RepositoryComponentProvider [main] - Identified candidate component class: URL [jar:nested:/C:/vscu2/vscu-v2.0.6.jar/!BOOT-INF/classes/!/com/kra/vsdc/models/storage/InitioliseRepository.class]
2026-01-22 16:13:35 DEBUG o.s.d.r.c.RepositoryComponentProvider [main] - Identified candidate component class: URL [jar:nested:/C:/vscu2/vscu-v2.0.6.jar/!BOOT-INF/classes/!/com/kra/vsdc/models/storage/TransactionRepository.class]
2026-01-22 16:13:35 INFO  o.s.d.r.c.RepositoryConfigurationDelegate [main] - Finished Spring Data repository scanning in 159 ms. Found 2 JPA repository interfaces.
2026-01-22 16:13:35 DEBUG o.s.b.f.s.DefaultListableBeanFactory [main] - Creating shared instance of singleton bean 'propertySourcesPlaceholderConfigurer'
2026-01-22 16:13:36 DEBUG o.s.b.f.s.DefaultListableBeanFactory [main] - Creating shared instance of singleton bean 'emBeanDefinitionRegistrarPostProcessor'
2026-01-22 16:13:36 DEBUG o.s.b.f.s.DefaultListableBeanFactory [main] - Creating shared instance of singleton bean 'org.springframework.boot.sql.init.dependency.DatabaseInitializationDependencyConfigurer$DependsOnDatabaseInitializationPostProcessor'
2026-01-22 16:13:36 DEBUG o.s.b.f.s.DefaultListableBeanFactory [main] - Creating shared instance of singleton bean 'org.springframework.context.event.internalEventListenerProcessor'
2026-01-22 16:13:36 DEBUG o.s.b.f.s.DefaultListableBeanFactory [main] - Creating shared instance of singleton bean 'preserveErrorControllerTargetClassPostProcessor'
2026-01-22 16:13:36 DEBUG o.s.b.f.s.DefaultListableBeanFactory [main] - Creating shared instance of singleton bean 'org.springframework.context.event.internalEventListenerFactory'
2026-01-22 16:13:36 DEBUG o.s.b.f.s.DefaultListableBeanFactory [main] - Creating shared instance of singleton bean 'org.springframework.transaction.config.internalTransactionalEventListenerFactory'
2026-01-22 16:13:36 DEBUG o.s.b.f.s.DefaultListableBeanFactory [main] - Creating shared instance of singleton bean 'org.springframework.context.annotation.internalAutowiredAnnotationProcessor'
2026-01-22 16:13:36 DEBUG o.s.b.f.s.DefaultListableBeanFactory [main] - Creating shared instance of singleton bean 'org.springframework.context.annotation.internalCommonAnnotationProcessor'
2026-01-22 16:13:36 DEBUG o.s.b.f.s.DefaultListableBeanFactory [main] - Creating shared instance of singleton bean 'org.springframework.context.annotation.internalPersistenceAnnotationProcessor'
2026-01-22 16:13:36 DEBUG o.s.b.f.s.DefaultListableBeanFactory [main] - Creating shared instance of singleton bean 'org.springframework.boot.context.properties.ConfigurationPropertiesBindingPostProcessor'
2026-01-22 16:13:36 DEBUG o.s.b.f.s.DefaultListableBeanFactory [main] - Creating shared instance of singleton bean 'org.springframework.boot.context.internalConfigurationPropertiesBinder'
2026-01-22 16:13:36 DEBUG o.s.b.f.s.DefaultListableBeanFactory [main] - Creating shared instance of singleton bean 'jdbcConnectionDetailsHikariBeanPostProcessor'
2026-01-22 16:13:36 DEBUG o.s.b.f.s.DefaultListableBeanFactory [main] - Creating shared instance of singleton bean 'org.springframework.context.annotation.internalScheduledAnnotationProcessor'
2026-01-22 16:13:36 DEBUG o.s.b.f.s.DefaultListableBeanFactory [main] - Creating shared instance of singleton bean 'org.springframework.scheduling.annotation.SchedulingConfiguration'
2026-01-22 16:13:36 DEBUG o.s.b.f.s.DefaultListableBeanFactory [main] - Creating shared instance of singleton bean 'org.springframework.amqp.rabbit.config.internalRabbitListenerAnnotationProcessor'
2026-01-22 16:13:36 DEBUG o.s.b.f.s.DefaultListableBeanFactory [main] - Creating shared instance of singleton bean 'org.springframework.aop.config.internalAutoProxyCreator'
2026-01-22 16:13:36 DEBUG o.s.b.f.s.DefaultListableBeanFactory [main] - Creating shared instance of singleton bean 'persistenceExceptionTranslationPostProcessor'
2026-01-22 16:13:36 DEBUG o.s.b.f.s.DefaultListableBeanFactory [main] - Autowiring by type from bean name 'persistenceExceptionTranslationPostProcessor' via factory method to bean named 'environment'
2026-01-22 16:13:36 DEBUG o.s.b.f.s.DefaultListableBeanFactory [main] - Creating shared instance of singleton bean 'webServerFactoryCustomizerBeanPostProcessor'
2026-01-22 16:13:36 DEBUG o.s.b.f.s.DefaultListableBeanFactory [main] - Creating shared instance of singleton bean 'errorPageRegistrarBeanPostProcessor'
2026-01-22 16:13:36 DEBUG o.s.b.f.s.DefaultListableBeanFactory [main] - Creating shared instance of singleton bean 'hypermediaRepresentionModelProcessorConfigurator'
2026-01-22 16:13:36 DEBUG o.s.b.f.s.DefaultListableBeanFactory [main] - Creating shared instance of singleton bean 'org.springframework.transaction.config.internalTransactionAdvisor'
2026-01-22 16:13:36 DEBUG o.s.b.f.s.DefaultListableBeanFactory [main] - Creating shared instance of singleton bean 'org.springframework.transaction.annotation.ProxyTransactionManagementConfiguration'
2026-01-22 16:13:36 DEBUG o.s.b.f.s.DefaultListableBeanFactory [main] - Creating shared instance of singleton bean 'transactionAttributeSource'
2026-01-22 16:13:36 DEBUG o.s.b.f.s.DefaultListableBeanFactory [main] - Creating shared instance of singleton bean 'transactionInterceptor'
2026-01-22 16:13:36 DEBUG o.s.b.f.s.DefaultListableBeanFactory [main] - Autowiring by type from bean name 'transactionInterceptor' via factory method to bean named 'transactionAttributeSource'
2026-01-22 16:13:36 DEBUG o.s.b.f.s.DefaultListableBeanFactory [main] - Autowiring by type from bean name 'org.springframework.transaction.config.internalTransactionAdvisor' via factory method to bean named 'transactionAttributeSource'
2026-01-22 16:13:36 DEBUG o.s.b.f.s.DefaultListableBeanFactory [main] - Autowiring by type from bean name 'org.springframework.transaction.config.internalTransactionAdvisor' via factory method to bean named 'transactionInterceptor'
2026-01-22 16:13:36 DEBUG o.s.b.f.s.DefaultListableBeanFactory [main] - Creating shared instance of singleton bean 'hypermediaRestTemplateBeanPostProcessor'
2026-01-22 16:13:36 DEBUG o.s.b.f.s.DefaultListableBeanFactory [main] - Creating shared instance of singleton bean 'webClientBeanPostProcessor'
2026-01-22 16:13:36 DEBUG o.s.b.f.s.DefaultListableBeanFactory [main] - Creating shared instance of singleton bean 'projectionDefinitionRegistrar'
2026-01-22 16:13:36 DEBUG o.s.b.f.s.DefaultListableBeanFactory [main] - Creating shared instance of singleton bean 'annotatedEventHandlerInvoker'
2026-01-22 16:13:36 DEBUG o.s.u.c.s.UiApplicationContextUtils [main] - Unable to locate ThemeSource with name 'themeSource': using default [org.springframework.ui.context.support.ResourceBundleThemeSource@6f9e08d4]
2026-01-22 16:13:36 DEBUG o.s.b.f.s.DefaultListableBeanFactory [main] - Creating shared instance of singleton bean 'tomcatFactory'
2026-01-22 16:13:36 DEBUG o.s.b.f.s.DefaultListableBeanFactory [main] - Creating shared instance of singleton bean 'tomcatConfig'
2026-01-22 16:13:36 DEBUG o.s.b.f.s.DefaultListableBeanFactory [main] - Creating shared instance of singleton bean 'websocketServletWebServerCustomizer'
2026-01-22 16:13:36 DEBUG o.s.b.f.s.DefaultListableBeanFactory [main] - Creating shared instance of singleton bean 'org.springframework.boot.autoconfigure.websocket.servlet.WebSocketServletAutoConfiguration$TomcatWebSocketConfiguration'
2026-01-22 16:13:36 DEBUG o.s.b.f.s.DefaultListableBeanFactory [main] - Creating shared instance of singleton bean 'servletWebServerFactoryCustomizer'
2026-01-22 16:13:36 DEBUG o.s.b.f.s.DefaultListableBeanFactory [main] - Creating shared instance of singleton bean 'org.springframework.boot.autoconfigure.web.servlet.ServletWebServerFactoryAutoConfiguration'
2026-01-22 16:13:36 DEBUG o.s.b.f.s.DefaultListableBeanFactory [main] - Creating shared instance of singleton bean 'server-org.springframework.boot.autoconfigure.web.ServerProperties'
2026-01-22 16:13:36 DEBUG o.s.b.f.s.DefaultListableBeanFactory [main] - Creating shared instance of singleton bean 'org.springframework.boot.context.properties.BoundConfigurationProperties'
2026-01-22 16:13:36 DEBUG o.s.b.f.s.DefaultListableBeanFactory [main] - Autowiring by type from bean name 'servletWebServerFactoryCustomizer' via factory method to bean named 'server-org.springframework.boot.autoconfigure.web.ServerProperties'
2026-01-22 16:13:36 DEBUG o.s.b.f.s.DefaultListableBeanFactory [main] - Creating shared instance of singleton bean 'sslBundleRegistry'
2026-01-22 16:13:36 DEBUG o.s.b.f.s.DefaultListableBeanFactory [main] - Creating shared instance of singleton bean 'org.springframework.boot.autoconfigure.ssl.SslAutoConfiguration'
2026-01-22 16:13:36 DEBUG o.s.b.f.s.DefaultListableBeanFactory [main] - Creating shared instance of singleton bean 'spring.ssl-org.springframework.boot.autoconfigure.ssl.SslProperties'
2026-01-22 16:13:36 DEBUG o.s.b.f.s.DefaultListableBeanFactory [main] - Autowiring by type from bean name 'org.springframework.boot.autoconfigure.ssl.SslAutoConfiguration' via constructor to bean named 'spring.ssl-org.springframework.boot.autoconfigure.ssl.SslProperties'
2026-01-22 16:13:36 DEBUG o.s.b.f.s.DefaultListableBeanFactory [main] - Creating shared instance of singleton bean 'sslPropertiesSslBundleRegistrar'
2026-01-22 16:13:36 DEBUG o.s.b.f.s.DefaultListableBeanFactory [main] - Creating shared instance of singleton bean 'fileWatcher'
2026-01-22 16:13:36 DEBUG o.s.b.f.s.DefaultListableBeanFactory [main] - Autowiring by type from bean name 'sslPropertiesSslBundleRegistrar' via factory method to bean named 'fileWatcher'
2026-01-22 16:13:36 DEBUG o.s.b.f.s.DefaultListableBeanFactory [main] - Creating shared instance of singleton bean 'tomcatServletWebServerFactoryCustomizer'
2026-01-22 16:13:36 DEBUG o.s.b.f.s.DefaultListableBeanFactory [main] - Autowiring by type from bean name 'tomcatServletWebServerFactoryCustomizer' via factory method to bean named 'server-org.springframework.boot.autoconfigure.web.ServerProperties'
2026-01-22 16:13:36 DEBUG o.s.b.f.s.DefaultListableBeanFactory [main] - Creating shared instance of singleton bean 'nettyWebServerFactoryCustomizer'
2026-01-22 16:13:36 DEBUG o.s.b.f.s.DefaultListableBeanFactory [main] - Creating shared instance of singleton bean 'org.springframework.boot.autoconfigure.web.embedded.EmbeddedWebServerFactoryCustomizerAutoConfiguration$NettyWebServerFactoryCustomizerConfiguration'
2026-01-22 16:13:36 DEBUG o.s.b.f.s.DefaultListableBeanFactory [main] - Autowiring by type from bean name 'nettyWebServerFactoryCustomizer' via factory method to bean named 'environment'
2026-01-22 16:13:36 DEBUG o.s.b.f.s.DefaultListableBeanFactory [main] - Autowiring by type from bean name 'nettyWebServerFactoryCustomizer' via factory method to bean named 'server-org.springframework.boot.autoconfigure.web.ServerProperties'
2026-01-22 16:13:36 DEBUG o.s.b.f.s.DefaultListableBeanFactory [main] - Creating shared instance of singleton bean 'tomcatWebServerFactoryCustomizer'
2026-01-22 16:13:36 DEBUG o.s.b.f.s.DefaultListableBeanFactory [main] - Creating shared instance of singleton bean 'org.springframework.boot.autoconfigure.web.embedded.EmbeddedWebServerFactoryCustomizerAutoConfiguration$TomcatWebServerFactoryCustomizerConfiguration'
2026-01-22 16:13:36 DEBUG o.s.b.f.s.DefaultListableBeanFactory [main] - Autowiring by type from bean name 'tomcatWebServerFactoryCustomizer' via factory method to bean named 'environment'
2026-01-22 16:13:36 DEBUG o.s.b.f.s.DefaultListableBeanFactory [main] - Autowiring by type from bean name 'tomcatWebServerFactoryCustomizer' via factory method to bean named 'server-org.springframework.boot.autoconfigure.web.ServerProperties'
2026-01-22 16:13:36 DEBUG o.s.b.f.s.DefaultListableBeanFactory [main] - Creating shared instance of singleton bean 'localeCharsetMappingsCustomizer'
2026-01-22 16:13:36 DEBUG o.s.b.f.s.DefaultListableBeanFactory [main] - Creating shared instance of singleton bean 'org.springframework.boot.autoconfigure.web.servlet.HttpEncodingAutoConfiguration'
2026-01-22 16:13:36 DEBUG o.s.b.f.s.DefaultListableBeanFactory [main] - Autowiring by type from bean name 'org.springframework.boot.autoconfigure.web.servlet.HttpEncodingAutoConfiguration' via constructor to bean named 'server-org.springframework.boot.autoconfigure.web.ServerProperties'
2026-01-22 16:13:36 DEBUG o.s.b.f.s.DefaultListableBeanFactory [main] - Creating shared instance of singleton bean 'errorPageCustomizer'
2026-01-22 16:13:36 DEBUG o.s.b.f.s.DefaultListableBeanFactory [main] - Creating shared instance of singleton bean 'org.springframework.boot.autoconfigure.web.servlet.error.ErrorMvcAutoConfiguration'
2026-01-22 16:13:36 DEBUG o.s.b.f.s.DefaultListableBeanFactory [main] - Autowiring by type from bean name 'org.springframework.boot.autoconfigure.web.servlet.error.ErrorMvcAutoConfiguration' via constructor to bean named 'server-org.springframework.boot.autoconfigure.web.ServerProperties'
2026-01-22 16:13:36 DEBUG o.s.b.f.s.DefaultListableBeanFactory [main] - Creating shared instance of singleton bean 'dispatcherServletRegistration'
2026-01-22 16:13:36 DEBUG o.s.b.f.s.DefaultListableBeanFactory [main] - Creating shared instance of singleton bean 'org.springframework.boot.autoconfigure.web.servlet.DispatcherServletAutoConfiguration$DispatcherServletRegistrationConfiguration'
2026-01-22 16:13:36 DEBUG o.s.b.f.s.DefaultListableBeanFactory [main] - Creating shared instance of singleton bean 'dispatcherServlet'
2026-01-22 16:13:36 DEBUG o.s.b.f.s.DefaultListableBeanFactory [main] - Creating shared instance of singleton bean 'org.springframework.boot.autoconfigure.web.servlet.DispatcherServletAutoConfiguration$DispatcherServletConfiguration'
2026-01-22 16:13:36 DEBUG o.s.b.f.s.DefaultListableBeanFactory [main] - Creating shared instance of singleton bean 'spring.mvc-org.springframework.boot.autoconfigure.web.servlet.WebMvcProperties'
2026-01-22 16:13:36 DEBUG o.s.b.f.s.DefaultListableBeanFactory [main] - Autowiring by type from bean name 'dispatcherServlet' via factory method to bean named 'spring.mvc-org.springframework.boot.autoconfigure.web.servlet.WebMvcProperties'
2026-01-22 16:13:36 DEBUG o.s.b.f.s.DefaultListableBeanFactory [main] - Autowiring by type from bean name 'dispatcherServletRegistration' via factory method to bean named 'dispatcherServlet'
2026-01-22 16:13:36 DEBUG o.s.b.f.s.DefaultListableBeanFactory [main] - Autowiring by type from bean name 'dispatcherServletRegistration' via factory method to bean named 'spring.mvc-org.springframework.boot.autoconfigure.web.servlet.WebMvcProperties'
2026-01-22 16:13:36 DEBUG o.s.b.f.s.DefaultListableBeanFactory [main] - Creating shared instance of singleton bean 'multipartConfigElement'
2026-01-22 16:13:36 DEBUG o.s.b.f.s.DefaultListableBeanFactory [main] - Creating shared instance of singleton bean 'org.springframework.boot.autoconfigure.web.servlet.MultipartAutoConfiguration'
2026-01-22 16:13:36 DEBUG o.s.b.f.s.DefaultListableBeanFactory [main] - Creating shared instance of singleton bean 'spring.servlet.multipart-org.springframework.boot.autoconfigure.web.servlet.MultipartProperties'
2026-01-22 16:13:36 DEBUG o.s.b.f.s.DefaultListableBeanFactory [main] - Autowiring by type from bean name 'org.springframework.boot.autoconfigure.web.servlet.MultipartAutoConfiguration' via constructor to bean named 'spring.servlet.multipart-org.springframework.boot.autoconfigure.web.servlet.MultipartProperties'
2026-01-22 16:13:36 DEBUG o.s.b.f.s.DefaultListableBeanFactory [main] - Autowiring by type from bean name 'errorPageCustomizer' via factory method to bean named 'dispatcherServletRegistration'
2026-01-22 16:13:36 DEBUG o.s.b.w.e.t.TomcatServletWebServerFactory [main] - Code archive: C:\vscu2\vscu-v2.0.6.jar
2026-01-22 16:13:36 DEBUG o.s.b.w.e.t.TomcatServletWebServerFactory [main] - Code archive: C:\vscu2\vscu-v2.0.6.jar
2026-01-22 16:13:36 DEBUG o.s.b.w.e.t.TomcatServletWebServerFactory [main] - None of the document roots [src/main/webapp, public, static] point to a directory and will be ignored.
2026-01-22 16:13:36 INFO  o.s.b.w.e.tomcat.TomcatWebServer [main] - Tomcat initialized with port 8090 (http)
2026-01-22 16:13:36 INFO  o.a.coyote.http11.Http11NioProtocol [main] - Initializing ProtocolHandler ["http-nio-8090"]
2026-01-22 16:13:36 INFO  o.a.catalina.core.StandardService [main] - Starting service [Tomcat]
2026-01-22 16:13:36 INFO  o.a.catalina.core.StandardEngine [main] - Starting Servlet engine: [Apache Tomcat/10.1.19]
2026-01-22 16:13:36 INFO  o.a.c.c.C.[Tomcat].[localhost].[/] [main] - Initializing Spring embedded WebApplicationContext
2026-01-22 16:13:36 DEBUG o.s.b.w.s.c.ServletWebServerApplicationContext [main] - Published root WebApplicationContext as ServletContext attribute with name [org.springframework.web.context.WebApplicationContext.ROOT]
2026-01-22 16:13:36 INFO  o.s.b.w.s.c.ServletWebServerApplicationContext [main] - Root WebApplicationContext: initialization completed in 2001 ms
2026-01-22 16:13:36 DEBUG o.s.b.f.s.DefaultListableBeanFactory [main] - Creating shared instance of singleton bean 'h2Console'
2026-01-22 16:13:36 DEBUG o.s.b.f.s.DefaultListableBeanFactory [main] - Creating shared instance of singleton bean 'org.springframework.boot.autoconfigure.h2.H2ConsoleAutoConfiguration'
2026-01-22 16:13:36 DEBUG o.s.b.f.s.DefaultListableBeanFactory [main] - Creating shared instance of singleton bean 'spring.h2.console-org.springframework.boot.autoconfigure.h2.H2ConsoleProperties'
2026-01-22 16:13:36 DEBUG o.s.b.f.s.DefaultListableBeanFactory [main] - Autowiring by type from bean name 'h2Console' via factory method to bean named 'spring.h2.console-org.springframework.boot.autoconfigure.h2.H2ConsoleProperties'
2026-01-22 16:13:36 DEBUG o.s.b.f.s.DefaultListableBeanFactory [main] - Creating shared instance of singleton bean 'dataSource'
2026-01-22 16:13:36 DEBUG o.s.b.f.s.DefaultListableBeanFactory [main] - Creating shared instance of singleton bean 'org.springframework.boot.autoconfigure.jdbc.DataSourceConfiguration$Hikari'
2026-01-22 16:13:36 DEBUG o.s.b.f.s.DefaultListableBeanFactory [main] - Creating shared instance of singleton bean 'spring.datasource-org.springframework.boot.autoconfigure.jdbc.DataSourceProperties'
2026-01-22 16:13:36 DEBUG o.s.b.f.s.DefaultListableBeanFactory [main] - Creating shared instance of singleton bean 'jdbcConnectionDetails'
2026-01-22 16:13:36 DEBUG o.s.b.f.s.DefaultListableBeanFactory [main] - Creating shared instance of singleton bean 'org.springframework.boot.autoconfigure.jdbc.DataSourceAutoConfiguration$PooledDataSourceConfiguration'
2026-01-22 16:13:36 DEBUG o.s.b.f.s.DefaultListableBeanFactory [main] - Autowiring by type from bean name 'jdbcConnectionDetails' via factory method to bean named 'spring.datasource-org.springframework.boot.autoconfigure.jdbc.DataSourceProperties'
2026-01-22 16:13:36 DEBUG o.s.b.f.s.DefaultListableBeanFactory [main] - Autowiring by type from bean name 'dataSource' via factory method to bean named 'spring.datasource-org.springframework.boot.autoconfigure.jdbc.DataSourceProperties'
2026-01-22 16:13:36 DEBUG o.s.b.f.s.DefaultListableBeanFactory [main] - Autowiring by type from bean name 'dataSource' via factory method to bean named 'jdbcConnectionDetails'
2026-01-22 16:13:36 DEBUG com.zaxxer.hikari.HikariConfig [main] - Driver class org.h2.Driver found in Thread context class loader org.springframework.boot.loader.launch.LaunchedClassLoader@2dda6444
2026-01-22 16:13:36 WARN  com.zaxxer.hikari.HikariConfig [main] - HikariPool-1 - idleTimeout has been set but has no effect because the pool is operating as a fixed size pool.
2026-01-22 16:13:36 DEBUG com.zaxxer.hikari.HikariConfig [main] - HikariPool-1 - configuration:
2026-01-22 16:13:36 DEBUG com.zaxxer.hikari.HikariConfig [main] - allowPoolSuspension.............false
2026-01-22 16:13:36 DEBUG com.zaxxer.hikari.HikariConfig [main] - autoCommit......................true
2026-01-22 16:13:36 DEBUG com.zaxxer.hikari.HikariConfig [main] - catalog.........................none
2026-01-22 16:13:36 DEBUG com.zaxxer.hikari.HikariConfig [main] - connectionInitSql...............none
2026-01-22 16:13:36 DEBUG com.zaxxer.hikari.HikariConfig [main] - connectionTestQuery.............none
2026-01-22 16:13:36 DEBUG com.zaxxer.hikari.HikariConfig [main] - connectionTimeout...............30000
2026-01-22 16:13:36 DEBUG com.zaxxer.hikari.HikariConfig [main] - dataSource......................none
2026-01-22 16:13:36 DEBUG com.zaxxer.hikari.HikariConfig [main] - dataSourceClassName.............none
2026-01-22 16:13:36 DEBUG com.zaxxer.hikari.HikariConfig [main] - dataSourceJNDI..................none
2026-01-22 16:13:36 DEBUG com.zaxxer.hikari.HikariConfig [main] - dataSourceProperties............{password=<masked>}
2026-01-22 16:13:36 DEBUG com.zaxxer.hikari.HikariConfig [main] - driverClassName................."org.h2.Driver"
2026-01-22 16:13:36 DEBUG com.zaxxer.hikari.HikariConfig [main] - exceptionOverrideClassName......none
2026-01-22 16:13:36 DEBUG com.zaxxer.hikari.HikariConfig [main] - healthCheckProperties...........{}
2026-01-22 16:13:36 DEBUG com.zaxxer.hikari.HikariConfig [main] - healthCheckRegistry.............none
2026-01-22 16:13:36 DEBUG com.zaxxer.hikari.HikariConfig [main] - idleTimeout.....................30000
2026-01-22 16:13:36 DEBUG com.zaxxer.hikari.HikariConfig [main] - initializationFailTimeout.......1
2026-01-22 16:13:36 DEBUG com.zaxxer.hikari.HikariConfig [main] - isolateInternalQueries..........false
2026-01-22 16:13:36 DEBUG com.zaxxer.hikari.HikariConfig [main] - jdbcUrl.........................jdbc:h2:mem:testdb;DB_CLOSE_DELAY=-1;DB_CLOSE_ON_EXIT=FALSE
2026-01-22 16:13:36 DEBUG com.zaxxer.hikari.HikariConfig [main] - keepaliveTime...................0
2026-01-22 16:13:36 DEBUG com.zaxxer.hikari.HikariConfig [main] - leakDetectionThreshold..........0
2026-01-22 16:13:36 DEBUG com.zaxxer.hikari.HikariConfig [main] - maxLifetime.....................1800000
2026-01-22 16:13:36 DEBUG com.zaxxer.hikari.HikariConfig [main] - maximumPoolSize.................20
2026-01-22 16:13:36 DEBUG com.zaxxer.hikari.HikariConfig [main] - metricRegistry..................none
2026-01-22 16:13:36 DEBUG com.zaxxer.hikari.HikariConfig [main] - metricsTrackerFactory...........none
2026-01-22 16:13:36 DEBUG com.zaxxer.hikari.HikariConfig [main] - minimumIdle.....................20
2026-01-22 16:13:36 DEBUG com.zaxxer.hikari.HikariConfig [main] - password........................<masked>
2026-01-22 16:13:36 DEBUG com.zaxxer.hikari.HikariConfig [main] - poolName........................"HikariPool-1"
2026-01-22 16:13:36 DEBUG com.zaxxer.hikari.HikariConfig [main] - readOnly........................false
2026-01-22 16:13:36 DEBUG com.zaxxer.hikari.HikariConfig [main] - registerMbeans..................false
2026-01-22 16:13:36 DEBUG com.zaxxer.hikari.HikariConfig [main] - scheduledExecutor...............none
2026-01-22 16:13:36 DEBUG com.zaxxer.hikari.HikariConfig [main] - schema..........................none
2026-01-22 16:13:36 DEBUG com.zaxxer.hikari.HikariConfig [main] - threadFactory...................internal
2026-01-22 16:13:36 DEBUG com.zaxxer.hikari.HikariConfig [main] - transactionIsolation............default
2026-01-22 16:13:36 DEBUG com.zaxxer.hikari.HikariConfig [main] - username........................"sa"
2026-01-22 16:13:36 DEBUG com.zaxxer.hikari.HikariConfig [main] - validationTimeout...............5000
2026-01-22 16:13:36 INFO  com.zaxxer.hikari.HikariDataSource [main] - HikariPool-1 - Starting...
2026-01-22 16:13:37 INFO  com.zaxxer.hikari.pool.HikariPool [main] - HikariPool-1 - Added connection conn0: url=jdbc:h2:mem:testdb user=SA
2026-01-22 16:13:37 INFO  com.zaxxer.hikari.HikariDataSource [main] - HikariPool-1 - Start completed.
2026-01-22 16:13:37 INFO  o.s.b.a.h.H2ConsoleAutoConfiguration [main] - H2 console available at '/h2-console'. Database available at 'jdbc:h2:mem:testdb'
2026-01-22 16:13:37 DEBUG o.s.b.f.s.DefaultListableBeanFactory [main] - Creating shared instance of singleton bean 'requestContextFilter'
2026-01-22 16:13:37 DEBUG o.s.b.f.s.DefaultListableBeanFactory [main] - Creating shared instance of singleton bean 'formContentFilter'
2026-01-22 16:13:37 DEBUG o.s.b.f.s.DefaultListableBeanFactory [main] - Creating shared instance of singleton bean 'org.springframework.boot.autoconfigure.web.servlet.WebMvcAutoConfiguration'
2026-01-22 16:13:37 DEBUG o.s.b.f.s.DefaultListableBeanFactory [main] - Creating shared instance of singleton bean 'characterEncodingFilter'
2026-01-22 16:13:37 DEBUG o.s.b.w.s.ServletContextInitializerBeans [main] - Mapping filters: characterEncodingFilter urls=[/*] order=-2147483648, formContentFilter urls=[/*] order=-9900, requestContextFilter urls=[/*] order=-105
2026-01-22 16:13:37 DEBUG o.s.b.w.s.ServletContextInitializerBeans [main] - Mapping servlets: dispatcherServlet urls=[/], h2Console urls=[/h2-console/*]
2026-01-22 16:13:37 DEBUG o.s.b.w.s.f.OrderedRequestContextFilter [main] - Filter 'requestContextFilter' configured for use
2026-01-22 16:13:37 DEBUG o.s.b.w.s.f.OrderedCharacterEncodingFilter [main] - Filter 'characterEncodingFilter' configured for use
2026-01-22 16:13:37 DEBUG o.s.b.w.s.f.OrderedFormContentFilter [main] - Filter 'formContentFilter' configured for use
2026-01-22 16:13:37 DEBUG o.s.b.f.s.DefaultListableBeanFactory [main] - Creating shared instance of singleton bean 'dataSourceScriptDatabaseInitializer'
2026-01-22 16:13:37 DEBUG o.s.b.f.s.DefaultListableBeanFactory [main] - Creating shared instance of singleton bean 'org.springframework.boot.autoconfigure.sql.init.DataSourceInitializationConfiguration'
2026-01-22 16:13:37 DEBUG o.s.b.f.s.DefaultListableBeanFactory [main] - Creating shared instance of singleton bean 'spring.sql.init-org.springframework.boot.autoconfigure.sql.init.SqlInitializationProperties'
2026-01-22 16:13:37 DEBUG o.s.b.f.s.DefaultListableBeanFactory [main] - Autowiring by type from bean name 'dataSourceScriptDatabaseInitializer' via factory method to bean named 'dataSource'
2026-01-22 16:13:37 DEBUG o.s.b.f.s.DefaultListableBeanFactory [main] - Autowiring by type from bean name 'dataSourceScriptDatabaseInitializer' via factory method to bean named 'spring.sql.init-org.springframework.boot.autoconfigure.sql.init.SqlInitializationProperties'
2026-01-22 16:13:37 DEBUG com.zaxxer.hikari.pool.HikariPool [HikariPool-1 housekeeper] - HikariPool-1 - Pool stats (total=1, active=0, idle=1, waiting=0)
2026-01-22 16:13:37 DEBUG com.zaxxer.hikari.pool.HikariPool [HikariPool-1 connection adder] - HikariPool-1 - Added connection conn1: url=jdbc:h2:mem:testdb user=SA
2026-01-22 16:13:37 DEBUG o.s.b.f.s.DefaultListableBeanFactory [main] - Creating shared instance of singleton bean 'entityManagerFactory'
2026-01-22 16:13:37 DEBUG o.s.b.f.s.DefaultListableBeanFactory [main] - Creating shared instance of singleton bean 'org.springframework.boot.autoconfigure.orm.jpa.HibernateJpaConfiguration'
2026-01-22 16:13:37 DEBUG o.s.b.f.s.DefaultListableBeanFactory [main] - Creating shared instance of singleton bean 'spring.jpa-org.springframework.boot.autoconfigure.orm.jpa.JpaProperties'
2026-01-22 16:13:37 DEBUG o.s.b.f.s.DefaultListableBeanFactory [main] - Creating shared instance of singleton bean 'spring.jpa.hibernate-org.springframework.boot.autoconfigure.orm.jpa.HibernateProperties'
2026-01-22 16:13:37 DEBUG com.zaxxer.hikari.pool.HikariPool [HikariPool-1 connection adder] - HikariPool-1 - Added connection conn2: url=jdbc:h2:mem:testdb user=SA
2026-01-22 16:13:37 DEBUG o.s.b.f.s.DefaultListableBeanFactory [main] - Autowiring by type from bean name 'org.springframework.boot.autoconfigure.orm.jpa.HibernateJpaConfiguration' via constructor to bean named 'dataSource'
2026-01-22 16:13:37 DEBUG o.s.b.f.s.DefaultListableBeanFactory [main] - Autowiring by type from bean name 'org.springframework.boot.autoconfigure.orm.jpa.HibernateJpaConfiguration' via constructor to bean named 'spring.jpa-org.springframework.boot.autoconfigure.orm.jpa.JpaProperties'
2026-01-22 16:13:37 DEBUG o.s.b.f.s.DefaultListableBeanFactory [main] - Autowiring by type from bean name 'org.springframework.boot.autoconfigure.orm.jpa.HibernateJpaConfiguration' via constructor to bean named 'org.springframework.beans.factory.support.DefaultListableBeanFactory@5e77f0f4'
2026-01-22 16:13:37 DEBUG o.s.b.f.s.DefaultListableBeanFactory [main] - Autowiring by type from bean name 'org.springframework.boot.autoconfigure.orm.jpa.HibernateJpaConfiguration' via constructor to bean named 'spring.jpa.hibernate-org.springframework.boot.autoconfigure.orm.jpa.HibernateProperties'
2026-01-22 16:13:37 DEBUG o.s.b.f.s.DefaultListableBeanFactory [main] - Creating shared instance of singleton bean 'hikariPoolDataSourceMetadataProvider'
2026-01-22 16:13:37 DEBUG o.s.b.f.s.DefaultListableBeanFactory [main] - Creating shared instance of singleton bean 'org.springframework.boot.autoconfigure.jdbc.metadata.DataSourcePoolMetadataProvidersConfiguration$HikariPoolDataSourceMetadataProviderConfiguration'
2026-01-22 16:13:37 DEBUG o.s.b.f.s.DefaultListableBeanFactory [main] - Creating shared instance of singleton bean 'entityManagerFactoryBuilder'
2026-01-22 16:13:37 DEBUG o.s.b.f.s.DefaultListableBeanFactory [main] - Creating shared instance of singleton bean 'jpaVendorAdapter'
2026-01-22 16:13:37 DEBUG com.zaxxer.hikari.pool.HikariPool [HikariPool-1 connection adder] - HikariPool-1 - Added connection conn3: url=jdbc:h2:mem:testdb user=SA
2026-01-22 16:13:37 DEBUG com.zaxxer.hikari.pool.HikariPool [HikariPool-1 connection adder] - HikariPool-1 - Added connection conn4: url=jdbc:h2:mem:testdb user=SA
2026-01-22 16:13:37 DEBUG org.jboss.logging [main] - Logging Provider: org.jboss.logging.Slf4jLoggerProvider found via system property
2026-01-22 16:13:37 DEBUG o.s.b.f.s.DefaultListableBeanFactory [main] - Autowiring by type from bean name 'entityManagerFactoryBuilder' via factory method to bean named 'jpaVendorAdapter'
2026-01-22 16:13:37 DEBUG com.zaxxer.hikari.pool.HikariPool [HikariPool-1 connection adder] - HikariPool-1 - Added connection conn5: url=jdbc:h2:mem:testdb user=SA
2026-01-22 16:13:37 DEBUG o.s.b.f.s.DefaultListableBeanFactory [main] - Creating shared instance of singleton bean 'persistenceManagedTypes'
2026-01-22 16:13:37 DEBUG o.s.b.f.s.DefaultListableBeanFactory [main] - Autowiring by type from bean name 'persistenceManagedTypes' via factory method to bean named 'org.springframework.beans.factory.support.DefaultListableBeanFactory@5e77f0f4'
2026-01-22 16:13:37 DEBUG o.s.b.f.s.DefaultListableBeanFactory [main] - Autowiring by type from bean name 'persistenceManagedTypes' via factory method to bean named 'org.springframework.boot.web.servlet.context.AnnotationConfigServletWebServerApplicationContext@aa549e5'
2026-01-22 16:13:37 DEBUG o.s.b.f.s.DefaultListableBeanFactory [main] - Creating shared instance of singleton bean 'org.springframework.boot.autoconfigure.domain.EntityScanPackages'
2026-01-22 16:13:37 DEBUG o.s.b.f.s.DefaultListableBeanFactory [main] - Autowiring by type from bean name 'entityManagerFactory' via factory method to bean named 'entityManagerFactoryBuilder'
2026-01-22 16:13:37 DEBUG o.s.b.f.s.DefaultListableBeanFactory [main] - Autowiring by type from bean name 'entityManagerFactory' via factory method to bean named 'persistenceManagedTypes'
2026-01-22 16:13:37 DEBUG com.zaxxer.hikari.pool.HikariPool [HikariPool-1 connection adder] - HikariPool-1 - Added connection conn6: url=jdbc:h2:mem:testdb user=SA
2026-01-22 16:13:37 DEBUG o.s.jdbc.datasource.DataSourceUtils [main] - Fetching JDBC Connection from DataSource
2026-01-22 16:13:37 DEBUG com.zaxxer.hikari.pool.HikariPool [HikariPool-1 connection adder] - HikariPool-1 - Added connection conn7: url=jdbc:h2:mem:testdb user=SA
2026-01-22 16:13:37 DEBUG com.zaxxer.hikari.pool.HikariPool [HikariPool-1 connection adder] - HikariPool-1 - Added connection conn8: url=jdbc:h2:mem:testdb user=SA
2026-01-22 16:13:37 DEBUG o.s.o.j.LocalContainerEntityManagerFactoryBean [main] - Building JPA container EntityManagerFactory for persistence unit 'default'
2026-01-22 16:13:37 DEBUG com.zaxxer.hikari.pool.HikariPool [HikariPool-1 connection adder] - HikariPool-1 - Added connection conn9: url=jdbc:h2:mem:testdb user=SA
2026-01-22 16:13:37 DEBUG o.h.jpa.internal.util.LogHelper [main] - PersistenceUnitInfo [
	name: default
	persistence provider classname: null
	classloader: org.springframework.boot.loader.launch.LaunchedClassLoader@2dda6444
	excludeUnlistedClasses: true
	JTA datasource: null
	Non JTA datasource: HikariDataSource (HikariPool-1)
	Transaction type: RESOURCE_LOCAL
	PU root URL: nested:/C:/vscu2/vscu-v2.0.6.jar/!BOOT-INF/classes/
	Shared Cache Mode: UNSPECIFIED
	Validation Mode: AUTO
	Jar files URLs []
	Managed classes names [
		com.kra.vsdc.models.storage.Initiolise
		com.kra.vsdc.models.storage.Transaction]
	Mapping files names []
	Properties []
2026-01-22 16:13:37 DEBUG com.zaxxer.hikari.pool.HikariPool [HikariPool-1 connection adder] - HikariPool-1 - Added connection conn10: url=jdbc:h2:mem:testdb user=SA
2026-01-22 16:13:37 DEBUG com.zaxxer.hikari.pool.HikariPool [HikariPool-1 connection adder] - HikariPool-1 - Added connection conn11: url=jdbc:h2:mem:testdb user=SA
2026-01-22 16:13:37 DEBUG o.h.i.internal.IntegratorServiceImpl [main] - Adding Integrator [org.hibernate.boot.beanvalidation.BeanValidationIntegrator].
2026-01-22 16:13:37 DEBUG o.h.i.internal.IntegratorServiceImpl [main] - Adding Integrator [org.hibernate.cache.internal.CollectionCacheInvalidator].
2026-01-22 16:13:37 DEBUG com.zaxxer.hikari.pool.HikariPool [HikariPool-1 connection adder] - HikariPool-1 - Added connection conn12: url=jdbc:h2:mem:testdb user=SA
2026-01-22 16:13:37 DEBUG com.zaxxer.hikari.pool.HikariPool [HikariPool-1 connection adder] - HikariPool-1 - Added connection conn13: url=jdbc:h2:mem:testdb user=SA
2026-01-22 16:13:37 DEBUG com.zaxxer.hikari.pool.HikariPool [HikariPool-1 connection adder] - HikariPool-1 - Added connection conn14: url=jdbc:h2:mem:testdb user=SA
2026-01-22 16:13:37 DEBUG com.zaxxer.hikari.pool.HikariPool [HikariPool-1 connection adder] - HikariPool-1 - Added connection conn15: url=jdbc:h2:mem:testdb user=SA
2026-01-22 16:13:37 DEBUG com.zaxxer.hikari.pool.HikariPool [HikariPool-1 connection adder] - HikariPool-1 - Added connection conn16: url=jdbc:h2:mem:testdb user=SA
2026-01-22 16:13:37 INFO  org.hibernate.Version [main] - HHH000412: Hibernate ORM core version 6.4.4.Final
2026-01-22 16:13:37 DEBUG com.zaxxer.hikari.pool.HikariPool [HikariPool-1 connection adder] - HikariPool-1 - Added connection conn17: url=jdbc:h2:mem:testdb user=SA
2026-01-22 16:13:37 DEBUG org.hibernate.cfg.Environment [main] - HHH000206: 'hibernate.properties' not found
2026-01-22 16:13:37 DEBUG com.zaxxer.hikari.pool.HikariPool [HikariPool-1 connection adder] - HikariPool-1 - Added connection conn18: url=jdbc:h2:mem:testdb user=SA
2026-01-22 16:13:37 DEBUG com.zaxxer.hikari.pool.HikariPool [HikariPool-1 connection adder] - HikariPool-1 - Added connection conn19: url=jdbc:h2:mem:testdb user=SA
2026-01-22 16:13:37 DEBUG org.hibernate.orm.idgen.factory [main] - Registering IdentifierGenerator strategy [uuid2] -> [org.hibernate.id.UUIDGenerator]
2026-01-22 16:13:37 DEBUG org.hibernate.orm.idgen.factory [main] - Registering IdentifierGenerator strategy [guid] -> [org.hibernate.id.GUIDGenerator]
2026-01-22 16:13:37 DEBUG com.zaxxer.hikari.pool.HikariPool [HikariPool-1 connection adder] - HikariPool-1 - After adding stats (total=20, active=0, idle=20, waiting=0)
2026-01-22 16:13:37 DEBUG org.hibernate.orm.idgen.factory [main] - Registering IdentifierGenerator strategy [uuid] -> [org.hibernate.id.UUIDHexGenerator]
2026-01-22 16:13:37 DEBUG org.hibernate.orm.idgen.factory [main] - Registering IdentifierGenerator strategy [uuid.hex] -> [org.hibernate.id.UUIDHexGenerator]
2026-01-22 16:13:37 DEBUG org.hibernate.orm.idgen.factory [main] - Registering IdentifierGenerator strategy [assigned] -> [org.hibernate.id.Assigned]
2026-01-22 16:13:37 DEBUG org.hibernate.orm.idgen.factory [main] - Registering IdentifierGenerator strategy [identity] -> [org.hibernate.id.IdentityGenerator]
2026-01-22 16:13:37 DEBUG org.hibernate.orm.idgen.factory [main] - Registering IdentifierGenerator strategy [select] -> [org.hibernate.id.SelectGenerator]
2026-01-22 16:13:37 DEBUG org.hibernate.orm.idgen.factory [main] - Registering IdentifierGenerator strategy [sequence] -> [org.hibernate.id.enhanced.SequenceStyleGenerator]
2026-01-22 16:13:37 DEBUG org.hibernate.orm.idgen.factory [main] - Registering IdentifierGenerator strategy [increment] -> [org.hibernate.id.IncrementGenerator]
2026-01-22 16:13:37 DEBUG org.hibernate.orm.idgen.factory [main] - Registering IdentifierGenerator strategy [foreign] -> [org.hibernate.id.ForeignGenerator]
2026-01-22 16:13:37 DEBUG org.hibernate.orm.idgen.factory [main] - Registering IdentifierGenerator strategy [enhanced-sequence] -> [org.hibernate.id.enhanced.SequenceStyleGenerator]
2026-01-22 16:13:37 DEBUG org.hibernate.orm.idgen.factory [main] - Registering IdentifierGenerator strategy [enhanced-table] -> [org.hibernate.id.enhanced.TableGenerator]
2026-01-22 16:13:37 DEBUG o.h.c.i.RegionFactoryInitiator [main] - Cannot default RegionFactory based on registered strategies as `[]` RegionFactory strategies were registered
2026-01-22 16:13:37 INFO  o.h.c.i.RegionFactoryInitiator [main] - HHH000026: Second-level cache disabled
2026-01-22 16:13:37 DEBUG o.hibernate.type.BasicTypeRegistry [main] - Adding type registration boolean -> org.hibernate.type.BasicTypeReference@7e4ac598
2026-01-22 16:13:37 DEBUG o.hibernate.type.BasicTypeRegistry [main] - Adding type registration boolean -> org.hibernate.type.BasicTypeReference@7e4ac598
2026-01-22 16:13:37 DEBUG o.hibernate.type.BasicTypeRegistry [main] - Adding type registration java.lang.Boolean -> org.hibernate.type.BasicTypeReference@7e4ac598
2026-01-22 16:13:37 DEBUG o.hibernate.type.BasicTypeRegistry [main] - Adding type registration numeric_boolean -> org.hibernate.type.BasicTypeReference@cf10c92
2026-01-22 16:13:37 DEBUG o.hibernate.type.BasicTypeRegistry [main] - Adding type registration org.hibernate.type.NumericBooleanConverter -> org.hibernate.type.BasicTypeReference@cf10c92
2026-01-22 16:13:37 DEBUG o.hibernate.type.BasicTypeRegistry [main] - Adding type registration true_false -> org.hibernate.type.BasicTypeReference@f76872f
2026-01-22 16:13:37 DEBUG o.hibernate.type.BasicTypeRegistry [main] - Adding type registration org.hibernate.type.TrueFalseConverter -> org.hibernate.type.BasicTypeReference@f76872f
2026-01-22 16:13:37 DEBUG o.hibernate.type.BasicTypeRegistry [main] - Adding type registration yes_no -> org.hibernate.type.BasicTypeReference@2d4e99de
2026-01-22 16:13:37 DEBUG o.hibernate.type.BasicTypeRegistry [main] - Adding type registration org.hibernate.type.YesNoConverter -> org.hibernate.type.BasicTypeReference@2d4e99de
2026-01-22 16:13:37 DEBUG o.hibernate.type.BasicTypeRegistry [main] - Adding type registration byte -> org.hibernate.type.BasicTypeReference@580ffea
2026-01-22 16:13:37 DEBUG o.hibernate.type.BasicTypeRegistry [main] - Adding type registration byte -> org.hibernate.type.BasicTypeReference@580ffea
2026-01-22 16:13:37 DEBUG o.hibernate.type.BasicTypeRegistry [main] - Adding type registration java.lang.Byte -> org.hibernate.type.BasicTypeReference@580ffea
2026-01-22 16:13:37 DEBUG o.hibernate.type.BasicTypeRegistry [main] - Adding type registration binary -> org.hibernate.type.BasicTypeReference@191e654
2026-01-22 16:13:37 DEBUG o.hibernate.type.BasicTypeRegistry [main] - Adding type registration byte[] -> org.hibernate.type.BasicTypeReference@191e654
2026-01-22 16:13:37 DEBUG o.hibernate.type.BasicTypeRegistry [main] - Adding type registration [B -> org.hibernate.type.BasicTypeReference@191e654
2026-01-22 16:13:37 DEBUG o.hibernate.type.BasicTypeRegistry [main] - Adding type registration binary_wrapper -> org.hibernate.type.BasicTypeReference@3a6556b6
2026-01-22 16:13:37 DEBUG o.hibernate.type.BasicTypeRegistry [main] - Adding type registration wrapper-binary -> org.hibernate.type.BasicTypeReference@3a6556b6
2026-01-22 16:13:37 DEBUG o.hibernate.type.BasicTypeRegistry [main] - Adding type registration image -> org.hibernate.type.BasicTypeReference@63bca84d
2026-01-22 16:13:37 DEBUG o.hibernate.type.BasicTypeRegistry [main] - Adding type registration blob -> org.hibernate.type.BasicTypeReference@6141647f
2026-01-22 16:13:37 DEBUG o.hibernate.type.BasicTypeRegistry [main] - Adding type registration java.sql.Blob -> org.hibernate.type.BasicTypeReference@6141647f
2026-01-22 16:13:37 DEBUG o.hibernate.type.BasicTypeRegistry [main] - Adding type registration materialized_blob -> org.hibernate.type.BasicTypeReference@6f6c8d45
2026-01-22 16:13:37 DEBUG o.hibernate.type.BasicTypeRegistry [main] - Adding type registration materialized_blob_wrapper -> org.hibernate.type.BasicTypeReference@7f2ca6f8
2026-01-22 16:13:37 DEBUG o.hibernate.type.BasicTypeRegistry [main] - Adding type registration short -> org.hibernate.type.BasicTypeReference@79d49790
2026-01-22 16:13:37 DEBUG o.hibernate.type.BasicTypeRegistry [main] - Adding type registration short -> org.hibernate.type.BasicTypeReference@79d49790
2026-01-22 16:13:37 DEBUG o.hibernate.type.BasicTypeRegistry [main] - Adding type registration java.lang.Short -> org.hibernate.type.BasicTypeReference@79d49790
2026-01-22 16:13:37 DEBUG o.hibernate.type.BasicTypeRegistry [main] - Adding type registration integer -> org.hibernate.type.BasicTypeReference@13dc6649
2026-01-22 16:13:37 DEBUG o.hibernate.type.BasicTypeRegistry [main] - Adding type registration int -> org.hibernate.type.BasicTypeReference@13dc6649
2026-01-22 16:13:37 DEBUG o.hibernate.type.BasicTypeRegistry [main] - Adding type registration java.lang.Integer -> org.hibernate.type.BasicTypeReference@13dc6649
2026-01-22 16:13:37 DEBUG o.hibernate.type.BasicTypeRegistry [main] - Adding type registration long -> org.hibernate.type.BasicTypeReference@1851c7d2
2026-01-22 16:13:37 DEBUG o.hibernate.type.BasicTypeRegistry [main] - Adding type registration long -> org.hibernate.type.BasicTypeReference@1851c7d2
2026-01-22 16:13:37 DEBUG o.hibernate.type.BasicTypeRegistry [main] - Adding type registration java.lang.Long -> org.hibernate.type.BasicTypeReference@1851c7d2
2026-01-22 16:13:37 DEBUG o.hibernate.type.BasicTypeRegistry [main] - Adding type registration float -> org.hibernate.type.BasicTypeReference@250a946
2026-01-22 16:13:37 DEBUG o.hibernate.type.BasicTypeRegistry [main] - Adding type registration float -> org.hibernate.type.BasicTypeReference@250a946
2026-01-22 16:13:37 DEBUG o.hibernate.type.BasicTypeRegistry [main] - Adding type registration java.lang.Float -> org.hibernate.type.BasicTypeReference@250a946
2026-01-22 16:13:37 DEBUG o.hibernate.type.BasicTypeRegistry [main] - Adding type registration double -> org.hibernate.type.BasicTypeReference@5fe5c68b
2026-01-22 16:13:37 DEBUG o.hibernate.type.BasicTypeRegistry [main] - Adding type registration double -> org.hibernate.type.BasicTypeReference@5fe5c68b
2026-01-22 16:13:37 DEBUG o.hibernate.type.BasicTypeRegistry [main] - Adding type registration java.lang.Double -> org.hibernate.type.BasicTypeReference@5fe5c68b
2026-01-22 16:13:37 DEBUG o.hibernate.type.BasicTypeRegistry [main] - Adding type registration big_integer -> org.hibernate.type.BasicTypeReference@2ffb0d10
2026-01-22 16:13:37 DEBUG o.hibernate.type.BasicTypeRegistry [main] - Adding type registration java.math.BigInteger -> org.hibernate.type.BasicTypeReference@2ffb0d10
2026-01-22 16:13:37 DEBUG o.hibernate.type.BasicTypeRegistry [main] - Adding type registration big_decimal -> org.hibernate.type.BasicTypeReference@3982206a
2026-01-22 16:13:37 DEBUG o.hibernate.type.BasicTypeRegistry [main] - Adding type registration java.math.BigDecimal -> org.hibernate.type.BasicTypeReference@3982206a
2026-01-22 16:13:37 DEBUG o.hibernate.type.BasicTypeRegistry [main] - Adding type registration character -> org.hibernate.type.BasicTypeReference@3e9fb485
2026-01-22 16:13:37 DEBUG o.hibernate.type.BasicTypeRegistry [main] - Adding type registration char -> org.hibernate.type.BasicTypeReference@3e9fb485
2026-01-22 16:13:37 DEBUG o.hibernate.type.BasicTypeRegistry [main] - Adding type registration java.lang.Character -> org.hibernate.type.BasicTypeReference@3e9fb485
2026-01-22 16:13:37 DEBUG o.hibernate.type.BasicTypeRegistry [main] - Adding type registration character_nchar -> org.hibernate.type.BasicTypeReference@4f3fec43
2026-01-22 16:13:37 DEBUG o.hibernate.type.BasicTypeRegistry [main] - Adding type registration string -> org.hibernate.type.BasicTypeReference@38dbeb39
2026-01-22 16:13:37 DEBUG o.hibernate.type.BasicTypeRegistry [main] - Adding type registration java.lang.String -> org.hibernate.type.BasicTypeReference@38dbeb39
2026-01-22 16:13:37 DEBUG o.hibernate.type.BasicTypeRegistry [main] - Adding type registration nstring -> org.hibernate.type.BasicTypeReference@10f20d38
2026-01-22 16:13:37 DEBUG o.hibernate.type.BasicTypeRegistry [main] - Adding type registration characters -> org.hibernate.type.BasicTypeReference@538aa83f
2026-01-22 16:13:37 DEBUG o.hibernate.type.BasicTypeRegistry [main] - Adding type registration char[] -> org.hibernate.type.BasicTypeReference@538aa83f
2026-01-22 16:13:37 DEBUG o.hibernate.type.BasicTypeRegistry [main] - Adding type registration [C -> org.hibernate.type.BasicTypeReference@538aa83f
2026-01-22 16:13:37 DEBUG o.hibernate.type.BasicTypeRegistry [main] - Adding type registration wrapper-characters -> org.hibernate.type.BasicTypeReference@63e70bf9
2026-01-22 16:13:37 DEBUG o.hibernate.type.BasicTypeRegistry [main] - Adding type registration text -> org.hibernate.type.BasicTypeReference@402a69f
2026-01-22 16:13:37 DEBUG o.hibernate.type.BasicTypeRegistry [main] - Adding type registration ntext -> org.hibernate.type.BasicTypeReference@419f0ea
2026-01-22 16:13:37 DEBUG o.hibernate.type.BasicTypeRegistry [main] - Adding type registration clob -> org.hibernate.type.BasicTypeReference@2d47b06
2026-01-22 16:13:37 DEBUG o.hibernate.type.BasicTypeRegistry [main] - Adding type registration java.sql.Clob -> org.hibernate.type.BasicTypeReference@2d47b06
2026-01-22 16:13:37 DEBUG o.hibernate.type.BasicTypeRegistry [main] - Adding type registration nclob -> org.hibernate.type.BasicTypeReference@59371066
2026-01-22 16:13:37 DEBUG o.hibernate.type.BasicTypeRegistry [main] - Adding type registration java.sql.NClob -> org.hibernate.type.BasicTypeReference@59371066
2026-01-22 16:13:37 DEBUG o.hibernate.type.BasicTypeRegistry [main] - Adding type registration materialized_clob -> org.hibernate.type.BasicTypeReference@48106381
2026-01-22 16:13:37 DEBUG o.hibernate.type.BasicTypeRegistry [main] - Adding type registration materialized_clob_char_array -> org.hibernate.type.BasicTypeReference@3c544c9
2026-01-22 16:13:37 DEBUG o.hibernate.type.BasicTypeRegistry [main] - Adding type registration materialized_clob_character_array -> org.hibernate.type.BasicTypeReference@22e813fc
2026-01-22 16:13:37 DEBUG o.hibernate.type.BasicTypeRegistry [main] - Adding type registration materialized_nclob -> org.hibernate.type.BasicTypeReference@433d93e7
2026-01-22 16:13:37 DEBUG o.hibernate.type.BasicTypeRegistry [main] - Adding type registration materialized_nclob_character_array -> org.hibernate.type.BasicTypeReference@87aec6a
2026-01-22 16:13:37 DEBUG o.hibernate.type.BasicTypeRegistry [main] - Adding type registration materialized_nclob_char_array -> org.hibernate.type.BasicTypeReference@213012a0
2026-01-22 16:13:37 DEBUG o.hibernate.type.BasicTypeRegistry [main] - Adding type registration Duration -> org.hibernate.type.BasicTypeReference@43a59289
2026-01-22 16:13:37 DEBUG o.hibernate.type.BasicTypeRegistry [main] - Adding type registration java.time.Duration -> org.hibernate.type.BasicTypeReference@43a59289
2026-01-22 16:13:37 DEBUG o.hibernate.type.BasicTypeRegistry [main] - Adding type registration LocalDateTime -> org.hibernate.type.BasicTypeReference@6c2883b1
2026-01-22 16:13:37 DEBUG o.hibernate.type.BasicTypeRegistry [main] - Adding type registration java.time.LocalDateTime -> org.hibernate.type.BasicTypeReference@6c2883b1
2026-01-22 16:13:37 DEBUG o.hibernate.type.BasicTypeRegistry [main] - Adding type registration LocalDate -> org.hibernate.type.BasicTypeReference@336e3be2
2026-01-22 16:13:37 DEBUG o.hibernate.type.BasicTypeRegistry [main] - Adding type registration java.time.LocalDate -> org.hibernate.type.BasicTypeReference@336e3be2
2026-01-22 16:13:37 DEBUG o.hibernate.type.BasicTypeRegistry [main] - Adding type registration LocalTime -> org.hibernate.type.BasicTypeReference@126a9a3d
2026-01-22 16:13:37 DEBUG o.hibernate.type.BasicTypeRegistry [main] - Adding type registration java.time.LocalTime -> org.hibernate.type.BasicTypeReference@126a9a3d
2026-01-22 16:13:37 DEBUG o.hibernate.type.BasicTypeRegistry [main] - Adding type registration OffsetDateTime -> org.hibernate.type.BasicTypeReference@7db47323
2026-01-22 16:13:37 DEBUG o.hibernate.type.BasicTypeRegistry [main] - Adding type registration java.time.OffsetDateTime -> org.hibernate.type.BasicTypeReference@7db47323
2026-01-22 16:13:37 DEBUG o.hibernate.type.BasicTypeRegistry [main] - Adding type registration OffsetDateTimeWithTimezone -> org.hibernate.type.BasicTypeReference@5529522f
2026-01-22 16:13:37 DEBUG o.hibernate.type.BasicTypeRegistry [main] - Adding type registration OffsetDateTimeWithoutTimezone -> org.hibernate.type.BasicTypeReference@175ac243
2026-01-22 16:13:37 DEBUG o.hibernate.type.BasicTypeRegistry [main] - Adding type registration OffsetTime -> org.hibernate.type.BasicTypeReference@51a719e7
2026-01-22 16:13:37 DEBUG o.hibernate.type.BasicTypeRegistry [main] - Adding type registration java.time.OffsetTime -> org.hibernate.type.BasicTypeReference@51a719e7
2026-01-22 16:13:37 DEBUG o.hibernate.type.BasicTypeRegistry [main] - Adding type registration OffsetTimeUtc -> org.hibernate.type.BasicTypeReference@fd4459b
2026-01-22 16:13:37 DEBUG o.hibernate.type.BasicTypeRegistry [main] - Adding type registration OffsetTimeWithTimezone -> org.hibernate.type.BasicTypeReference@1073c664
2026-01-22 16:13:37 DEBUG o.hibernate.type.BasicTypeRegistry [main] - Adding type registration OffsetTimeWithoutTimezone -> org.hibernate.type.BasicTypeReference@517a46f3
2026-01-22 16:13:37 DEBUG o.hibernate.type.BasicTypeRegistry [main] - Adding type registration ZonedDateTime -> org.hibernate.type.BasicTypeReference@38fb151a
2026-01-22 16:13:37 DEBUG o.hibernate.type.BasicTypeRegistry [main] - Adding type registration java.time.ZonedDateTime -> org.hibernate.type.BasicTypeReference@38fb151a
2026-01-22 16:13:37 DEBUG o.hibernate.type.BasicTypeRegistry [main] - Adding type registration ZonedDateTimeWithTimezone -> org.hibernate.type.BasicTypeReference@152e7703
2026-01-22 16:13:37 DEBUG o.hibernate.type.BasicTypeRegistry [main] - Adding type registration ZonedDateTimeWithoutTimezone -> org.hibernate.type.BasicTypeReference@1b60d324
2026-01-22 16:13:37 DEBUG o.hibernate.type.BasicTypeRegistry [main] - Adding type registration date -> org.hibernate.type.BasicTypeReference@182e4365
2026-01-22 16:13:37 DEBUG o.hibernate.type.BasicTypeRegistry [main] - Adding type registration java.sql.Date -> org.hibernate.type.BasicTypeReference@182e4365
2026-01-22 16:13:37 DEBUG o.hibernate.type.BasicTypeRegistry [main] - Adding type registration time -> org.hibernate.type.BasicTypeReference@789dd6bf
2026-01-22 16:13:37 DEBUG o.hibernate.type.BasicTypeRegistry [main] - Adding type registration java.sql.Time -> org.hibernate.type.BasicTypeReference@789dd6bf
2026-01-22 16:13:37 DEBUG o.hibernate.type.BasicTypeRegistry [main] - Adding type registration timestamp -> org.hibernate.type.BasicTypeReference@1e6d30c0
2026-01-22 16:13:37 DEBUG o.hibernate.type.BasicTypeRegistry [main] - Adding type registration java.sql.Timestamp -> org.hibernate.type.BasicTypeReference@1e6d30c0
2026-01-22 16:13:37 DEBUG o.hibernate.type.BasicTypeRegistry [main] - Adding type registration java.util.Date -> org.hibernate.type.BasicTypeReference@1e6d30c0
2026-01-22 16:13:37 DEBUG o.hibernate.type.BasicTypeRegistry [main] - Adding type registration calendar -> org.hibernate.type.BasicTypeReference@38929da
2026-01-22 16:13:37 DEBUG o.hibernate.type.BasicTypeRegistry [main] - Adding type registration java.util.Calendar -> org.hibernate.type.BasicTypeReference@38929da
2026-01-22 16:13:37 DEBUG o.hibernate.type.BasicTypeRegistry [main] - Adding type registration java.util.GregorianCalendar -> org.hibernate.type.BasicTypeReference@38929da
2026-01-22 16:13:37 DEBUG o.hibernate.type.BasicTypeRegistry [main] - Adding type registration calendar_date -> org.hibernate.type.BasicTypeReference@69d667a5
2026-01-22 16:13:37 DEBUG o.hibernate.type.BasicTypeRegistry [main] - Adding type registration calendar_time -> org.hibernate.type.BasicTypeReference@7fe87c0e
2026-01-22 16:13:37 DEBUG o.hibernate.type.BasicTypeRegistry [main] - Adding type registration instant -> org.hibernate.type.BasicTypeReference@8f4b803
2026-01-22 16:13:37 DEBUG o.hibernate.type.BasicTypeRegistry [main] - Adding type registration java.time.Instant -> org.hibernate.type.BasicTypeReference@8f4b803
2026-01-22 16:13:37 DEBUG o.hibernate.type.BasicTypeRegistry [main] - Adding type registration uuid -> org.hibernate.type.BasicTypeReference@42f9873e
2026-01-22 16:13:37 DEBUG o.hibernate.type.BasicTypeRegistry [main] - Adding type registration java.util.UUID -> org.hibernate.type.BasicTypeReference@42f9873e
2026-01-22 16:13:37 DEBUG o.hibernate.type.BasicTypeRegistry [main] - Adding type registration pg-uuid -> org.hibernate.type.BasicTypeReference@42f9873e
2026-01-22 16:13:37 DEBUG o.hibernate.type.BasicTypeRegistry [main] - Adding type registration uuid-binary -> org.hibernate.type.BasicTypeReference@18483b8b
2026-01-22 16:13:37 DEBUG o.hibernate.type.BasicTypeRegistry [main] - Adding type registration uuid-char -> org.hibernate.type.BasicTypeReference@24fc2c80
2026-01-22 16:13:37 DEBUG o.hibernate.type.BasicTypeRegistry [main] - Adding type registration class -> org.hibernate.type.BasicTypeReference@965bcbc
2026-01-22 16:13:37 DEBUG o.hibernate.type.BasicTypeRegistry [main] - Adding type registration java.lang.Class -> org.hibernate.type.BasicTypeReference@965bcbc
2026-01-22 16:13:37 DEBUG o.hibernate.type.BasicTypeRegistry [main] - Adding type registration currency -> org.hibernate.type.BasicTypeReference@7ab1ad9
2026-01-22 16:13:37 DEBUG o.hibernate.type.BasicTypeRegistry [main] - Adding type registration Currency -> org.hibernate.type.BasicTypeReference@7ab1ad9
2026-01-22 16:13:37 DEBUG o.hibernate.type.BasicTypeRegistry [main] - Adding type registration java.util.Currency -> org.hibernate.type.BasicTypeReference@7ab1ad9
2026-01-22 16:13:37 DEBUG o.hibernate.type.BasicTypeRegistry [main] - Adding type registration locale -> org.hibernate.type.BasicTypeReference@5ee6fdc4
2026-01-22 16:13:37 DEBUG o.hibernate.type.BasicTypeRegistry [main] - Adding type registration java.util.Locale -> org.hibernate.type.BasicTypeReference@5ee6fdc4
2026-01-22 16:13:37 DEBUG o.hibernate.type.BasicTypeRegistry [main] - Adding type registration serializable -> org.hibernate.type.BasicTypeReference@1bbb42b4
2026-01-22 16:13:37 DEBUG o.hibernate.type.BasicTypeRegistry [main] - Adding type registration java.io.Serializable -> org.hibernate.type.BasicTypeReference@1bbb42b4
2026-01-22 16:13:37 DEBUG o.hibernate.type.BasicTypeRegistry [main] - Adding type registration timezone -> org.hibernate.type.BasicTypeReference@3f9f8d23
2026-01-22 16:13:37 DEBUG o.hibernate.type.BasicTypeRegistry [main] - Adding type registration java.util.TimeZone -> org.hibernate.type.BasicTypeReference@3f9f8d23
2026-01-22 16:13:37 DEBUG o.hibernate.type.BasicTypeRegistry [main] - Adding type registration ZoneOffset -> org.hibernate.type.BasicTypeReference@603d25db
2026-01-22 16:13:37 DEBUG o.hibernate.type.BasicTypeRegistry [main] - Adding type registration java.time.ZoneOffset -> org.hibernate.type.BasicTypeReference@603d25db
2026-01-22 16:13:37 DEBUG o.hibernate.type.BasicTypeRegistry [main] - Adding type registration url -> org.hibernate.type.BasicTypeReference@95cecc5
2026-01-22 16:13:37 DEBUG o.hibernate.type.BasicTypeRegistry [main] - Adding type registration java.net.URL -> org.hibernate.type.BasicTypeReference@95cecc5
2026-01-22 16:13:37 DEBUG o.hibernate.type.BasicTypeRegistry [main] - Adding type registration vector -> org.hibernate.type.BasicTypeReference@48b3b1b8
2026-01-22 16:13:37 DEBUG o.hibernate.type.BasicTypeRegistry [main] - Adding type registration row_version -> org.hibernate.type.BasicTypeReference@b86cb18
2026-01-22 16:13:37 DEBUG o.hibernate.type.BasicTypeRegistry [main] - Adding type registration object -> org.hibernate.type.JavaObjectType@20a47036
2026-01-22 16:13:37 DEBUG o.hibernate.type.BasicTypeRegistry [main] - Adding type registration java.lang.Object -> org.hibernate.type.JavaObjectType@20a47036
2026-01-22 16:13:37 DEBUG o.hibernate.type.BasicTypeRegistry [main] - Adding type registration null -> org.hibernate.type.NullType@46a388cc
2026-01-22 16:13:37 DEBUG o.hibernate.type.BasicTypeRegistry [main] - Adding type registration imm_date -> org.hibernate.type.BasicTypeReference@3e39f08c
2026-01-22 16:13:37 DEBUG o.hibernate.type.BasicTypeRegistry [main] - Adding type registration imm_time -> org.hibernate.type.BasicTypeReference@16e07bae
2026-01-22 16:13:37 DEBUG o.hibernate.type.BasicTypeRegistry [main] - Adding type registration imm_timestamp -> org.hibernate.type.BasicTypeReference@598778cc
2026-01-22 16:13:37 DEBUG o.hibernate.type.BasicTypeRegistry [main] - Adding type registration imm_calendar -> org.hibernate.type.BasicTypeReference@3386ed8
2026-01-22 16:13:37 DEBUG o.hibernate.type.BasicTypeRegistry [main] - Adding type registration imm_calendar_date -> org.hibernate.type.BasicTypeReference@727453a3
2026-01-22 16:13:37 DEBUG o.hibernate.type.BasicTypeRegistry [main] - Adding type registration imm_calendar_time -> org.hibernate.type.BasicTypeReference@67dc6b48
2026-01-22 16:13:37 DEBUG o.hibernate.type.BasicTypeRegistry [main] - Adding type registration imm_binary -> org.hibernate.type.BasicTypeReference@57f2e67
2026-01-22 16:13:37 DEBUG o.hibernate.type.BasicTypeRegistry [main] - Adding type registration imm_serializable -> org.hibernate.type.BasicTypeReference@4571cebe
2026-01-22 16:13:37 DEBUG o.h.b.internal.BootstrapContextImpl [main] - Injecting JPA temp ClassLoader [org.springframework.instrument.classloading.SimpleThrowawayClassLoader@22ff1372] into BootstrapContext; was [null]
2026-01-22 16:13:37 DEBUG o.h.b.internal.ClassLoaderAccessImpl [main] - ClassLoaderAccessImpl#injectTempClassLoader(org.springframework.instrument.classloading.SimpleThrowawayClassLoader@22ff1372) [was null]
2026-01-22 16:13:37 DEBUG o.h.b.internal.BootstrapContextImpl [main] - Injecting ScanEnvironment [org.hibernate.jpa.boot.internal.StandardJpaScanEnvironmentImpl@286a4c52] into BootstrapContext; was [null]
2026-01-22 16:13:37 DEBUG o.h.b.internal.BootstrapContextImpl [main] - Injecting ScanOptions [org.hibernate.boot.archive.scan.internal.StandardScanOptions@13dd7887] into BootstrapContext; was [org.hibernate.boot.archive.scan.internal.StandardScanOptions@780129bc]
2026-01-22 16:13:37 INFO  o.s.o.j.p.SpringPersistenceUnitInfo [main] - No LoadTimeWeaver setup: ignoring JPA class transformer
2026-01-22 16:13:37 DEBUG o.h.b.internal.BootstrapContextImpl [main] - Injecting JPA temp ClassLoader [null] into BootstrapContext; was [org.springframework.instrument.classloading.SimpleThrowawayClassLoader@22ff1372]
2026-01-22 16:13:37 DEBUG o.h.b.internal.ClassLoaderAccessImpl [main] - ClassLoaderAccessImpl#injectTempClassLoader(null) [was org.springframework.instrument.classloading.SimpleThrowawayClassLoader@22ff1372]
2026-01-22 16:13:37 DEBUG o.h.e.j.e.i.JdbcEnvironmentInitiator [main] - Database ->
       name : H2
    version : 2.2.224 (2023-09-17)
      major : 2
      minor : 2
2026-01-22 16:13:37 DEBUG o.h.e.j.e.i.JdbcEnvironmentInitiator [main] - Driver ->
       name : H2 JDBC Driver
    version : 2.2.224 (2023-09-17)
      major : 2
      minor : 2
2026-01-22 16:13:37 DEBUG o.h.e.j.e.i.JdbcEnvironmentInitiator [main] - JDBC version : 4.2
2026-01-22 16:13:37 WARN  org.hibernate.orm.deprecation [main] - HHH90000025: H2Dialect does not need to be specified explicitly using 'hibernate.dialect' (remove the property setting and it will be selected by default)
2026-01-22 16:13:37 DEBUG org.hibernate.orm.dialect [main] - HHH035001: Using dialect: org.hibernate.dialect.H2Dialect, version: 2.2.224
2026-01-22 16:13:37 DEBUG o.h.e.j.e.s.IdentifierHelperBuilder [main] - JDBC driver metadata reported database stores quoted identifiers in neither upper, lower nor mixed case
2026-01-22 16:13:37 DEBUG o.h.t.d.jdbc.spi.JdbcTypeRegistry [main] - addDescriptor(NCharTypeDescriptor) replaced previous registration(CharTypeDescriptor)
2026-01-22 16:13:37 DEBUG o.h.t.d.jdbc.spi.JdbcTypeRegistry [main] - addDescriptor(NVarcharTypeDescriptor) replaced previous registration(VarcharTypeDescriptor)
2026-01-22 16:13:37 DEBUG o.h.t.d.jdbc.spi.JdbcTypeRegistry [main] - addDescriptor(LongNVarcharTypeDescriptor) replaced previous registration(LongVarcharTypeDescriptor)
2026-01-22 16:13:37 DEBUG o.h.t.d.jdbc.spi.JdbcTypeRegistry [main] - addDescriptor(NClobTypeDescriptor(DEFAULT)) replaced previous registration(ClobTypeDescriptor(DEFAULT))
2026-01-22 16:13:37 DEBUG o.h.t.d.jdbc.spi.JdbcTypeRegistry [main] - addDescriptor(2005, ClobTypeDescriptor(STREAM_BINDING)) replaced previous registration(ClobTypeDescriptor(DEFAULT))
2026-01-22 16:13:37 DEBUG o.h.t.d.jdbc.spi.JdbcTypeRegistry [main] - addDescriptor(TimestampUtcDescriptor) replaced previous registration(TimestampUtcDescriptor)
2026-01-22 16:13:37 DEBUG o.hibernate.type.BasicTypeRegistry [main] - Adding type registration org.hibernate.type.DurationType -> basicType@1(java.time.Duration,3015)
2026-01-22 16:13:37 DEBUG o.hibernate.type.BasicTypeRegistry [main] - Adding type registration Duration -> basicType@1(java.time.Duration,3015)
2026-01-22 16:13:37 DEBUG o.hibernate.type.BasicTypeRegistry [main] - Adding type registration java.time.Duration -> basicType@1(java.time.Duration,3015)
2026-01-22 16:13:37 DEBUG o.h.type.spi.TypeConfiguration$Scope [main] - Scoping TypeConfiguration [org.hibernate.type.spi.TypeConfiguration@13d1f898] to MetadataBuildingContext [org.hibernate.boot.internal.MetadataBuildingContextRootImpl@c87787d]
2026-01-22 16:13:37 DEBUG o.h.boot.model.relational.Namespace [main] - Created database namespace [logicalName=Name{catalog=null, schema=null}, physicalName=Name{catalog=null, schema=null}]
2026-01-22 16:13:37 DEBUG o.h.boot.model.internal.EntityBinder [main] - Binding entity from annotated class: com.kra.vsdc.models.storage.Initiolise
2026-01-22 16:13:37 DEBUG o.h.boot.model.internal.EntityBinder [main] - Import with entity name Initiolise
2026-01-22 16:13:38 DEBUG o.h.boot.model.internal.EntityBinder [main] - Bind entity com.kra.vsdc.models.storage.Initiolise on table initiolise
2026-01-22 16:13:38 DEBUG o.h.b.model.internal.AnnotatedColumn [main] - Binding column: AnnotatedDiscriminatorColumn(column='DTYPE')
2026-01-22 16:13:38 DEBUG o.h.b.model.internal.AnnotatedColumn [main] - Binding column: AnnotatedColumn(column='ids')
2026-01-22 16:13:38 DEBUG o.h.b.internal.ClassLoaderAccessImpl [main] - Not known whether passed class name [com.kra.vsdc.models.storage.Initiolise] is safe
2026-01-22 16:13:38 DEBUG o.h.b.internal.ClassLoaderAccessImpl [main] - No temp ClassLoader provided; using live ClassLoader for loading potentially unsafe class : com.kra.vsdc.models.storage.Initiolise
2026-01-22 16:13:38 DEBUG o.h.b.model.internal.PropertyBinder [main] - MetadataSourceProcessor property ids with lazy=false
2026-01-22 16:13:38 DEBUG o.h.b.m.i.AbstractPropertyHolder [main] - Attempting to locate auto-apply AttributeConverter for property [com.kra.vsdc.models.storage.Initiolise:ids]
2026-01-22 16:13:38 DEBUG o.h.b.m.internal.BasicValueBinder [main] - building BasicValue for ids
2026-01-22 16:13:38 DEBUG org.hibernate.mapping.BasicValue [main] - Skipping column re-registration: initiolise.ids
2026-01-22 16:13:38 DEBUG o.h.b.model.internal.PropertyBinder [main] - Building property ids
2026-01-22 16:13:38 DEBUG o.h.boot.model.internal.BinderHelper [main] - #makeIdGenerator(BasicValue([Column(ids)]), ids, identity, , ...)
2026-01-22 16:13:38 DEBUG o.h.b.model.internal.AnnotatedColumn [main] - Binding column: AnnotatedColumn(column='bhfId')
2026-01-22 16:13:38 DEBUG o.h.b.model.internal.PropertyBinder [main] - MetadataSourceProcessor property bhfId with lazy=false
2026-01-22 16:13:38 DEBUG o.h.b.m.i.AbstractPropertyHolder [main] - Attempting to locate auto-apply AttributeConverter for property [com.kra.vsdc.models.storage.Initiolise:bhfId]
2026-01-22 16:13:38 DEBUG o.h.b.m.internal.BasicValueBinder [main] - building BasicValue for bhfId
2026-01-22 16:13:38 DEBUG org.hibernate.mapping.BasicValue [main] - Skipping column re-registration: initiolise.bhf_id
2026-01-22 16:13:38 DEBUG o.h.b.model.internal.PropertyBinder [main] - Building property bhfId
2026-01-22 16:13:38 DEBUG o.h.b.model.internal.AnnotatedColumn [main] - Binding column: AnnotatedColumn(column='cmcKey')
2026-01-22 16:13:38 DEBUG o.h.b.model.internal.PropertyBinder [main] - MetadataSourceProcessor property cmcKey with lazy=false
2026-01-22 16:13:38 DEBUG o.h.b.m.i.AbstractPropertyHolder [main] - Attempting to locate auto-apply AttributeConverter for property [com.kra.vsdc.models.storage.Initiolise:cmcKey]
2026-01-22 16:13:38 DEBUG o.h.b.m.internal.BasicValueBinder [main] - building BasicValue for cmcKey
2026-01-22 16:13:38 DEBUG org.hibernate.mapping.BasicValue [main] - Skipping column re-registration: initiolise.cmc_key
2026-01-22 16:13:38 DEBUG o.h.b.model.internal.PropertyBinder [main] - Building property cmcKey
2026-01-22 16:13:38 DEBUG o.h.b.model.internal.AnnotatedColumn [main] - Binding column: AnnotatedColumn(column='dvcId')
2026-01-22 16:13:38 DEBUG o.h.b.model.internal.PropertyBinder [main] - MetadataSourceProcessor property dvcId with lazy=false
2026-01-22 16:13:38 DEBUG o.h.b.m.i.AbstractPropertyHolder [main] - Attempting to locate auto-apply AttributeConverter for property [com.kra.vsdc.models.storage.Initiolise:dvcId]
2026-01-22 16:13:38 DEBUG o.h.b.m.internal.BasicValueBinder [main] - building BasicValue for dvcId
2026-01-22 16:13:38 DEBUG org.hibernate.mapping.BasicValue [main] - Skipping column re-registration: initiolise.dvc_id
2026-01-22 16:13:38 DEBUG o.h.b.model.internal.PropertyBinder [main] - Building property dvcId
2026-01-22 16:13:38 DEBUG o.h.b.model.internal.AnnotatedColumn [main] - Binding column: AnnotatedColumn(column='intrlKey')
2026-01-22 16:13:38 DEBUG o.h.b.model.internal.PropertyBinder [main] - MetadataSourceProcessor property intrlKey with lazy=false
2026-01-22 16:13:38 DEBUG o.h.b.m.i.AbstractPropertyHolder [main] - Attempting to locate auto-apply AttributeConverter for property [com.kra.vsdc.models.storage.Initiolise:intrlKey]
2026-01-22 16:13:38 DEBUG o.h.b.m.internal.BasicValueBinder [main] - building BasicValue for intrlKey
2026-01-22 16:13:38 DEBUG org.hibernate.mapping.BasicValue [main] - Skipping column re-registration: initiolise.intrl_key
2026-01-22 16:13:38 DEBUG o.h.b.model.internal.PropertyBinder [main] - Building property intrlKey
2026-01-22 16:13:38 DEBUG o.h.b.model.internal.AnnotatedColumn [main] - Binding column: AnnotatedColumn(column='lastCopyInvcNo')
2026-01-22 16:13:38 DEBUG o.h.b.model.internal.PropertyBinder [main] - MetadataSourceProcessor property lastCopyInvcNo with lazy=false
2026-01-22 16:13:38 DEBUG o.h.b.m.i.AbstractPropertyHolder [main] - Attempting to locate auto-apply AttributeConverter for property [com.kra.vsdc.models.storage.Initiolise:lastCopyInvcNo]
2026-01-22 16:13:38 DEBUG o.h.b.m.internal.BasicValueBinder [main] - building BasicValue for lastCopyInvcNo
2026-01-22 16:13:38 DEBUG org.hibernate.mapping.BasicValue [main] - Skipping column re-registration: initiolise.last_copy_invc_no
2026-01-22 16:13:38 DEBUG o.h.b.model.internal.PropertyBinder [main] - Building property lastCopyInvcNo
2026-01-22 16:13:38 DEBUG o.h.b.model.internal.AnnotatedColumn [main] - Binding column: AnnotatedColumn(column='lastInvcNo')
2026-01-22 16:13:38 DEBUG o.h.b.model.internal.PropertyBinder [main] - MetadataSourceProcessor property lastInvcNo with lazy=false
2026-01-22 16:13:38 DEBUG o.h.b.m.i.AbstractPropertyHolder [main] - Attempting to locate auto-apply AttributeConverter for property [com.kra.vsdc.models.storage.Initiolise:lastInvcNo]
2026-01-22 16:13:38 DEBUG o.h.b.m.internal.BasicValueBinder [main] - building BasicValue for lastInvcNo
2026-01-22 16:13:38 DEBUG org.hibernate.mapping.BasicValue [main] - Skipping column re-registration: initiolise.last_invc_no
2026-01-22 16:13:38 DEBUG o.h.b.model.internal.PropertyBinder [main] - Building property lastInvcNo
2026-01-22 16:13:38 DEBUG o.h.b.model.internal.AnnotatedColumn [main] - Binding column: AnnotatedColumn(column='lastPchsInvcNo')
2026-01-22 16:13:38 DEBUG o.h.b.model.internal.PropertyBinder [main] - MetadataSourceProcessor property lastPchsInvcNo with lazy=false
2026-01-22 16:13:38 DEBUG o.h.b.m.i.AbstractPropertyHolder [main] - Attempting to locate auto-apply AttributeConverter for property [com.kra.vsdc.models.storage.Initiolise:lastPchsInvcNo]
2026-01-22 16:13:38 DEBUG o.h.b.m.internal.BasicValueBinder [main] - building BasicValue for lastPchsInvcNo
2026-01-22 16:13:38 DEBUG org.hibernate.mapping.BasicValue [main] - Skipping column re-registration: initiolise.last_pchs_invc_no
2026-01-22 16:13:38 DEBUG o.h.b.model.internal.PropertyBinder [main] - Building property lastPchsInvcNo
2026-01-22 16:13:38 DEBUG o.h.b.model.internal.AnnotatedColumn [main] - Binding column: AnnotatedColumn(column='lastProfrmInvcNo')
2026-01-22 16:13:38 DEBUG o.h.b.model.internal.PropertyBinder [main] - MetadataSourceProcessor property lastProfrmInvcNo with lazy=false
2026-01-22 16:13:38 DEBUG o.h.b.m.i.AbstractPropertyHolder [main] - Attempting to locate auto-apply AttributeConverter for property [com.kra.vsdc.models.storage.Initiolise:lastProfrmInvcNo]
2026-01-22 16:13:38 DEBUG o.h.b.m.internal.BasicValueBinder [main] - building BasicValue for lastProfrmInvcNo
2026-01-22 16:13:38 DEBUG org.hibernate.mapping.BasicValue [main] - Skipping column re-registration: initiolise.last_profrm_invc_no
2026-01-22 16:13:38 DEBUG o.h.b.model.internal.PropertyBinder [main] - Building property lastProfrmInvcNo
2026-01-22 16:13:38 DEBUG o.h.b.model.internal.AnnotatedColumn [main] - Binding column: AnnotatedColumn(column='lastSaleInvcNo')
2026-01-22 16:13:38 DEBUG o.h.b.model.internal.PropertyBinder [main] - MetadataSourceProcessor property lastSaleInvcNo with lazy=false
2026-01-22 16:13:38 DEBUG o.h.b.m.i.AbstractPropertyHolder [main] - Attempting to locate auto-apply AttributeConverter for property [com.kra.vsdc.models.storage.Initiolise:lastSaleInvcNo]
2026-01-22 16:13:38 DEBUG o.h.b.m.internal.BasicValueBinder [main] - building BasicValue for lastSaleInvcNo
2026-01-22 16:13:38 DEBUG org.hibernate.mapping.BasicValue [main] - Skipping column re-registration: initiolise.last_sale_invc_no
2026-01-22 16:13:38 DEBUG o.h.b.model.internal.PropertyBinder [main] - Building property lastSaleInvcNo
2026-01-22 16:13:38 DEBUG o.h.b.model.internal.AnnotatedColumn [main] - Binding column: AnnotatedColumn(column='lastSaleRcptNo')
2026-01-22 16:13:38 DEBUG o.h.b.model.internal.PropertyBinder [main] - MetadataSourceProcessor property lastSaleRcptNo with lazy=false
2026-01-22 16:13:38 DEBUG o.h.b.m.i.AbstractPropertyHolder [main] - Attempting to locate auto-apply AttributeConverter for property [com.kra.vsdc.models.storage.Initiolise:lastSaleRcptNo]
2026-01-22 16:13:38 DEBUG o.h.b.m.internal.BasicValueBinder [main] - building BasicValue for lastSaleRcptNo
2026-01-22 16:13:38 DEBUG org.hibernate.mapping.BasicValue [main] - Skipping column re-registration: initiolise.last_sale_rcpt_no
2026-01-22 16:13:38 DEBUG o.h.b.model.internal.PropertyBinder [main] - Building property lastSaleRcptNo
2026-01-22 16:13:38 DEBUG o.h.b.model.internal.AnnotatedColumn [main] - Binding column: AnnotatedColumn(column='lastTrainInvcNo')
2026-01-22 16:13:38 DEBUG o.h.b.model.internal.PropertyBinder [main] - MetadataSourceProcessor property lastTrainInvcNo with lazy=false
2026-01-22 16:13:38 DEBUG o.h.b.m.i.AbstractPropertyHolder [main] - Attempting to locate auto-apply AttributeConverter for property [com.kra.vsdc.models.storage.Initiolise:lastTrainInvcNo]
2026-01-22 16:13:38 DEBUG o.h.b.m.internal.BasicValueBinder [main] - building BasicValue for lastTrainInvcNo
2026-01-22 16:13:38 DEBUG org.hibernate.mapping.BasicValue [main] - Skipping column re-registration: initiolise.last_train_invc_no
2026-01-22 16:13:38 DEBUG o.h.b.model.internal.PropertyBinder [main] - Building property lastTrainInvcNo
2026-01-22 16:13:38 DEBUG o.h.b.model.internal.AnnotatedColumn [main] - Binding column: AnnotatedColumn(column='mrcNo')
2026-01-22 16:13:38 DEBUG o.h.b.model.internal.PropertyBinder [main] - MetadataSourceProcessor property mrcNo with lazy=false
2026-01-22 16:13:38 DEBUG o.h.b.m.i.AbstractPropertyHolder [main] - Attempting to locate auto-apply AttributeConverter for property [com.kra.vsdc.models.storage.Initiolise:mrcNo]
2026-01-22 16:13:38 DEBUG o.h.b.m.internal.BasicValueBinder [main] - building BasicValue for mrcNo
2026-01-22 16:13:38 DEBUG org.hibernate.mapping.BasicValue [main] - Skipping column re-registration: initiolise.mrc_no
2026-01-22 16:13:38 DEBUG o.h.b.model.internal.PropertyBinder [main] - Building property mrcNo
2026-01-22 16:13:38 DEBUG o.h.b.model.internal.AnnotatedColumn [main] - Binding column: AnnotatedColumn(column='sdcId')
2026-01-22 16:13:38 DEBUG o.h.b.model.internal.PropertyBinder [main] - MetadataSourceProcessor property sdcId with lazy=false
2026-01-22 16:13:38 DEBUG o.h.b.m.i.AbstractPropertyHolder [main] - Attempting to locate auto-apply AttributeConverter for property [com.kra.vsdc.models.storage.Initiolise:sdcId]
2026-01-22 16:13:38 DEBUG o.h.b.m.internal.BasicValueBinder [main] - building BasicValue for sdcId
2026-01-22 16:13:38 DEBUG org.hibernate.mapping.BasicValue [main] - Skipping column re-registration: initiolise.sdc_id
2026-01-22 16:13:38 DEBUG o.h.b.model.internal.PropertyBinder [main] - Building property sdcId
2026-01-22 16:13:38 DEBUG o.h.b.model.internal.AnnotatedColumn [main] - Binding column: AnnotatedColumn(column='signKey')
2026-01-22 16:13:38 DEBUG o.h.b.model.internal.PropertyBinder [main] - MetadataSourceProcessor property signKey with lazy=false
2026-01-22 16:13:38 DEBUG o.h.b.m.i.AbstractPropertyHolder [main] - Attempting to locate auto-apply AttributeConverter for property [com.kra.vsdc.models.storage.Initiolise:signKey]
2026-01-22 16:13:38 DEBUG o.h.b.m.internal.BasicValueBinder [main] - building BasicValue for signKey
2026-01-22 16:13:38 DEBUG org.hibernate.mapping.BasicValue [main] - Skipping column re-registration: initiolise.sign_key
2026-01-22 16:13:38 DEBUG o.h.b.model.internal.PropertyBinder [main] - Building property signKey
2026-01-22 16:13:38 DEBUG o.h.b.model.internal.AnnotatedColumn [main] - Binding column: AnnotatedColumn(column='taxprNm')
2026-01-22 16:13:38 DEBUG o.h.b.model.internal.PropertyBinder [main] - MetadataSourceProcessor property taxprNm with lazy=false
2026-01-22 16:13:38 DEBUG o.h.b.m.i.AbstractPropertyHolder [main] - Attempting to locate auto-apply AttributeConverter for property [com.kra.vsdc.models.storage.Initiolise:taxprNm]
2026-01-22 16:13:38 DEBUG o.h.b.m.internal.BasicValueBinder [main] - building BasicValue for taxprNm
2026-01-22 16:13:38 DEBUG org.hibernate.mapping.BasicValue [main] - Skipping column re-registration: initiolise.taxpr_nm
2026-01-22 16:13:38 DEBUG o.h.b.model.internal.PropertyBinder [main] - Building property taxprNm
2026-01-22 16:13:38 DEBUG o.h.b.model.internal.AnnotatedColumn [main] - Binding column: AnnotatedColumn()
2026-01-22 16:13:38 DEBUG o.h.b.model.internal.PropertyBinder [main] - MetadataSourceProcessor property tin with lazy=false
2026-01-22 16:13:38 DEBUG o.h.b.m.i.AbstractPropertyHolder [main] - Attempting to locate auto-apply AttributeConverter for property [com.kra.vsdc.models.storage.Initiolise:tin]
2026-01-22 16:13:38 DEBUG o.h.b.m.internal.BasicValueBinder [main] - building BasicValue for tin
2026-01-22 16:13:38 DEBUG org.hibernate.mapping.BasicValue [main] - Skipping column re-registration: initiolise.tin
2026-01-22 16:13:38 DEBUG o.h.b.model.internal.PropertyBinder [main] - Building property tin
2026-01-22 16:13:38 DEBUG o.h.b.r.c.i.ClassLoaderServiceImpl [main] - HHH000194: Package not found or wo package-info.java: com.kra.vsdc.models.storage
2026-01-22 16:13:38 DEBUG o.h.boot.model.internal.EntityBinder [main] - Binding entity from annotated class: com.kra.vsdc.models.storage.Transaction
2026-01-22 16:13:38 DEBUG o.h.boot.model.internal.EntityBinder [main] - Import with entity name Transaction
2026-01-22 16:13:38 DEBUG o.h.boot.model.internal.EntityBinder [main] - Bind entity com.kra.vsdc.models.storage.Transaction on table transaction
2026-01-22 16:13:38 DEBUG o.h.b.model.internal.AnnotatedColumn [main] - Binding column: AnnotatedDiscriminatorColumn(column='DTYPE')
2026-01-22 16:13:38 DEBUG o.h.b.model.internal.AnnotatedColumn [main] - Binding column: AnnotatedColumn()
2026-01-22 16:13:38 DEBUG o.h.b.internal.ClassLoaderAccessImpl [main] - Not known whether passed class name [com.kra.vsdc.models.storage.Transaction] is safe
2026-01-22 16:13:38 DEBUG o.h.b.internal.ClassLoaderAccessImpl [main] - No temp ClassLoader provided; using live ClassLoader for loading potentially unsafe class : com.kra.vsdc.models.storage.Transaction
2026-01-22 16:13:38 DEBUG o.h.b.model.internal.PropertyBinder [main] - MetadataSourceProcessor property id with lazy=false
2026-01-22 16:13:38 DEBUG o.h.b.m.i.AbstractPropertyHolder [main] - Attempting to locate auto-apply AttributeConverter for property [com.kra.vsdc.models.storage.Transaction:id]
2026-01-22 16:13:38 DEBUG o.h.b.m.internal.BasicValueBinder [main] - building BasicValue for id
2026-01-22 16:13:38 DEBUG org.hibernate.mapping.BasicValue [main] - Skipping column re-registration: transaction.id
2026-01-22 16:13:38 DEBUG o.h.b.model.internal.PropertyBinder [main] - Building property id
2026-01-22 16:13:38 DEBUG o.h.boot.model.internal.BinderHelper [main] - #makeIdGenerator(BasicValue([Column(id)]), id, identity, , ...)
2026-01-22 16:13:38 DEBUG o.h.b.model.internal.AnnotatedColumn [main] - Binding column: AnnotatedColumn(column='bhfId')
2026-01-22 16:13:38 DEBUG o.h.b.model.internal.PropertyBinder [main] - MetadataSourceProcessor property bhfId with lazy=false
2026-01-22 16:13:38 DEBUG o.h.b.m.i.AbstractPropertyHolder [main] - Attempting to locate auto-apply AttributeConverter for property [com.kra.vsdc.models.storage.Transaction:bhfId]
2026-01-22 16:13:38 DEBUG o.h.b.m.internal.BasicValueBinder [main] - building BasicValue for bhfId
2026-01-22 16:13:38 DEBUG org.hibernate.mapping.BasicValue [main] - Skipping column re-registration: transaction.bhf_id
2026-01-22 16:13:38 DEBUG o.h.b.model.internal.PropertyBinder [main] - Building property bhfId
2026-01-22 16:13:38 DEBUG o.h.b.model.internal.AnnotatedColumn [main] - Binding column: AnnotatedColumn(column='cfmDt')
2026-01-22 16:13:38 DEBUG o.h.b.model.internal.PropertyBinder [main] - MetadataSourceProcessor property cfmDt with lazy=false
2026-01-22 16:13:38 DEBUG o.h.b.m.i.AbstractPropertyHolder [main] - Attempting to locate auto-apply AttributeConverter for property [com.kra.vsdc.models.storage.Transaction:cfmDt]
2026-01-22 16:13:38 DEBUG o.h.b.m.internal.BasicValueBinder [main] - building BasicValue for cfmDt
2026-01-22 16:13:38 DEBUG org.hibernate.mapping.BasicValue [main] - Skipping column re-registration: transaction.cfm_dt
2026-01-22 16:13:38 DEBUG o.h.b.model.internal.PropertyBinder [main] - Building property cfmDt
2026-01-22 16:13:38 DEBUG o.h.b.model.internal.AnnotatedColumn [main] - Binding column: AnnotatedColumn(column='cnclDt')
2026-01-22 16:13:38 DEBUG o.h.b.model.internal.PropertyBinder [main] - MetadataSourceProcessor property cnclDt with lazy=false
2026-01-22 16:13:38 DEBUG o.h.b.m.i.AbstractPropertyHolder [main] - Attempting to locate auto-apply AttributeConverter for property [com.kra.vsdc.models.storage.Transaction:cnclDt]
2026-01-22 16:13:38 DEBUG o.h.b.m.internal.BasicValueBinder [main] - building BasicValue for cnclDt
2026-01-22 16:13:38 DEBUG org.hibernate.mapping.BasicValue [main] - Skipping column re-registration: transaction.cncl_dt
2026-01-22 16:13:38 DEBUG o.h.b.model.internal.PropertyBinder [main] - Building property cnclDt
2026-01-22 16:13:38 DEBUG o.h.b.model.internal.AnnotatedColumn [main] - Binding column: AnnotatedColumn(column='cnclReqDt')
2026-01-22 16:13:38 DEBUG o.h.b.model.internal.PropertyBinder [main] - MetadataSourceProcessor property cnclReqDt with lazy=false
2026-01-22 16:13:38 DEBUG o.h.b.m.i.AbstractPropertyHolder [main] - Attempting to locate auto-apply AttributeConverter for property [com.kra.vsdc.models.storage.Transaction:cnclReqDt]
2026-01-22 16:13:38 DEBUG o.h.b.m.internal.BasicValueBinder [main] - building BasicValue for cnclReqDt
2026-01-22 16:13:38 DEBUG org.hibernate.mapping.BasicValue [main] - Skipping column re-registration: transaction.cncl_req_dt
2026-01-22 16:13:38 DEBUG o.h.b.model.internal.PropertyBinder [main] - Building property cnclReqDt
2026-01-22 16:13:38 DEBUG o.h.b.model.internal.AnnotatedColumn [main] - Binding column: AnnotatedColumn(column='custNm')
2026-01-22 16:13:38 DEBUG o.h.b.model.internal.PropertyBinder [main] - MetadataSourceProcessor property custNm with lazy=false
2026-01-22 16:13:38 DEBUG o.h.b.m.i.AbstractPropertyHolder [main] - Attempting to locate auto-apply AttributeConverter for property [com.kra.vsdc.models.storage.Transaction:custNm]
2026-01-22 16:13:38 DEBUG o.h.b.m.internal.BasicValueBinder [main] - building BasicValue for custNm
2026-01-22 16:13:38 DEBUG org.hibernate.mapping.BasicValue [main] - Skipping column re-registration: transaction.cust_nm
2026-01-22 16:13:38 DEBUG o.h.b.model.internal.PropertyBinder [main] - Building property custNm
2026-01-22 16:13:38 DEBUG o.h.b.model.internal.AnnotatedColumn [main] - Binding column: AnnotatedColumn(column='custTin')
2026-01-22 16:13:38 DEBUG o.h.b.model.internal.PropertyBinder [main] - MetadataSourceProcessor property custTin with lazy=false
2026-01-22 16:13:38 DEBUG o.h.b.m.i.AbstractPropertyHolder [main] - Attempting to locate auto-apply AttributeConverter for property [com.kra.vsdc.models.storage.Transaction:custTin]
2026-01-22 16:13:38 DEBUG o.h.b.m.internal.BasicValueBinder [main] - building BasicValue for custTin
2026-01-22 16:13:38 DEBUG org.hibernate.mapping.BasicValue [main] - Skipping column re-registration: transaction.cust_tin
2026-01-22 16:13:38 DEBUG o.h.b.model.internal.PropertyBinder [main] - Building property custTin
2026-01-22 16:13:38 DEBUG o.h.b.model.internal.AnnotatedColumn [main] - Binding column: AnnotatedColumn(column='intData')
2026-01-22 16:13:38 DEBUG o.h.b.model.internal.PropertyBinder [main] - MetadataSourceProcessor property intData with lazy=false
2026-01-22 16:13:38 DEBUG o.h.b.m.i.AbstractPropertyHolder [main] - Attempting to locate auto-apply AttributeConverter for property [com.kra.vsdc.models.storage.Transaction:intData]
2026-01-22 16:13:38 DEBUG o.h.b.m.internal.BasicValueBinder [main] - building BasicValue for intData
2026-01-22 16:13:38 DEBUG org.hibernate.mapping.BasicValue [main] - Skipping column re-registration: transaction.int_data
2026-01-22 16:13:38 DEBUG o.h.b.model.internal.PropertyBinder [main] - Building property intData
2026-01-22 16:13:38 DEBUG o.h.b.model.internal.AnnotatedColumn [main] - Binding column: AnnotatedColumn(column='invcNo')
2026-01-22 16:13:38 DEBUG o.h.b.model.internal.PropertyBinder [main] - MetadataSourceProcessor property invcNo with lazy=false
2026-01-22 16:13:38 DEBUG o.h.b.m.i.AbstractPropertyHolder [main] - Attempting to locate auto-apply AttributeConverter for property [com.kra.vsdc.models.storage.Transaction:invcNo]
2026-01-22 16:13:38 DEBUG o.h.b.m.internal.BasicValueBinder [main] - building BasicValue for invcNo
2026-01-22 16:13:38 DEBUG org.hibernate.mapping.BasicValue [main] - Skipping column re-registration: transaction.invc_no
2026-01-22 16:13:38 DEBUG o.h.b.model.internal.PropertyBinder [main] - Building property invcNo
2026-01-22 16:13:38 DEBUG o.h.b.model.internal.AnnotatedColumn [main] - Binding column: AnnotatedColumn(column='itemListStr')
2026-01-22 16:13:38 DEBUG o.h.b.model.internal.PropertyBinder [main] - MetadataSourceProcessor property itemListStr with lazy=false
2026-01-22 16:13:38 DEBUG o.h.b.m.i.AbstractPropertyHolder [main] - Attempting to locate auto-apply AttributeConverter for property [com.kra.vsdc.models.storage.Transaction:itemListStr]
2026-01-22 16:13:38 DEBUG o.h.b.m.internal.BasicValueBinder [main] - building BasicValue for itemListStr
2026-01-22 16:13:38 DEBUG org.hibernate.mapping.BasicValue [main] - Skipping column re-registration: transaction.item_list_str
2026-01-22 16:13:38 DEBUG o.h.b.model.internal.PropertyBinder [main] - Building property itemListStr
2026-01-22 16:13:38 DEBUG o.h.b.model.internal.AnnotatedColumn [main] - Binding column: AnnotatedColumn(column='modrId')
2026-01-22 16:13:38 DEBUG o.h.b.model.internal.PropertyBinder [main] - MetadataSourceProcessor property modrId with lazy=false
2026-01-22 16:13:38 DEBUG o.h.b.m.i.AbstractPropertyHolder [main] - Attempting to locate auto-apply AttributeConverter for property [com.kra.vsdc.models.storage.Transaction:modrId]
2026-01-22 16:13:38 DEBUG o.h.b.m.internal.BasicValueBinder [main] - building BasicValue for modrId
2026-01-22 16:13:38 DEBUG org.hibernate.mapping.BasicValue [main] - Skipping column re-registration: transaction.modr_id
2026-01-22 16:13:38 DEBUG o.h.b.model.internal.PropertyBinder [main] - Building property modrId
2026-01-22 16:13:38 DEBUG o.h.b.model.internal.AnnotatedColumn [main] - Binding column: AnnotatedColumn(column='modrNm')
2026-01-22 16:13:38 DEBUG o.h.b.model.internal.PropertyBinder [main] - MetadataSourceProcessor property modrNm with lazy=false
2026-01-22 16:13:38 DEBUG o.h.b.m.i.AbstractPropertyHolder [main] - Attempting to locate auto-apply AttributeConverter for property [com.kra.vsdc.models.storage.Transaction:modrNm]
2026-01-22 16:13:38 DEBUG o.h.b.m.internal.BasicValueBinder [main] - building BasicValue for modrNm
2026-01-22 16:13:38 DEBUG org.hibernate.mapping.BasicValue [main] - Skipping column re-registration: transaction.modr_nm
2026-01-22 16:13:38 DEBUG o.h.b.model.internal.PropertyBinder [main] - Building property modrNm
2026-01-22 16:13:38 DEBUG o.h.b.model.internal.AnnotatedColumn [main] - Binding column: AnnotatedColumn(column='orgInvcNo')
2026-01-22 16:13:38 DEBUG o.h.b.model.internal.PropertyBinder [main] - MetadataSourceProcessor property orgInvcNo with lazy=false
2026-01-22 16:13:38 DEBUG o.h.b.m.i.AbstractPropertyHolder [main] - Attempting to locate auto-apply AttributeConverter for property [com.kra.vsdc.models.storage.Transaction:orgInvcNo]
2026-01-22 16:13:38 DEBUG o.h.b.m.internal.BasicValueBinder [main] - building BasicValue for orgInvcNo
2026-01-22 16:13:38 DEBUG org.hibernate.mapping.BasicValue [main] - Skipping column re-registration: transaction.org_invc_no
2026-01-22 16:13:38 DEBUG o.h.b.model.internal.PropertyBinder [main] - Building property orgInvcNo
2026-01-22 16:13:38 DEBUG o.h.b.model.internal.AnnotatedColumn [main] - Binding column: AnnotatedColumn(column='pmtTyCd')
2026-01-22 16:13:38 DEBUG o.h.b.model.internal.PropertyBinder [main] - MetadataSourceProcessor property pmtTyCd with lazy=false
2026-01-22 16:13:38 DEBUG o.h.b.m.i.AbstractPropertyHolder [main] - Attempting to locate auto-apply AttributeConverter for property [com.kra.vsdc.models.storage.Transaction:pmtTyCd]
2026-01-22 16:13:38 DEBUG o.h.b.m.internal.BasicValueBinder [main] - building BasicValue for pmtTyCd
2026-01-22 16:13:38 DEBUG org.hibernate.mapping.BasicValue [main] - Skipping column re-registration: transaction.pmt_ty_cd
2026-01-22 16:13:38 DEBUG o.h.b.model.internal.PropertyBinder [main] - Building property pmtTyCd
2026-01-22 16:13:38 DEBUG o.h.b.model.internal.AnnotatedColumn [main] - Binding column: AnnotatedColumn(column='prchrAcptcYn')
2026-01-22 16:13:38 DEBUG o.h.b.model.internal.PropertyBinder [main] - MetadataSourceProcessor property prchrAcptcYn with lazy=false
2026-01-22 16:13:38 DEBUG o.h.b.m.i.AbstractPropertyHolder [main] - Attempting to locate auto-apply AttributeConverter for property [com.kra.vsdc.models.storage.Transaction:prchrAcptcYn]
2026-01-22 16:13:38 DEBUG o.h.b.m.internal.BasicValueBinder [main] - building BasicValue for prchrAcptcYn
2026-01-22 16:13:38 DEBUG org.hibernate.mapping.BasicValue [main] - Skipping column re-registration: transaction.prchr_acptc_yn
2026-01-22 16:13:38 DEBUG o.h.b.model.internal.PropertyBinder [main] - Building property prchrAcptcYn
2026-01-22 16:13:38 DEBUG o.h.b.model.internal.AnnotatedColumn [main] - Binding column: AnnotatedColumn(column='rcptTyCd')
2026-01-22 16:13:38 DEBUG o.h.b.model.internal.PropertyBinder [main] - MetadataSourceProcessor property rcptTyCd with lazy=false
2026-01-22 16:13:38 DEBUG o.h.b.m.i.AbstractPropertyHolder [main] - Attempting to locate auto-apply AttributeConverter for property [com.kra.vsdc.models.storage.Transaction:rcptTyCd]
2026-01-22 16:13:38 DEBUG o.h.b.m.internal.BasicValueBinder [main] - building BasicValue for rcptTyCd
2026-01-22 16:13:38 DEBUG org.hibernate.mapping.BasicValue [main] - Skipping column re-registration: transaction.rcpt_ty_cd
2026-01-22 16:13:38 DEBUG o.h.b.model.internal.PropertyBinder [main] - Building property rcptTyCd
2026-01-22 16:13:38 DEBUG o.h.b.model.internal.AnnotatedColumn [main] - Binding column: AnnotatedColumn(column='regrId')
2026-01-22 16:13:38 DEBUG o.h.b.model.internal.PropertyBinder [main] - MetadataSourceProcessor property regrId with lazy=false
2026-01-22 16:13:38 DEBUG o.h.b.m.i.AbstractPropertyHolder [main] - Attempting to locate auto-apply AttributeConverter for property [com.kra.vsdc.models.storage.Transaction:regrId]
2026-01-22 16:13:38 DEBUG o.h.b.m.internal.BasicValueBinder [main] - building BasicValue for regrId
2026-01-22 16:13:38 DEBUG org.hibernate.mapping.BasicValue [main] - Skipping column re-registration: transaction.regr_id
2026-01-22 16:13:38 DEBUG o.h.b.model.internal.PropertyBinder [main] - Building property regrId
2026-01-22 16:13:38 DEBUG o.h.b.model.internal.AnnotatedColumn [main] - Binding column: AnnotatedColumn(column='regrNm')
2026-01-22 16:13:38 DEBUG o.h.b.model.internal.PropertyBinder [main] - MetadataSourceProcessor property regrNm with lazy=false
2026-01-22 16:13:38 DEBUG o.h.b.m.i.AbstractPropertyHolder [main] - Attempting to locate auto-apply AttributeConverter for property [com.kra.vsdc.models.storage.Transaction:regrNm]
2026-01-22 16:13:38 DEBUG o.h.b.m.internal.BasicValueBinder [main] - building BasicValue for regrNm
2026-01-22 16:13:38 DEBUG org.hibernate.mapping.BasicValue [main] - Skipping column re-registration: transaction.regr_nm
2026-01-22 16:13:38 DEBUG o.h.b.model.internal.PropertyBinder [main] - Building property regrNm
2026-01-22 16:13:38 DEBUG o.h.b.model.internal.AnnotatedColumn [main] - Binding column: AnnotatedColumn(column='remark')
2026-01-22 16:13:38 DEBUG o.h.b.model.internal.PropertyBinder [main] - MetadataSourceProcessor property remark with lazy=false
2026-01-22 16:13:38 DEBUG o.h.b.m.i.AbstractPropertyHolder [main] - Attempting to locate auto-apply AttributeConverter for property [com.kra.vsdc.models.storage.Transaction:remark]
2026-01-22 16:13:38 DEBUG o.h.b.m.internal.BasicValueBinder [main] - building BasicValue for remark
2026-01-22 16:13:38 DEBUG org.hibernate.mapping.BasicValue [main] - Skipping column re-registration: transaction.remark
2026-01-22 16:13:38 DEBUG o.h.b.model.internal.PropertyBinder [main] - Building property remark
2026-01-22 16:13:38 DEBUG o.h.b.model.internal.AnnotatedColumn [main] - Binding column: AnnotatedColumn(column='rfdDt')
2026-01-22 16:13:38 DEBUG o.h.b.model.internal.PropertyBinder [main] - MetadataSourceProcessor property rfdDt with lazy=false
2026-01-22 16:13:38 DEBUG o.h.b.m.i.AbstractPropertyHolder [main] - Attempting to locate auto-apply AttributeConverter for property [com.kra.vsdc.models.storage.Transaction:rfdDt]
2026-01-22 16:13:38 DEBUG o.h.b.m.internal.BasicValueBinder [main] - building BasicValue for rfdDt
2026-01-22 16:13:38 DEBUG org.hibernate.mapping.BasicValue [main] - Skipping column re-registration: transaction.rfd_dt
2026-01-22 16:13:38 DEBUG o.h.b.model.internal.PropertyBinder [main] - Building property rfdDt
2026-01-22 16:13:38 DEBUG o.h.b.model.internal.AnnotatedColumn [main] - Binding column: AnnotatedColumn(column='rfdRsnCd')
2026-01-22 16:13:38 DEBUG o.h.b.model.internal.PropertyBinder [main] - MetadataSourceProcessor property rfdRsnCd with lazy=false
2026-01-22 16:13:38 DEBUG o.h.b.m.i.AbstractPropertyHolder [main] - Attempting to locate auto-apply AttributeConverter for property [com.kra.vsdc.models.storage.Transaction:rfdRsnCd]
2026-01-22 16:13:38 DEBUG o.h.b.m.internal.BasicValueBinder [main] - building BasicValue for rfdRsnCd
2026-01-22 16:13:38 DEBUG org.hibernate.mapping.BasicValue [main] - Skipping column re-registration: transaction.rfd_rsn_cd
2026-01-22 16:13:38 DEBUG o.h.b.model.internal.PropertyBinder [main] - Building property rfdRsnCd
2026-01-22 16:13:38 DEBUG o.h.b.model.internal.AnnotatedColumn [main] - Binding column: AnnotatedColumn(column='salesDt')
2026-01-22 16:13:38 DEBUG o.h.b.model.internal.PropertyBinder [main] - MetadataSourceProcessor property salesDt with lazy=false
2026-01-22 16:13:38 DEBUG o.h.b.m.i.AbstractPropertyHolder [main] - Attempting to locate auto-apply AttributeConverter for property [com.kra.vsdc.models.storage.Transaction:salesDt]
2026-01-22 16:13:38 DEBUG o.h.b.m.internal.BasicValueBinder [main] - building BasicValue for salesDt
2026-01-22 16:13:38 DEBUG org.hibernate.mapping.BasicValue [main] - Skipping column re-registration: transaction.sales_dt
2026-01-22 16:13:38 DEBUG o.h.b.model.internal.PropertyBinder [main] - Building property salesDt
2026-01-22 16:13:38 DEBUG o.h.b.model.internal.AnnotatedColumn [main] - Binding column: AnnotatedColumn(column='salesSttsCd')
2026-01-22 16:13:38 DEBUG o.h.b.model.internal.PropertyBinder [main] - MetadataSourceProcessor property salesSttsCd with lazy=false
2026-01-22 16:13:38 DEBUG o.h.b.m.i.AbstractPropertyHolder [main] - Attempting to locate auto-apply AttributeConverter for property [com.kra.vsdc.models.storage.Transaction:salesSttsCd]
2026-01-22 16:13:38 DEBUG o.h.b.m.internal.BasicValueBinder [main] - building BasicValue for salesSttsCd
2026-01-22 16:13:38 DEBUG org.hibernate.mapping.BasicValue [main] - Skipping column re-registration: transaction.sales_stts_cd
2026-01-22 16:13:38 DEBUG o.h.b.model.internal.PropertyBinder [main] - Building property salesSttsCd
2026-01-22 16:13:38 DEBUG o.h.b.model.internal.AnnotatedColumn [main] - Binding column: AnnotatedColumn(column='salesTyCd')
2026-01-22 16:13:38 DEBUG o.h.b.model.internal.PropertyBinder [main] - MetadataSourceProcessor property salesTyCd with lazy=false
2026-01-22 16:13:38 DEBUG o.h.b.m.i.AbstractPropertyHolder [main] - Attempting to locate auto-apply AttributeConverter for property [com.kra.vsdc.models.storage.Transaction:salesTyCd]
2026-01-22 16:13:38 DEBUG o.h.b.m.internal.BasicValueBinder [main] - building BasicValue for salesTyCd
2026-01-22 16:13:38 DEBUG org.hibernate.mapping.BasicValue [main] - Skipping column re-registration: transaction.sales_ty_cd
2026-01-22 16:13:38 DEBUG o.h.b.model.internal.PropertyBinder [main] - Building property salesTyCd
2026-01-22 16:13:38 DEBUG o.h.b.model.internal.AnnotatedColumn [main] - Binding column: AnnotatedColumn(column='signature')
2026-01-22 16:13:38 DEBUG o.h.b.model.internal.PropertyBinder [main] - MetadataSourceProcessor property signature with lazy=false
2026-01-22 16:13:38 DEBUG o.h.b.m.i.AbstractPropertyHolder [main] - Attempting to locate auto-apply AttributeConverter for property [com.kra.vsdc.models.storage.Transaction:signature]
2026-01-22 16:13:38 DEBUG o.h.b.m.internal.BasicValueBinder [main] - building BasicValue for signature
2026-01-22 16:13:38 DEBUG org.hibernate.mapping.BasicValue [main] - Skipping column re-registration: transaction.signature
2026-01-22 16:13:38 DEBUG o.h.b.model.internal.PropertyBinder [main] - Building property signature
2026-01-22 16:13:38 DEBUG o.h.b.model.internal.AnnotatedColumn [main] - Binding column: AnnotatedColumn(column='stockRlsDt')
2026-01-22 16:13:38 DEBUG o.h.b.model.internal.PropertyBinder [main] - MetadataSourceProcessor property stockRlsDt with lazy=false
2026-01-22 16:13:38 DEBUG o.h.b.m.i.AbstractPropertyHolder [main] - Attempting to locate auto-apply AttributeConverter for property [com.kra.vsdc.models.storage.Transaction:stockRlsDt]
2026-01-22 16:13:38 DEBUG o.h.b.m.internal.BasicValueBinder [main] - building BasicValue for stockRlsDt
2026-01-22 16:13:38 DEBUG org.hibernate.mapping.BasicValue [main] - Skipping column re-registration: transaction.stock_rls_dt
2026-01-22 16:13:38 DEBUG o.h.b.model.internal.PropertyBinder [main] - Building property stockRlsDt
2026-01-22 16:13:38 DEBUG o.h.b.model.internal.AnnotatedColumn [main] - Binding column: AnnotatedColumn(column='taxAmtA')
2026-01-22 16:13:38 DEBUG o.h.b.model.internal.PropertyBinder [main] - MetadataSourceProcessor property taxAmtA with lazy=false
2026-01-22 16:13:38 DEBUG o.h.b.m.i.AbstractPropertyHolder [main] - Attempting to locate auto-apply AttributeConverter for property [com.kra.vsdc.models.storage.Transaction:taxAmtA]
2026-01-22 16:13:38 DEBUG o.h.b.m.internal.BasicValueBinder [main] - building BasicValue for taxAmtA
2026-01-22 16:13:38 DEBUG org.hibernate.mapping.BasicValue [main] - Skipping column re-registration: transaction.tax_amta
2026-01-22 16:13:38 DEBUG o.h.b.model.internal.PropertyBinder [main] - Building property taxAmtA
2026-01-22 16:13:38 DEBUG o.h.b.model.internal.AnnotatedColumn [main] - Binding column: AnnotatedColumn(column='taxAmtB')
2026-01-22 16:13:38 DEBUG o.h.b.model.internal.PropertyBinder [main] - MetadataSourceProcessor property taxAmtB with lazy=false
2026-01-22 16:13:38 DEBUG o.h.b.m.i.AbstractPropertyHolder [main] - Attempting to locate auto-apply AttributeConverter for property [com.kra.vsdc.models.storage.Transaction:taxAmtB]
2026-01-22 16:13:38 DEBUG o.h.b.m.internal.BasicValueBinder [main] - building BasicValue for taxAmtB
2026-01-22 16:13:38 DEBUG org.hibernate.mapping.BasicValue [main] - Skipping column re-registration: transaction.tax_amtb
2026-01-22 16:13:38 DEBUG o.h.b.model.internal.PropertyBinder [main] - Building property taxAmtB
2026-01-22 16:13:38 DEBUG o.h.b.model.internal.AnnotatedColumn [main] - Binding column: AnnotatedColumn(column='taxAmtC')
2026-01-22 16:13:38 DEBUG o.h.b.model.internal.PropertyBinder [main] - MetadataSourceProcessor property taxAmtC with lazy=false
2026-01-22 16:13:38 DEBUG o.h.b.m.i.AbstractPropertyHolder [main] - Attempting to locate auto-apply AttributeConverter for property [com.kra.vsdc.models.storage.Transaction:taxAmtC]
2026-01-22 16:13:38 DEBUG o.h.b.m.internal.BasicValueBinder [main] - building BasicValue for taxAmtC
2026-01-22 16:13:38 DEBUG org.hibernate.mapping.BasicValue [main] - Skipping column re-registration: transaction.tax_amtc
2026-01-22 16:13:38 DEBUG o.h.b.model.internal.PropertyBinder [main] - Building property taxAmtC
2026-01-22 16:13:38 DEBUG o.h.b.model.internal.AnnotatedColumn [main] - Binding column: AnnotatedColumn(column='taxAmtD')
2026-01-22 16:13:38 DEBUG o.h.b.model.internal.PropertyBinder [main] - MetadataSourceProcessor property taxAmtD with lazy=false
2026-01-22 16:13:38 DEBUG o.h.b.m.i.AbstractPropertyHolder [main] - Attempting to locate auto-apply AttributeConverter for property [com.kra.vsdc.models.storage.Transaction:taxAmtD]
2026-01-22 16:13:38 DEBUG o.h.b.m.internal.BasicValueBinder [main] - building BasicValue for taxAmtD
2026-01-22 16:13:38 DEBUG org.hibernate.mapping.BasicValue [main] - Skipping column re-registration: transaction.tax_amtd
2026-01-22 16:13:38 DEBUG o.h.b.model.internal.PropertyBinder [main] - Building property taxAmtD
2026-01-22 16:13:38 DEBUG o.h.b.model.internal.AnnotatedColumn [main] - Binding column: AnnotatedColumn(column='taxRtA')
2026-01-22 16:13:38 DEBUG o.h.b.model.internal.PropertyBinder [main] - MetadataSourceProcessor property taxRtA with lazy=false
2026-01-22 16:13:38 DEBUG o.h.b.m.i.AbstractPropertyHolder [main] - Attempting to locate auto-apply AttributeConverter for property [com.kra.vsdc.models.storage.Transaction:taxRtA]
2026-01-22 16:13:38 DEBUG o.h.b.m.internal.BasicValueBinder [main] - building BasicValue for taxRtA
2026-01-22 16:13:38 DEBUG org.hibernate.mapping.BasicValue [main] - Skipping column re-registration: transaction.tax_rta
2026-01-22 16:13:38 DEBUG o.h.b.model.internal.PropertyBinder [main] - Building property taxRtA
2026-01-22 16:13:38 DEBUG o.h.b.model.internal.AnnotatedColumn [main] - Binding column: AnnotatedColumn(column='taxRtB')
2026-01-22 16:13:38 DEBUG o.h.b.model.internal.PropertyBinder [main] - MetadataSourceProcessor property taxRtB with lazy=false
2026-01-22 16:13:38 DEBUG o.h.b.m.i.AbstractPropertyHolder [main] - Attempting to locate auto-apply AttributeConverter for property [com.kra.vsdc.models.storage.Transaction:taxRtB]
2026-01-22 16:13:38 DEBUG o.h.b.m.internal.BasicValueBinder [main] - building BasicValue for taxRtB
2026-01-22 16:13:38 DEBUG org.hibernate.mapping.BasicValue [main] - Skipping column re-registration: transaction.tax_rtb
2026-01-22 16:13:38 DEBUG o.h.b.model.internal.PropertyBinder [main] - Building property taxRtB
2026-01-22 16:13:38 DEBUG o.h.b.model.internal.AnnotatedColumn [main] - Binding column: AnnotatedColumn(column='taxRtC')
2026-01-22 16:13:38 DEBUG o.h.b.model.internal.PropertyBinder [main] - MetadataSourceProcessor property taxRtC with lazy=false
2026-01-22 16:13:38 DEBUG o.h.b.m.i.AbstractPropertyHolder [main] - Attempting to locate auto-apply AttributeConverter for property [com.kra.vsdc.models.storage.Transaction:taxRtC]
2026-01-22 16:13:38 DEBUG o.h.b.m.internal.BasicValueBinder [main] - building BasicValue for taxRtC
2026-01-22 16:13:38 DEBUG org.hibernate.mapping.BasicValue [main] - Skipping column re-registration: transaction.tax_rtc
2026-01-22 16:13:38 DEBUG o.h.b.model.internal.PropertyBinder [main] - Building property taxRtC
2026-01-22 16:13:38 DEBUG o.h.b.model.internal.AnnotatedColumn [main] - Binding column: AnnotatedColumn(column='taxRtD')
2026-01-22 16:13:38 DEBUG o.h.b.model.internal.PropertyBinder [main] - MetadataSourceProcessor property taxRtD with lazy=false
2026-01-22 16:13:38 DEBUG o.h.b.m.i.AbstractPropertyHolder [main] - Attempting to locate auto-apply AttributeConverter for property [com.kra.vsdc.models.storage.Transaction:taxRtD]
2026-01-22 16:13:38 DEBUG o.h.b.m.internal.BasicValueBinder [main] - building BasicValue for taxRtD
2026-01-22 16:13:38 DEBUG org.hibernate.mapping.BasicValue [main] - Skipping column re-registration: transaction.tax_rtd
2026-01-22 16:13:38 DEBUG o.h.b.model.internal.PropertyBinder [main] - Building property taxRtD
2026-01-22 16:13:38 DEBUG o.h.b.model.internal.AnnotatedColumn [main] - Binding column: AnnotatedColumn(column='taxblAmtA')
2026-01-22 16:13:38 DEBUG o.h.b.model.internal.PropertyBinder [main] - MetadataSourceProcessor property taxblAmtA with lazy=false
2026-01-22 16:13:38 DEBUG o.h.b.m.i.AbstractPropertyHolder [main] - Attempting to locate auto-apply AttributeConverter for property [com.kra.vsdc.models.storage.Transaction:taxblAmtA]
2026-01-22 16:13:38 DEBUG o.h.b.m.internal.BasicValueBinder [main] - building BasicValue for taxblAmtA
2026-01-22 16:13:38 DEBUG org.hibernate.mapping.BasicValue [main] - Skipping column re-registration: transaction.taxbl_amta
2026-01-22 16:13:38 DEBUG o.h.b.model.internal.PropertyBinder [main] - Building property taxblAmtA
2026-01-22 16:13:38 DEBUG o.h.b.model.internal.AnnotatedColumn [main] - Binding column: AnnotatedColumn(column='taxblAmtB')
2026-01-22 16:13:38 DEBUG o.h.b.model.internal.PropertyBinder [main] - MetadataSourceProcessor property taxblAmtB with lazy=false
2026-01-22 16:13:38 DEBUG o.h.b.m.i.AbstractPropertyHolder [main] - Attempting to locate auto-apply AttributeConverter for property [com.kra.vsdc.models.storage.Transaction:taxblAmtB]
2026-01-22 16:13:38 DEBUG o.h.b.m.internal.BasicValueBinder [main] - building BasicValue for taxblAmtB
2026-01-22 16:13:38 DEBUG org.hibernate.mapping.BasicValue [main] - Skipping column re-registration: transaction.taxbl_amtb
2026-01-22 16:13:38 DEBUG o.h.b.model.internal.PropertyBinder [main] - Building property taxblAmtB
2026-01-22 16:13:38 DEBUG o.h.b.model.internal.AnnotatedColumn [main] - Binding column: AnnotatedColumn(column='taxblAmtC')
2026-01-22 16:13:38 DEBUG o.h.b.model.internal.PropertyBinder [main] - MetadataSourceProcessor property taxblAmtC with lazy=false
2026-01-22 16:13:38 DEBUG o.h.b.m.i.AbstractPropertyHolder [main] - Attempting to locate auto-apply AttributeConverter for property [com.kra.vsdc.models.storage.Transaction:taxblAmtC]
2026-01-22 16:13:38 DEBUG o.h.b.m.internal.BasicValueBinder [main] - building BasicValue for taxblAmtC
2026-01-22 16:13:38 DEBUG org.hibernate.mapping.BasicValue [main] - Skipping column re-registration: transaction.taxbl_amtc
2026-01-22 16:13:38 DEBUG o.h.b.model.internal.PropertyBinder [main] - Building property taxblAmtC
2026-01-22 16:13:38 DEBUG o.h.b.model.internal.AnnotatedColumn [main] - Binding column: AnnotatedColumn(column='taxblAmtD')
2026-01-22 16:13:38 DEBUG o.h.b.model.internal.PropertyBinder [main] - MetadataSourceProcessor property taxblAmtD with lazy=false
2026-01-22 16:13:38 DEBUG o.h.b.m.i.AbstractPropertyHolder [main] - Attempting to locate auto-apply AttributeConverter for property [com.kra.vsdc.models.storage.Transaction:taxblAmtD]
2026-01-22 16:13:38 DEBUG o.h.b.m.internal.BasicValueBinder [main] - building BasicValue for taxblAmtD
2026-01-22 16:13:38 DEBUG org.hibernate.mapping.BasicValue [main] - Skipping column re-registration: transaction.taxbl_amtd
2026-01-22 16:13:38 DEBUG o.h.b.model.internal.PropertyBinder [main] - Building property taxblAmtD
2026-01-22 16:13:38 DEBUG o.h.b.model.internal.AnnotatedColumn [main] - Binding column: AnnotatedColumn(column='taxblAmtE')
2026-01-22 16:13:38 DEBUG o.h.b.model.internal.PropertyBinder [main] - MetadataSourceProcessor property taxblAmtE with lazy=false
2026-01-22 16:13:38 DEBUG o.h.b.m.i.AbstractPropertyHolder [main] - Attempting to locate auto-apply AttributeConverter for property [com.kra.vsdc.models.storage.Transaction:taxblAmtE]
2026-01-22 16:13:38 DEBUG o.h.b.m.internal.BasicValueBinder [main] - building BasicValue for taxblAmtE
2026-01-22 16:13:38 DEBUG org.hibernate.mapping.BasicValue [main] - Skipping column re-registration: transaction.taxbl_amte
2026-01-22 16:13:38 DEBUG o.h.b.model.internal.PropertyBinder [main] - Building property taxblAmtE
2026-01-22 16:13:38 DEBUG o.h.b.model.internal.AnnotatedColumn [main] - Binding column: AnnotatedColumn()
2026-01-22 16:13:38 DEBUG o.h.b.model.internal.PropertyBinder [main] - MetadataSourceProcessor property tin with lazy=false
2026-01-22 16:13:38 DEBUG o.h.b.m.i.AbstractPropertyHolder [main] - Attempting to locate auto-apply AttributeConverter for property [com.kra.vsdc.models.storage.Transaction:tin]
2026-01-22 16:13:38 DEBUG o.h.b.m.internal.BasicValueBinder [main] - building BasicValue for tin
2026-01-22 16:13:38 DEBUG org.hibernate.mapping.BasicValue [main] - Skipping column re-registration: transaction.tin
2026-01-22 16:13:38 DEBUG o.h.b.model.internal.PropertyBinder [main] - Building property tin
2026-01-22 16:13:38 DEBUG o.h.b.model.internal.AnnotatedColumn [main] - Binding column: AnnotatedColumn(column='totAmt')
2026-01-22 16:13:38 DEBUG o.h.b.model.internal.PropertyBinder [main] - MetadataSourceProcessor property totAmt with lazy=false
2026-01-22 16:13:38 DEBUG o.h.b.m.i.AbstractPropertyHolder [main] - Attempting to locate auto-apply AttributeConverter for property [com.kra.vsdc.models.storage.Transaction:totAmt]
2026-01-22 16:13:38 DEBUG o.h.b.m.internal.BasicValueBinder [main] - building BasicValue for totAmt
2026-01-22 16:13:38 DEBUG org.hibernate.mapping.BasicValue [main] - Skipping column re-registration: transaction.tot_amt
2026-01-22 16:13:38 DEBUG o.h.b.model.internal.PropertyBinder [main] - Building property totAmt
2026-01-22 16:13:38 DEBUG o.h.b.model.internal.AnnotatedColumn [main] - Binding column: AnnotatedColumn(column='totItemCnt')
2026-01-22 16:13:38 DEBUG o.h.b.model.internal.PropertyBinder [main] - MetadataSourceProcessor property totItemCnt with lazy=false
2026-01-22 16:13:38 DEBUG o.h.b.m.i.AbstractPropertyHolder [main] - Attempting to locate auto-apply AttributeConverter for property [com.kra.vsdc.models.storage.Transaction:totItemCnt]
2026-01-22 16:13:38 DEBUG o.h.b.m.internal.BasicValueBinder [main] - building BasicValue for totItemCnt
2026-01-22 16:13:38 DEBUG org.hibernate.mapping.BasicValue [main] - Skipping column re-registration: transaction.tot_item_cnt
2026-01-22 16:13:38 DEBUG o.h.b.model.internal.PropertyBinder [main] - Building property totItemCnt
2026-01-22 16:13:38 DEBUG o.h.b.model.internal.AnnotatedColumn [main] - Binding column: AnnotatedColumn(column='totTaxAmt')
2026-01-22 16:13:38 DEBUG o.h.b.model.internal.PropertyBinder [main] - MetadataSourceProcessor property totTaxAmt with lazy=false
2026-01-22 16:13:38 DEBUG o.h.b.m.i.AbstractPropertyHolder [main] - Attempting to locate auto-apply AttributeConverter for property [com.kra.vsdc.models.storage.Transaction:totTaxAmt]
2026-01-22 16:13:38 DEBUG o.h.b.m.internal.BasicValueBinder [main] - building BasicValue for totTaxAmt
2026-01-22 16:13:38 DEBUG org.hibernate.mapping.BasicValue [main] - Skipping column re-registration: transaction.tot_tax_amt
2026-01-22 16:13:38 DEBUG o.h.b.model.internal.PropertyBinder [main] - Building property totTaxAmt
2026-01-22 16:13:38 DEBUG o.h.b.model.internal.AnnotatedColumn [main] - Binding column: AnnotatedColumn(column='totTaxblAmt')
2026-01-22 16:13:38 DEBUG o.h.b.model.internal.PropertyBinder [main] - MetadataSourceProcessor property totTaxblAmt with lazy=false
2026-01-22 16:13:38 DEBUG o.h.b.m.i.AbstractPropertyHolder [main] - Attempting to locate auto-apply AttributeConverter for property [com.kra.vsdc.models.storage.Transaction:totTaxblAmt]
2026-01-22 16:13:38 DEBUG o.h.b.m.internal.BasicValueBinder [main] - building BasicValue for totTaxblAmt
2026-01-22 16:13:38 DEBUG org.hibernate.mapping.BasicValue [main] - Skipping column re-registration: transaction.tot_taxbl_amt
2026-01-22 16:13:38 DEBUG o.h.b.model.internal.PropertyBinder [main] - Building property totTaxblAmt
2026-01-22 16:13:38 DEBUG o.h.b.model.internal.AnnotatedColumn [main] - Binding column: AnnotatedColumn(column='trmStatus')
2026-01-22 16:13:38 DEBUG o.h.b.model.internal.PropertyBinder [main] - MetadataSourceProcessor property trmStatus with lazy=false
2026-01-22 16:13:38 DEBUG o.h.b.m.i.AbstractPropertyHolder [main] - Attempting to locate auto-apply AttributeConverter for property [com.kra.vsdc.models.storage.Transaction:trmStatus]
2026-01-22 16:13:38 DEBUG o.h.b.m.internal.BasicValueBinder [main] - building BasicValue for trmStatus
2026-01-22 16:13:38 DEBUG org.hibernate.mapping.BasicValue [main] - Skipping column re-registration: transaction.trm_status
2026-01-22 16:13:38 DEBUG o.h.b.model.internal.PropertyBinder [main] - Building property trmStatus
2026-01-22 16:13:38 DEBUG o.h.b.r.c.i.ClassLoaderServiceImpl [main] - HHH000194: Package not found or wo package-info.java: com.kra.vsdc.models.storage
2026-01-22 16:13:38 DEBUG o.h.b.m.internal.BasicValueBinder [main] - Starting `BasicValueBinder#fillSimpleValue` for ids
2026-01-22 16:13:38 DEBUG o.h.b.m.internal.BasicValueBinder [main] - Starting `BasicValueBinder#fillSimpleValue` for bhfId
2026-01-22 16:13:38 DEBUG o.h.b.m.internal.BasicValueBinder [main] - Starting `BasicValueBinder#fillSimpleValue` for cmcKey
2026-01-22 16:13:38 DEBUG o.h.b.m.internal.BasicValueBinder [main] - Starting `BasicValueBinder#fillSimpleValue` for dvcId
2026-01-22 16:13:38 DEBUG o.h.b.m.internal.BasicValueBinder [main] - Starting `BasicValueBinder#fillSimpleValue` for intrlKey
2026-01-22 16:13:38 DEBUG o.h.b.m.internal.BasicValueBinder [main] - Starting `BasicValueBinder#fillSimpleValue` for lastCopyInvcNo
2026-01-22 16:13:38 DEBUG o.h.b.m.internal.BasicValueBinder [main] - Starting `BasicValueBinder#fillSimpleValue` for lastInvcNo
2026-01-22 16:13:38 DEBUG o.h.b.m.internal.BasicValueBinder [main] - Starting `BasicValueBinder#fillSimpleValue` for lastPchsInvcNo
2026-01-22 16:13:38 DEBUG o.h.b.m.internal.BasicValueBinder [main] - Starting `BasicValueBinder#fillSimpleValue` for lastProfrmInvcNo
2026-01-22 16:13:38 DEBUG o.h.b.m.internal.BasicValueBinder [main] - Starting `BasicValueBinder#fillSimpleValue` for lastSaleInvcNo
2026-01-22 16:13:38 DEBUG o.h.b.m.internal.BasicValueBinder [main] - Starting `BasicValueBinder#fillSimpleValue` for lastSaleRcptNo
2026-01-22 16:13:38 DEBUG o.h.b.m.internal.BasicValueBinder [main] - Starting `BasicValueBinder#fillSimpleValue` for lastTrainInvcNo
2026-01-22 16:13:38 DEBUG o.h.b.m.internal.BasicValueBinder [main] - Starting `BasicValueBinder#fillSimpleValue` for mrcNo
2026-01-22 16:13:38 DEBUG o.h.b.m.internal.BasicValueBinder [main] - Starting `BasicValueBinder#fillSimpleValue` for sdcId
2026-01-22 16:13:38 DEBUG o.h.b.m.internal.BasicValueBinder [main] - Starting `BasicValueBinder#fillSimpleValue` for signKey
2026-01-22 16:13:38 DEBUG o.h.b.m.internal.BasicValueBinder [main] - Starting `BasicValueBinder#fillSimpleValue` for taxprNm
2026-01-22 16:13:38 DEBUG o.h.b.m.internal.BasicValueBinder [main] - Starting `BasicValueBinder#fillSimpleValue` for tin
2026-01-22 16:13:38 DEBUG o.h.b.m.internal.BasicValueBinder [main] - Starting `BasicValueBinder#fillSimpleValue` for id
2026-01-22 16:13:38 DEBUG o.h.b.m.internal.BasicValueBinder [main] - Starting `BasicValueBinder#fillSimpleValue` for bhfId
2026-01-22 16:13:38 DEBUG o.h.b.m.internal.BasicValueBinder [main] - Starting `BasicValueBinder#fillSimpleValue` for cfmDt
2026-01-22 16:13:38 DEBUG o.h.b.m.internal.BasicValueBinder [main] - Starting `BasicValueBinder#fillSimpleValue` for cnclDt
2026-01-22 16:13:38 DEBUG o.h.b.m.internal.BasicValueBinder [main] - Starting `BasicValueBinder#fillSimpleValue` for cnclReqDt
2026-01-22 16:13:38 DEBUG o.h.b.m.internal.BasicValueBinder [main] - Starting `BasicValueBinder#fillSimpleValue` for custNm
2026-01-22 16:13:38 DEBUG o.h.b.m.internal.BasicValueBinder [main] - Starting `BasicValueBinder#fillSimpleValue` for custTin
2026-01-22 16:13:38 DEBUG o.h.b.m.internal.BasicValueBinder [main] - Starting `BasicValueBinder#fillSimpleValue` for intData
2026-01-22 16:13:38 DEBUG o.h.b.m.internal.BasicValueBinder [main] - Starting `BasicValueBinder#fillSimpleValue` for invcNo
2026-01-22 16:13:38 DEBUG o.h.b.m.internal.BasicValueBinder [main] - Starting `BasicValueBinder#fillSimpleValue` for itemListStr
2026-01-22 16:13:38 DEBUG o.h.b.m.internal.BasicValueBinder [main] - Starting `BasicValueBinder#fillSimpleValue` for modrId
2026-01-22 16:13:38 DEBUG o.h.b.m.internal.BasicValueBinder [main] - Starting `BasicValueBinder#fillSimpleValue` for modrNm
2026-01-22 16:13:38 DEBUG o.h.b.m.internal.BasicValueBinder [main] - Starting `BasicValueBinder#fillSimpleValue` for orgInvcNo
2026-01-22 16:13:38 DEBUG o.h.b.m.internal.BasicValueBinder [main] - Starting `BasicValueBinder#fillSimpleValue` for pmtTyCd
2026-01-22 16:13:38 DEBUG o.h.b.m.internal.BasicValueBinder [main] - Starting `BasicValueBinder#fillSimpleValue` for prchrAcptcYn
2026-01-22 16:13:38 DEBUG o.h.b.m.internal.BasicValueBinder [main] - Starting `BasicValueBinder#fillSimpleValue` for rcptTyCd
2026-01-22 16:13:38 DEBUG o.h.b.m.internal.BasicValueBinder [main] - Starting `BasicValueBinder#fillSimpleValue` for regrId
2026-01-22 16:13:38 DEBUG o.h.b.m.internal.BasicValueBinder [main] - Starting `BasicValueBinder#fillSimpleValue` for regrNm
2026-01-22 16:13:38 DEBUG o.h.b.m.internal.BasicValueBinder [main] - Starting `BasicValueBinder#fillSimpleValue` for remark
2026-01-22 16:13:38 DEBUG o.h.b.m.internal.BasicValueBinder [main] - Starting `BasicValueBinder#fillSimpleValue` for rfdDt
2026-01-22 16:13:38 DEBUG o.h.b.m.internal.BasicValueBinder [main] - Starting `BasicValueBinder#fillSimpleValue` for rfdRsnCd
2026-01-22 16:13:38 DEBUG o.h.b.m.internal.BasicValueBinder [main] - Starting `BasicValueBinder#fillSimpleValue` for salesDt
2026-01-22 16:13:38 DEBUG o.h.b.m.internal.BasicValueBinder [main] - Starting `BasicValueBinder#fillSimpleValue` for salesSttsCd
2026-01-22 16:13:38 DEBUG o.h.b.m.internal.BasicValueBinder [main] - Starting `BasicValueBinder#fillSimpleValue` for salesTyCd
2026-01-22 16:13:38 DEBUG o.h.b.m.internal.BasicValueBinder [main] - Starting `BasicValueBinder#fillSimpleValue` for signature
2026-01-22 16:13:38 DEBUG o.h.b.m.internal.BasicValueBinder [main] - Starting `BasicValueBinder#fillSimpleValue` for stockRlsDt
2026-01-22 16:13:38 DEBUG o.h.b.m.internal.BasicValueBinder [main] - Starting `BasicValueBinder#fillSimpleValue` for taxAmtA
2026-01-22 16:13:38 DEBUG o.h.b.m.internal.BasicValueBinder [main] - Starting `BasicValueBinder#fillSimpleValue` for taxAmtB
2026-01-22 16:13:38 DEBUG o.h.b.m.internal.BasicValueBinder [main] - Starting `BasicValueBinder#fillSimpleValue` for taxAmtC
2026-01-22 16:13:38 DEBUG o.h.b.m.internal.BasicValueBinder [main] - Starting `BasicValueBinder#fillSimpleValue` for taxAmtD
2026-01-22 16:13:38 DEBUG o.h.b.m.internal.BasicValueBinder [main] - Starting `BasicValueBinder#fillSimpleValue` for taxRtA
2026-01-22 16:13:38 DEBUG o.h.b.m.internal.BasicValueBinder [main] - Starting `BasicValueBinder#fillSimpleValue` for taxRtB
2026-01-22 16:13:38 DEBUG o.h.b.m.internal.BasicValueBinder [main] - Starting `BasicValueBinder#fillSimpleValue` for taxRtC
2026-01-22 16:13:38 DEBUG o.h.b.m.internal.BasicValueBinder [main] - Starting `BasicValueBinder#fillSimpleValue` for taxRtD
2026-01-22 16:13:38 DEBUG o.h.b.m.internal.BasicValueBinder [main] - Starting `BasicValueBinder#fillSimpleValue` for taxblAmtA
2026-01-22 16:13:38 DEBUG o.h.b.m.internal.BasicValueBinder [main] - Starting `BasicValueBinder#fillSimpleValue` for taxblAmtB
2026-01-22 16:13:38 DEBUG o.h.b.m.internal.BasicValueBinder [main] - Starting `BasicValueBinder#fillSimpleValue` for taxblAmtC
2026-01-22 16:13:38 DEBUG o.h.b.m.internal.BasicValueBinder [main] - Starting `BasicValueBinder#fillSimpleValue` for taxblAmtD
2026-01-22 16:13:38 DEBUG o.h.b.m.internal.BasicValueBinder [main] - Starting `BasicValueBinder#fillSimpleValue` for taxblAmtE
2026-01-22 16:13:38 DEBUG o.h.b.m.internal.BasicValueBinder [main] - Starting `BasicValueBinder#fillSimpleValue` for tin
2026-01-22 16:13:38 DEBUG o.h.b.m.internal.BasicValueBinder [main] - Starting `BasicValueBinder#fillSimpleValue` for totAmt
2026-01-22 16:13:38 DEBUG o.h.b.m.internal.BasicValueBinder [main] - Starting `BasicValueBinder#fillSimpleValue` for totItemCnt
2026-01-22 16:13:38 DEBUG o.h.b.m.internal.BasicValueBinder [main] - Starting `BasicValueBinder#fillSimpleValue` for totTaxAmt
2026-01-22 16:13:38 DEBUG o.h.b.m.internal.BasicValueBinder [main] - Starting `BasicValueBinder#fillSimpleValue` for totTaxblAmt
2026-01-22 16:13:38 DEBUG o.h.b.m.internal.BasicValueBinder [main] - Starting `BasicValueBinder#fillSimpleValue` for trmStatus
2026-01-22 16:13:38 DEBUG org.hibernate.mapping.PrimaryKey [main] - Forcing column [ids] to be non-null as it is part of the primary key for table [initiolise]
2026-01-22 16:13:38 DEBUG org.hibernate.mapping.PrimaryKey [main] - Forcing column [id] to be non-null as it is part of the primary key for table [transaction]
2026-01-22 16:13:38 DEBUG o.h.internal.SessionFactoryImpl [main] - Building session factory
2026-01-22 16:13:38 DEBUG o.h.s.i.SessionFactoryServiceRegistryImpl [main] - EventListenerRegistry access via ServiceRegistry is deprecated.  Use `sessionFactory.getEventEngine().getListenerRegistry()` instead
2026-01-22 16:13:38 DEBUG o.h.internal.SessionFactoryImpl [main] - Instantiating SessionFactory with settings: {java.specification.version=17, sun.cpu.isalist=amd64, hibernate.resource.beans.container=org.springframework.orm.hibernate5.SpringBeanContainer@30ed4034, hibernate.connection.handling_mode=DELAYED_ACQUISITION_AND_HOLD, sun.jnu.encoding=Cp1252, hibernate.dialect=org.hibernate.dialect.H2Dialect, hibernate.implicit_naming_strategy=org.springframework.boot.orm.jpa.hibernate.SpringImplicitNamingStrategy, java.class.path=vscu-v2.0.6.jar, java.vm.vendor=Oracle Corporation, sun.arch.data.model=64, user.variant=, java.vendor.url=https://java.oracle.com/, catalina.useNaming=false, user.timezone=Africa/Nairobi, jakarta.persistence.sharedCache.mode=UNSPECIFIED, org.jboss.logging.provider=slf4j, java.vm.specification.version=17, os.name=Windows 11, jakarta.persistence.nonJtaDataSource=HikariDataSource (HikariPool-1), sun.java.launcher=SUN_STANDARD, user.country=US, sun.boot.library.path=C:\Program Files\Java\jdk-17\bin, sun.java.command=vscu-v2.0.6.jar, javax.persistence.nonJtaDataSource=HikariDataSource (HikariPool-1), hibernate.transaction.jta.platform=org.hibernate.engine.transaction.jta.platform.internal.NoJtaPlatform@1700d089, jdk.debug=release, sun.cpu.endian=little, hibernate.cdi.extensions=true, user.home=C:\Users\user, user.language=en, sun.stderr.encoding=cp437, java.specification.vendor=Oracle Corporation, java.version.date=2024-07-16, java.home=C:\Program Files\Java\jdk-17, file.separator=\, java.vm.compressedOopsMode=Zero based, line.separator=
, sun.stdout.encoding=cp437, hibernate.persistenceUnitName=default, java.vm.specification.vendor=Oracle Corporation, java.specification.name=Java Platform API Specification, FILE_LOG_CHARSET=windows-1252, hibernate.transaction.coordinator_class=class org.hibernate.resource.transaction.backend.jdbc.internal.JdbcResourceLocalTransactionCoordinatorBuilderImpl, java.awt.headless=true, jakarta.persistence.validation.mode=AUTO, hibernate.hbm2ddl.auto=create-drop, user.script=, java.protocol.handler.pkgs=org.springframework.boot.loader.net.protocol, sun.management.compiler=HotSpot 64-Bit Tiered Compilers, java.runtime.version=17.0.12+8-LTS-286, user.name=user, path.separator=;, os.version=10.0, java.runtime.name=Java(TM) SE Runtime Environment, file.encoding=Cp1252, java.vm.name=Java HotSpot(TM) 64-Bit Server VM, java.vendor.url.bug=https://bugreport.java.com/bugreport/, java.io.tmpdir=C:\Users\user\AppData\Local\Temp\, com.zaxxer.hikari.pool_number=1, catalina.home=C:\Users\user\AppData\Local\Temp\tomcat.8090.5708251759933066366, java.version=17.0.12, hibernate.physical_naming_strategy=org.hibernate.boot.model.naming.CamelCaseToUnderscoresNamingStrategy, user.dir=C:\vscu2, os.arch=amd64, java.vm.specification.name=Java Virtual Machine Specification, PID=21356, sun.os.patch.level=, CONSOLE_LOG_CHARSET=windows-1252, catalina.base=C:\Users\user\AppData\Local\Temp\tomcat.8090.5708251759933066366, hibernate.boot.CfgXmlAccessService.key=org.hibernate.boot.registry.StandardServiceRegistryBuilder$1@77e6053, native.encoding=Cp1252, java.library.path=C:\Program Files\Java\jdk-17\bin;C:\WINDOWS\Sun\Java\bin;C:\WINDOWS\system32;C:\WINDOWS;C:\WINDOWS\system32;C:\WINDOWS;C:\WINDOWS\System32\Wbem;C:\WINDOWS\System32\WindowsPowerShell\v1.0\;C:\Program Files\Java\jdk-17\bin;C:\Users\user\AppData\Local\Microsoft\WindowsApps;C:\Users\user\AppData\Local\Programs\Microsoft VS Code\bin;C:\Users\user\AppData\Roaming\Composer\vendor\bin;C:\eclipse\apache-maven-3.9.11\bin;;., java.vendor=Oracle Corporation, java.vm.info=mixed mode, sharing, java.vm.version=17.0.12+8-LTS-286, sun.io.unicode.encoding=UnicodeLittle, hibernate.archive.scanner=org.hibernate.boot.archive.scan.internal.DisabledScanner, hibernate.connection.datasource=HikariDataSource (HikariPool-1), java.class.version=61.0}
2026-01-22 16:13:38 DEBUG o.h.internal.SessionFactoryImpl [main] - Session factory constructed with filter configurations : {}
2026-01-22 16:13:38 DEBUG o.h.q.s.function.SqmFunctionRegistry [main] - Registered SqmFunctionTemplate [NamedSqmFunctionTemplate(max)] under max; prior registration was null
2026-01-22 16:13:38 DEBUG o.h.q.s.function.SqmFunctionRegistry [main] - Registered SqmFunctionTemplate [NamedSqmFunctionTemplate(min)] under min; prior registration was null
2026-01-22 16:13:38 DEBUG o.h.q.s.function.SqmFunctionRegistry [main] - Registered SqmFunctionTemplate [NamedSqmFunctionTemplate(sum)] under sum; prior registration was null
2026-01-22 16:13:38 DEBUG o.h.q.s.function.SqmFunctionRegistry [main] - Registered SqmFunctionTemplate [NamedSqmFunctionTemplate(avg)] under avg; prior registration was null
2026-01-22 16:13:38 DEBUG o.h.q.s.function.SqmFunctionRegistry [main] - Registered SqmFunctionTemplate [org.hibernate.dialect.function.CountFunction@282c5075] under count; prior registration was null
2026-01-22 16:13:38 DEBUG o.h.q.s.function.SqmFunctionRegistry [main] - Registered SqmFunctionTemplate [org.hibernate.dialect.function.EveryAnyEmulation@323c6f9c] under every; prior registration was null
2026-01-22 16:13:38 DEBUG o.h.q.s.function.SqmFunctionRegistry [main] - Registered SqmFunctionTemplate [org.hibernate.dialect.function.EveryAnyEmulation@dbca149] under any; prior registration was null
2026-01-22 16:13:38 DEBUG o.h.q.s.function.SqmFunctionRegistry [main] - Registered SqmFunctionTemplate [NamedSqmFunctionTemplate(floor)] under floor; prior registration was null
2026-01-22 16:13:38 DEBUG o.h.q.s.function.SqmFunctionRegistry [main] - Registered SqmFunctionTemplate [NamedSqmFunctionTemplate(ceiling)] under ceiling; prior registration was null
2026-01-22 16:13:38 DEBUG o.h.q.s.function.SqmFunctionRegistry [main] - Registered SqmFunctionTemplate [NamedSqmFunctionTemplate(mod)] under mod; prior registration was null
2026-01-22 16:13:38 DEBUG o.h.q.s.function.SqmFunctionRegistry [main] - Registered SqmFunctionTemplate [NamedSqmFunctionTemplate(abs)] under abs; prior registration was null
2026-01-22 16:13:38 DEBUG o.h.q.s.function.SqmFunctionRegistry [main] - Registered SqmFunctionTemplate [NamedSqmFunctionTemplate(sign)] under sign; prior registration was null
2026-01-22 16:13:38 DEBUG o.h.q.s.function.SqmFunctionRegistry [main] - Registered SqmFunctionTemplate [NamedSqmFunctionTemplate(sqrt)] under sqrt; prior registration was null
2026-01-22 16:13:38 DEBUG o.h.q.s.function.SqmFunctionRegistry [main] - Registered SqmFunctionTemplate [NamedSqmFunctionTemplate(ln)] under ln; prior registration was null
2026-01-22 16:13:38 DEBUG o.h.q.s.function.SqmFunctionRegistry [main] - Registered SqmFunctionTemplate [NamedSqmFunctionTemplate(exp)] under exp; prior registration was null
2026-01-22 16:13:38 DEBUG o.h.q.s.function.SqmFunctionRegistry [main] - Registered SqmFunctionTemplate [NamedSqmFunctionTemplate(power)] under power; prior registration was null
2026-01-22 16:13:38 DEBUG o.h.q.s.function.SqmFunctionRegistry [main] - Registered SqmFunctionTemplate [NamedSqmFunctionTemplate(round)] under round; prior registration was null
2026-01-22 16:13:38 DEBUG o.h.q.s.function.SqmFunctionRegistry [main] - Registered SqmFunctionTemplate [NamedSqmFunctionTemplate(sin)] under sin; prior registration was null
2026-01-22 16:13:38 DEBUG o.h.q.s.function.SqmFunctionRegistry [main] - Registered SqmFunctionTemplate [NamedSqmFunctionTemplate(cos)] under cos; prior registration was null
2026-01-22 16:13:38 DEBUG o.h.q.s.function.SqmFunctionRegistry [main] - Registered SqmFunctionTemplate [NamedSqmFunctionTemplate(tan)] under tan; prior registration was null
2026-01-22 16:13:38 DEBUG o.h.q.s.function.SqmFunctionRegistry [main] - Registered SqmFunctionTemplate [NamedSqmFunctionTemplate(asin)] under asin; prior registration was null
2026-01-22 16:13:38 DEBUG o.h.q.s.function.SqmFunctionRegistry [main] - Registered SqmFunctionTemplate [NamedSqmFunctionTemplate(acos)] under acos; prior registration was null
2026-01-22 16:13:38 DEBUG o.h.q.s.function.SqmFunctionRegistry [main] - Registered SqmFunctionTemplate [NamedSqmFunctionTemplate(atan)] under atan; prior registration was null
2026-01-22 16:13:38 DEBUG o.h.q.s.function.SqmFunctionRegistry [main] - Registered SqmFunctionTemplate [NamedSqmFunctionTemplate(atan2)] under atan2; prior registration was null
2026-01-22 16:13:38 DEBUG o.h.q.s.function.SqmFunctionRegistry [main] - Registered SqmFunctionTemplate [org.hibernate.query.sqm.function.PatternBasedSqmFunctionDescriptor@3d3b4e09] under sinh; prior registration was null
2026-01-22 16:13:38 DEBUG o.h.q.s.function.SqmFunctionRegistry [main] - Registered SqmFunctionTemplate [org.hibernate.query.sqm.function.PatternBasedSqmFunctionDescriptor@5dc9d25a] under cosh; prior registration was null
2026-01-22 16:13:38 DEBUG o.h.q.s.function.SqmFunctionRegistry [main] - Registered SqmFunctionTemplate [org.hibernate.query.sqm.function.PatternBasedSqmFunctionDescriptor@686fb58a] under tanh; prior registration was null
2026-01-22 16:13:38 DEBUG o.h.q.s.function.SqmFunctionRegistry [main] - Registered SqmFunctionTemplate [org.hibernate.query.sqm.function.PatternBasedSqmFunctionDescriptor@2c4be45f] under pi; prior registration was null
2026-01-22 16:13:38 DEBUG o.h.q.s.function.SqmFunctionRegistry [main] - Registered SqmFunctionTemplate [org.hibernate.query.sqm.function.PatternBasedSqmFunctionDescriptor@4be7acd9] under log; prior registration was null
2026-01-22 16:13:38 DEBUG o.h.q.s.function.SqmFunctionRegistry [main] - Registered SqmFunctionTemplate [NamedSqmFunctionTemplate(coalesce)] under coalesce; prior registration was null
2026-01-22 16:13:38 DEBUG o.h.q.s.function.SqmFunctionRegistry [main] - Registered SqmFunctionTemplate [NamedSqmFunctionTemplate(nullif)] under nullif; prior registration was null
2026-01-22 16:13:38 DEBUG o.h.q.s.function.SqmFunctionRegistry [main] - Registered SqmFunctionTemplate [NamedSqmFunctionTemplate(left)] under left; prior registration was null
2026-01-22 16:13:38 DEBUG o.h.q.s.function.SqmFunctionRegistry [main] - Registered SqmFunctionTemplate [NamedSqmFunctionTemplate(right)] under right; prior registration was null
2026-01-22 16:13:38 DEBUG o.h.q.s.function.SqmFunctionRegistry [main] - Registered SqmFunctionTemplate [NamedSqmFunctionTemplate(replace)] under replace; prior registration was null
2026-01-22 16:13:38 DEBUG o.h.q.s.function.SqmFunctionRegistry [main] - Registered SqmFunctionTemplate [NamedSqmFunctionTemplate(concat)] under concat; prior registration was null
2026-01-22 16:13:38 DEBUG o.h.q.s.function.SqmFunctionRegistry [main] - Registered SqmFunctionTemplate [NamedSqmFunctionTemplate(lower)] under lower; prior registration was null
2026-01-22 16:13:38 DEBUG o.h.q.s.function.SqmFunctionRegistry [main] - Registered SqmFunctionTemplate [NamedSqmFunctionTemplate(upper)] under upper; prior registration was null
2026-01-22 16:13:38 DEBUG o.h.q.s.function.SqmFunctionRegistry [main] - Registered SqmFunctionTemplate [NamedSqmFunctionTemplate(substring)] under substring; prior registration was null
2026-01-22 16:13:38 DEBUG o.h.q.s.function.SqmFunctionRegistry [main] - Registered SqmFunctionTemplate [NamedSqmFunctionTemplate(locate)] under locate; prior registration was null
2026-01-22 16:13:38 DEBUG o.h.q.s.function.SqmFunctionRegistry [main] - Registered SqmFunctionTemplate [NamedSqmFunctionTemplate(character_length)] under character_length; prior registration was null
2026-01-22 16:13:38 DEBUG o.h.q.s.function.SqmFunctionRegistry [main] - Registering alternate key : length -> character_length
2026-01-22 16:13:38 DEBUG o.h.q.s.function.SqmFunctionRegistry [main] - Registered SqmFunctionTemplate [org.hibernate.dialect.function.LocatePositionEmulation@1669f4e5] under position; prior registration was null
2026-01-22 16:13:38 DEBUG o.h.q.s.function.SqmFunctionRegistry [main] - Registered SqmFunctionTemplate [org.hibernate.dialect.function.InsertSubstringOverlayEmulation@de63949] under overlay; prior registration was null
2026-01-22 16:13:38 DEBUG o.h.q.s.function.SqmFunctionRegistry [main] - Registered SqmFunctionTemplate [org.hibernate.dialect.function.TrimFunction@a2fb8a5] under trim; prior registration was null
2026-01-22 16:13:38 DEBUG o.h.q.s.function.SqmFunctionRegistry [main] - Registered SqmFunctionTemplate [org.hibernate.dialect.function.CastFunction@40fee459] under cast; prior registration was null
2026-01-22 16:13:38 DEBUG o.h.q.s.function.SqmFunctionRegistry [main] - Registered SqmFunctionTemplate [org.hibernate.query.sqm.function.PatternBasedSqmFunctionDescriptor@bcd9ed6] under collate; prior registration was null
2026-01-22 16:13:38 DEBUG o.h.q.s.function.SqmFunctionRegistry [main] - Registered SqmFunctionTemplate [org.hibernate.dialect.function.ExtractFunction@43fbc2bf] under extract; prior registration was null
2026-01-22 16:13:38 DEBUG o.h.q.s.function.SqmFunctionRegistry [main] - Registered SqmFunctionTemplate [NamedSqmFunctionTemplate(least)] under least; prior registration was null
2026-01-22 16:13:38 DEBUG o.h.q.s.function.SqmFunctionRegistry [main] - Registered SqmFunctionTemplate [NamedSqmFunctionTemplate(greatest)] under greatest; prior registration was null
2026-01-22 16:13:38 DEBUG o.h.q.s.function.SqmFunctionRegistry [main] - Registered SqmFunctionTemplate [org.hibernate.dialect.function.CoalesceIfnullEmulation@5977bdea] under ifnull; prior registration was null
2026-01-22 16:13:38 DEBUG o.h.q.s.function.SqmFunctionRegistry [main] - Registered SqmFunctionTemplate [NamedSqmFunctionTemplate(lpad)] under lpad; prior registration was null
2026-01-22 16:13:38 DEBUG o.h.q.s.function.SqmFunctionRegistry [main] - Registered SqmFunctionTemplate [NamedSqmFunctionTemplate(rpad)] under rpad; prior registration was null
2026-01-22 16:13:38 DEBUG o.h.q.s.function.SqmFunctionRegistry [main] - Registered SqmFunctionTemplate [org.hibernate.dialect.function.LpadRpadPadEmulation@2cd52eda] under pad; prior registration was null
2026-01-22 16:13:38 DEBUG o.h.q.s.function.SqmFunctionRegistry [main] - Registered SqmFunctionTemplate [org.hibernate.dialect.function.CastStrEmulation@6ed7b9c5] under str; prior registration was null
2026-01-22 16:13:38 DEBUG o.h.q.s.function.SqmFunctionRegistry [main] - Registered SqmFunctionTemplate [org.hibernate.dialect.function.FormatFunction@62c6db99] under format; prior registration was null
2026-01-22 16:13:38 DEBUG o.h.q.s.function.SqmFunctionRegistry [main] - Registered SqmFunctionTemplate [org.hibernate.dialect.function.TimestampaddFunction@5c316230] under timestampadd; prior registration was null
2026-01-22 16:13:38 DEBUG o.h.q.s.function.SqmFunctionRegistry [main] - Registered SqmFunctionTemplate [org.hibernate.dialect.function.TimestampdiffFunction@91a1005] under timestampdiff; prior registration was null
2026-01-22 16:13:38 DEBUG o.h.q.s.function.SqmFunctionRegistry [main] - Registering alternate key : dateadd -> timestampadd
2026-01-22 16:13:38 DEBUG o.h.q.s.function.SqmFunctionRegistry [main] - Registering alternate key : datediff -> timestampdiff
2026-01-22 16:13:38 DEBUG o.h.q.s.function.SqmFunctionRegistry [main] - Registered SqmFunctionTemplate [org.hibernate.dialect.function.CurrentFunction@116915f1] under current_date; prior registration was null
2026-01-22 16:13:38 DEBUG o.h.q.s.function.SqmFunctionRegistry [main] - Registered SqmFunctionTemplate [org.hibernate.dialect.function.CurrentFunction@27bbe773] under current_time; prior registration was null
2026-01-22 16:13:38 DEBUG o.h.q.s.function.SqmFunctionRegistry [main] - Registered SqmFunctionTemplate [org.hibernate.dialect.function.CurrentFunction@328e50eb] under current_timestamp; prior registration was null
2026-01-22 16:13:38 DEBUG o.h.q.s.function.SqmFunctionRegistry [main] - Registering alternate key : current date -> current_date
2026-01-22 16:13:38 DEBUG o.h.q.s.function.SqmFunctionRegistry [main] - Registering alternate key : current time -> current_time
2026-01-22 16:13:38 DEBUG o.h.q.s.function.SqmFunctionRegistry [main] - Registering alternate key : current timestamp -> current_timestamp
2026-01-22 16:13:38 DEBUG o.h.q.s.function.SqmFunctionRegistry [main] - Registered SqmFunctionTemplate [org.hibernate.dialect.function.CurrentFunction@2fcffc05] under local_date; prior registration was null
2026-01-22 16:13:38 DEBUG o.h.q.s.function.SqmFunctionRegistry [main] - Registered SqmFunctionTemplate [org.hibernate.dialect.function.CurrentFunction@76d0a290] under local_time; prior registration was null
2026-01-22 16:13:38 DEBUG o.h.q.s.function.SqmFunctionRegistry [main] - Registered SqmFunctionTemplate [org.hibernate.dialect.function.CurrentFunction@ea84346] under local_datetime; prior registration was null
2026-01-22 16:13:38 DEBUG o.h.q.s.function.SqmFunctionRegistry [main] - Registered SqmFunctionTemplate [org.hibernate.dialect.function.CurrentFunction@4e614370] under offset_datetime; prior registration was null
2026-01-22 16:13:38 DEBUG o.h.q.s.function.SqmFunctionRegistry [main] - Registering alternate key : local date -> local_date
2026-01-22 16:13:38 DEBUG o.h.q.s.function.SqmFunctionRegistry [main] - Registering alternate key : local time -> local_time
2026-01-22 16:13:38 DEBUG o.h.q.s.function.SqmFunctionRegistry [main] - Registering alternate key : local datetime -> local_datetime
2026-01-22 16:13:38 DEBUG o.h.q.s.function.SqmFunctionRegistry [main] - Registering alternate key : offset datetime -> offset_datetime
2026-01-22 16:13:38 DEBUG o.h.q.s.function.SqmFunctionRegistry [main] - Registered SqmFunctionTemplate [org.hibernate.dialect.function.CurrentFunction@1e1ea16d] under instant; prior registration was null
2026-01-22 16:13:38 DEBUG o.h.q.s.function.SqmFunctionRegistry [main] - Registering alternate key : current_instant -> instant
2026-01-22 16:13:38 DEBUG o.h.q.s.function.SqmFunctionRegistry [main] - Registered SqmFunctionTemplate [org.hibernate.dialect.function.SqlFunction@e97f51c] under sql; prior registration was null
2026-01-22 16:13:38 DEBUG o.h.q.s.function.SqmFunctionRegistry [main] - Registered SqmFunctionTemplate [NamedSqmFunctionTemplate(max)] under max; prior registration was NamedSqmFunctionTemplate(max)
2026-01-22 16:13:38 DEBUG o.h.q.s.function.SqmFunctionRegistry [main] - Registered SqmFunctionTemplate [NamedSqmFunctionTemplate(min)] under min; prior registration was NamedSqmFunctionTemplate(min)
2026-01-22 16:13:38 DEBUG o.h.q.s.function.SqmFunctionRegistry [main] - Registered SqmFunctionTemplate [NamedSqmFunctionTemplate(sum)] under sum; prior registration was NamedSqmFunctionTemplate(sum)
2026-01-22 16:13:38 DEBUG o.h.q.s.function.SqmFunctionRegistry [main] - Registered SqmFunctionTemplate [NamedSqmFunctionTemplate(avg)] under avg; prior registration was NamedSqmFunctionTemplate(avg)
2026-01-22 16:13:38 DEBUG o.h.q.s.function.SqmFunctionRegistry [main] - Registered SqmFunctionTemplate [org.hibernate.dialect.function.CountFunction@29394966] under count; prior registration was org.hibernate.dialect.function.CountFunction@282c5075
2026-01-22 16:13:38 DEBUG o.h.q.s.function.SqmFunctionRegistry [main] - Registered SqmFunctionTemplate [org.hibernate.dialect.function.AvgFunction@4a45ca1c] under avg; prior registration was NamedSqmFunctionTemplate(avg)
2026-01-22 16:13:38 DEBUG o.h.q.s.function.SqmFunctionRegistry [main] - Registered SqmFunctionTemplate [NamedSqmFunctionTemplate(pi)] under pi; prior registration was org.hibernate.query.sqm.function.PatternBasedSqmFunctionDescriptor@2c4be45f
2026-01-22 16:13:38 DEBUG o.h.q.s.function.SqmFunctionRegistry [main] - Registered SqmFunctionTemplate [NamedSqmFunctionTemplate(cot)] under cot; prior registration was null
2026-01-22 16:13:38 DEBUG o.h.q.s.function.SqmFunctionRegistry [main] - Registered SqmFunctionTemplate [NamedSqmFunctionTemplate(radians)] under radians; prior registration was null
2026-01-22 16:13:38 DEBUG o.h.q.s.function.SqmFunctionRegistry [main] - Registered SqmFunctionTemplate [NamedSqmFunctionTemplate(degrees)] under degrees; prior registration was null
2026-01-22 16:13:38 DEBUG o.h.q.s.function.SqmFunctionRegistry [main] - Registered SqmFunctionTemplate [NamedSqmFunctionTemplate(log10)] under log10; prior registration was null
2026-01-22 16:13:38 DEBUG o.h.q.s.function.SqmFunctionRegistry [main] - Registered SqmFunctionTemplate [org.hibernate.query.sqm.function.PatternBasedSqmFunctionDescriptor@4742466e] under mod; prior registration was NamedSqmFunctionTemplate(mod)
2026-01-22 16:13:38 DEBUG o.h.q.s.function.SqmFunctionRegistry [main] - Registered SqmFunctionTemplate [NamedSqmFunctionTemplate(rand)] under rand; prior registration was null
2026-01-22 16:13:38 DEBUG o.h.q.s.function.SqmFunctionRegistry [main] - Registered SqmFunctionTemplate [NamedSqmFunctionTemplate(soundex)] under soundex; prior registration was null
2026-01-22 16:13:38 DEBUG o.h.q.s.function.SqmFunctionRegistry [main] - Registered SqmFunctionTemplate [NamedSqmFunctionTemplate(translate)] under translate; prior registration was null
2026-01-22 16:13:38 DEBUG o.h.q.s.function.SqmFunctionRegistry [main] - Registered SqmFunctionTemplate [NamedSqmFunctionTemplate(bitand)] under bitand; prior registration was null
2026-01-22 16:13:38 DEBUG o.h.q.s.function.SqmFunctionRegistry [main] - Registered SqmFunctionTemplate [NamedSqmFunctionTemplate(bitor)] under bitor; prior registration was null
2026-01-22 16:13:38 DEBUG o.h.q.s.function.SqmFunctionRegistry [main] - Registered SqmFunctionTemplate [NamedSqmFunctionTemplate(bitxor)] under bitxor; prior registration was null
2026-01-22 16:13:38 DEBUG o.h.q.s.function.SqmFunctionRegistry [main] - Registered SqmFunctionTemplate [NamedSqmFunctionTemplate(bit_and)] under bit_and; prior registration was null
2026-01-22 16:13:38 DEBUG o.h.q.s.function.SqmFunctionRegistry [main] - Registered SqmFunctionTemplate [NamedSqmFunctionTemplate(bit_or)] under bit_or; prior registration was null
2026-01-22 16:13:38 DEBUG o.h.q.s.function.SqmFunctionRegistry [main] - Registered SqmFunctionTemplate [NamedSqmFunctionTemplate(day)] under day; prior registration was null
2026-01-22 16:13:38 DEBUG o.h.q.s.function.SqmFunctionRegistry [main] - Registered SqmFunctionTemplate [NamedSqmFunctionTemplate(month)] under month; prior registration was null
2026-01-22 16:13:38 DEBUG o.h.q.s.function.SqmFunctionRegistry [main] - Registered SqmFunctionTemplate [NamedSqmFunctionTemplate(year)] under year; prior registration was null
2026-01-22 16:13:38 DEBUG o.h.q.s.function.SqmFunctionRegistry [main] - Registered SqmFunctionTemplate [NamedSqmFunctionTemplate(hour)] under hour; prior registration was null
2026-01-22 16:13:38 DEBUG o.h.q.s.function.SqmFunctionRegistry [main] - Registered SqmFunctionTemplate [NamedSqmFunctionTemplate(minute)] under minute; prior registration was null
2026-01-22 16:13:38 DEBUG o.h.q.s.function.SqmFunctionRegistry [main] - Registered SqmFunctionTemplate [NamedSqmFunctionTemplate(second)] under second; prior registration was null
2026-01-22 16:13:38 DEBUG o.h.q.s.function.SqmFunctionRegistry [main] - Registered SqmFunctionTemplate [NamedSqmFunctionTemplate(microsecond)] under microsecond; prior registration was null
2026-01-22 16:13:38 DEBUG o.h.q.s.function.SqmFunctionRegistry [main] - Registered SqmFunctionTemplate [NamedSqmFunctionTemplate(day_of_week)] under day_of_week; prior registration was null
2026-01-22 16:13:38 DEBUG o.h.q.s.function.SqmFunctionRegistry [main] - Registered SqmFunctionTemplate [NamedSqmFunctionTemplate(day_of_month)] under day_of_month; prior registration was null
2026-01-22 16:13:38 DEBUG o.h.q.s.function.SqmFunctionRegistry [main] - Registering alternate key : day -> day_of_month
2026-01-22 16:13:38 DEBUG o.h.q.s.function.SqmFunctionRegistry [main] - Registered SqmFunctionTemplate [NamedSqmFunctionTemplate(day_of_year)] under day_of_year; prior registration was null
2026-01-22 16:13:38 DEBUG o.h.q.s.function.SqmFunctionRegistry [main] - Registered SqmFunctionTemplate [NamedSqmFunctionTemplate(week)] under week; prior registration was null
2026-01-22 16:13:38 DEBUG o.h.q.s.function.SqmFunctionRegistry [main] - Registered SqmFunctionTemplate [NamedSqmFunctionTemplate(quarter)] under quarter; prior registration was null
2026-01-22 16:13:38 DEBUG o.h.q.s.function.SqmFunctionRegistry [main] - Registered SqmFunctionTemplate [NamedSqmFunctionTemplate(monthname)] under monthname; prior registration was null
2026-01-22 16:13:38 DEBUG o.h.q.s.function.SqmFunctionRegistry [main] - Registered SqmFunctionTemplate [NamedSqmFunctionTemplate(dayname)] under dayname; prior registration was null
2026-01-22 16:13:38 DEBUG o.h.q.s.function.SqmFunctionRegistry [main] - Registered SqmFunctionTemplate [NamedSqmFunctionTemplate(localtime)] under localtime; prior registration was null
2026-01-22 16:13:38 DEBUG o.h.q.s.function.SqmFunctionRegistry [main] - Registered SqmFunctionTemplate [NamedSqmFunctionTemplate(localtimestamp)] under localtimestamp; prior registration was null
2026-01-22 16:13:38 DEBUG o.h.q.s.function.SqmFunctionRegistry [main] - Registered SqmFunctionTemplate [NamedSqmFunctionTemplate(localtime)] under local_time; prior registration was org.hibernate.dialect.function.CurrentFunction@76d0a290
2026-01-22 16:13:38 DEBUG o.h.q.s.function.SqmFunctionRegistry [main] - Registered SqmFunctionTemplate [NamedSqmFunctionTemplate(localtimestamp)] under local_datetime; prior registration was org.hibernate.dialect.function.CurrentFunction@ea84346
2026-01-22 16:13:38 DEBUG o.h.q.s.function.SqmFunctionRegistry [main] - Registered SqmFunctionTemplate [org.hibernate.dialect.function.TruncFunction@1cca3e8c] under trunc; prior registration was null
2026-01-22 16:13:38 DEBUG o.h.q.s.function.SqmFunctionRegistry [main] - Registering alternate key : truncate -> trunc
2026-01-22 16:13:38 DEBUG o.h.q.s.function.SqmFunctionRegistry [main] - Registered SqmFunctionTemplate [org.hibernate.query.sqm.function.PatternBasedSqmFunctionDescriptor@46b2a11a] under date_trunc; prior registration was null
2026-01-22 16:13:38 DEBUG o.h.q.s.function.SqmFunctionRegistry [main] - Registered SqmFunctionTemplate [NamedSqmFunctionTemplate(bit_length)] under bit_length; prior registration was null
2026-01-22 16:13:38 DEBUG o.h.q.s.function.SqmFunctionRegistry [main] - Registered SqmFunctionTemplate [NamedSqmFunctionTemplate(octet_length)] under octet_length; prior registration was null
2026-01-22 16:13:38 DEBUG o.h.q.s.function.SqmFunctionRegistry [main] - Registered SqmFunctionTemplate [NamedSqmFunctionTemplate(ascii)] under ascii; prior registration was null
2026-01-22 16:13:38 DEBUG o.h.q.s.function.SqmFunctionRegistry [main] - Registered SqmFunctionTemplate [NamedSqmFunctionTemplate(octet_length)] under octet_length; prior registration was NamedSqmFunctionTemplate(octet_length)
2026-01-22 16:13:38 DEBUG o.h.q.s.function.SqmFunctionRegistry [main] - Registered SqmFunctionTemplate [NamedSqmFunctionTemplate(space)] under space; prior registration was null
2026-01-22 16:13:38 DEBUG o.h.q.s.function.SqmFunctionRegistry [main] - Registered SqmFunctionTemplate [NamedSqmFunctionTemplate(repeat)] under repeat; prior registration was null
2026-01-22 16:13:38 DEBUG o.h.q.s.function.SqmFunctionRegistry [main] - Registered SqmFunctionTemplate [NamedSqmFunctionTemplate(char)] under char; prior registration was null
2026-01-22 16:13:38 DEBUG o.h.q.s.function.SqmFunctionRegistry [main] - Registering alternate key : chr -> char
2026-01-22 16:13:38 DEBUG o.h.q.s.function.SqmFunctionRegistry [main] - Registered SqmFunctionTemplate [NamedSqmFunctionTemplate(instr)] under instr; prior registration was null
2026-01-22 16:13:38 DEBUG o.h.q.s.function.SqmFunctionRegistry [main] - Registered SqmFunctionTemplate [NamedSqmFunctionTemplate(substr)] under substr; prior registration was null
2026-01-22 16:13:38 DEBUG o.h.q.s.function.SqmFunctionRegistry [main] - Registered SqmFunctionTemplate [org.hibernate.query.sqm.function.PatternBasedSqmFunctionDescriptor@55c8fc60] under position; prior registration was org.hibernate.dialect.function.LocatePositionEmulation@1669f4e5
2026-01-22 16:13:38 DEBUG o.h.q.s.function.SqmFunctionRegistry [main] - Registered SqmFunctionTemplate [NamedSqmFunctionTemplate(ltrim)] under ltrim; prior registration was null
2026-01-22 16:13:38 DEBUG o.h.q.s.function.SqmFunctionRegistry [main] - Registered SqmFunctionTemplate [NamedSqmFunctionTemplate(rtrim)] under rtrim; prior registration was null
2026-01-22 16:13:38 DEBUG o.h.q.s.function.SqmFunctionRegistry [main] - Registered SqmFunctionTemplate [org.hibernate.query.sqm.function.PatternBasedSqmFunctionDescriptor@50d05167] under concat; prior registration was NamedSqmFunctionTemplate(concat)
2026-01-22 16:13:38 DEBUG o.h.q.s.function.SqmFunctionRegistry [main] - Registered SqmFunctionTemplate [NamedSqmFunctionTemplate(curtime)] under curtime; prior registration was null
2026-01-22 16:13:38 DEBUG o.h.q.s.function.SqmFunctionRegistry [main] - Registered SqmFunctionTemplate [NamedSqmFunctionTemplate(curdate)] under curdate; prior registration was null
2026-01-22 16:13:38 DEBUG o.h.q.s.function.SqmFunctionRegistry [main] - Registered SqmFunctionTemplate [NamedSqmFunctionTemplate(now)] under now; prior registration was null
2026-01-22 16:13:38 DEBUG o.h.q.s.function.SqmFunctionRegistry [main] - Registered SqmFunctionTemplate [NamedSqmFunctionTemplate(sysdate)] under sysdate; prior registration was null
2026-01-22 16:13:38 DEBUG o.h.q.s.function.SqmFunctionRegistry [main] - Registered SqmFunctionTemplate [NamedSqmFunctionTemplate(insert)] under insert; prior registration was null
2026-01-22 16:13:38 DEBUG o.h.q.s.function.SqmFunctionRegistry [main] - Registered SqmFunctionTemplate [NamedSqmFunctionTemplate(bool_and)] under bool_and; prior registration was null
2026-01-22 16:13:38 DEBUG o.h.q.s.function.SqmFunctionRegistry [main] - Registering alternate key : every -> bool_and
2026-01-22 16:13:38 DEBUG o.h.q.s.function.SqmFunctionRegistry [main] - Registered SqmFunctionTemplate [NamedSqmFunctionTemplate(bool_or)] under bool_or; prior registration was null
2026-01-22 16:13:38 DEBUG o.h.q.s.function.SqmFunctionRegistry [main] - Registering alternate key : any -> bool_or
2026-01-22 16:13:38 DEBUG o.h.q.s.function.SqmFunctionRegistry [main] - Registered SqmFunctionTemplate [NamedSqmFunctionTemplate(median)] under median; prior registration was null
2026-01-22 16:13:38 DEBUG o.h.q.s.function.SqmFunctionRegistry [main] - Registered SqmFunctionTemplate [NamedSqmFunctionTemplate(stddev_pop)] under stddev_pop; prior registration was null
2026-01-22 16:13:38 DEBUG o.h.q.s.function.SqmFunctionRegistry [main] - Registered SqmFunctionTemplate [NamedSqmFunctionTemplate(stddev_samp)] under stddev_samp; prior registration was null
2026-01-22 16:13:38 DEBUG o.h.q.s.function.SqmFunctionRegistry [main] - Registered SqmFunctionTemplate [NamedSqmFunctionTemplate(var_pop)] under var_pop; prior registration was null
2026-01-22 16:13:38 DEBUG o.h.q.s.function.SqmFunctionRegistry [main] - Registered SqmFunctionTemplate [NamedSqmFunctionTemplate(var_samp)] under var_samp; prior registration was null
2026-01-22 16:13:38 DEBUG o.h.q.s.function.SqmFunctionRegistry [main] - Registered SqmFunctionTemplate [org.hibernate.dialect.function.FormatFunction@1da32baf] under format; prior registration was org.hibernate.dialect.function.FormatFunction@62c6db99
2026-01-22 16:13:38 DEBUG o.h.q.s.function.SqmFunctionRegistry [main] - Registered SqmFunctionTemplate [NamedSqmFunctionTemplate(rownum)] under rownum; prior registration was null
2026-01-22 16:13:38 DEBUG o.h.q.s.function.SqmFunctionRegistry [main] - Registered SqmFunctionTemplate [NamedSqmFunctionTemplate(row_number)] under row_number; prior registration was null
2026-01-22 16:13:38 DEBUG o.h.q.s.function.SqmFunctionRegistry [main] - Registered SqmFunctionTemplate [NamedSqmFunctionTemplate(lag)] under lag; prior registration was null
2026-01-22 16:13:38 DEBUG o.h.q.s.function.SqmFunctionRegistry [main] - Registered SqmFunctionTemplate [NamedSqmFunctionTemplate(lead)] under lead; prior registration was null
2026-01-22 16:13:38 DEBUG o.h.q.s.function.SqmFunctionRegistry [main] - Registered SqmFunctionTemplate [NamedSqmFunctionTemplate(first_value)] under first_value; prior registration was null
2026-01-22 16:13:38 DEBUG o.h.q.s.function.SqmFunctionRegistry [main] - Registered SqmFunctionTemplate [NamedSqmFunctionTemplate(last_value)] under last_value; prior registration was null
2026-01-22 16:13:38 DEBUG o.h.q.s.function.SqmFunctionRegistry [main] - Registered SqmFunctionTemplate [NamedSqmFunctionTemplate(nth_value)] under nth_value; prior registration was null
2026-01-22 16:13:38 DEBUG o.h.q.s.function.SqmFunctionRegistry [main] - Registered SqmFunctionTemplate [org.hibernate.dialect.function.ListaggFunction@13c81bc5] under listagg; prior registration was null
2026-01-22 16:13:38 DEBUG o.h.q.s.function.SqmFunctionRegistry [main] - Registered SqmFunctionTemplate [org.hibernate.dialect.function.InverseDistributionFunction@1826475] under mode; prior registration was null
2026-01-22 16:13:38 DEBUG o.h.q.s.function.SqmFunctionRegistry [main] - Registered SqmFunctionTemplate [org.hibernate.dialect.function.InverseDistributionFunction@6ba355e4] under percentile_cont; prior registration was null
2026-01-22 16:13:38 DEBUG o.h.q.s.function.SqmFunctionRegistry [main] - Registered SqmFunctionTemplate [org.hibernate.dialect.function.InverseDistributionFunction@7b1559f1] under percentile_disc; prior registration was null
2026-01-22 16:13:38 DEBUG o.h.q.s.function.SqmFunctionRegistry [main] - Registered SqmFunctionTemplate [org.hibernate.dialect.function.HypotheticalSetFunction@59d0fac9] under rank; prior registration was null
2026-01-22 16:13:38 DEBUG o.h.q.s.function.SqmFunctionRegistry [main] - Registered SqmFunctionTemplate [org.hibernate.dialect.function.HypotheticalSetFunction@1d3546f9] under dense_rank; prior registration was null
2026-01-22 16:13:38 DEBUG o.h.q.s.function.SqmFunctionRegistry [main] - Registered SqmFunctionTemplate [org.hibernate.dialect.function.HypotheticalSetFunction@50ecef36] under percent_rank; prior registration was null
2026-01-22 16:13:38 DEBUG o.h.q.s.function.SqmFunctionRegistry [main] - Registered SqmFunctionTemplate [org.hibernate.dialect.function.HypotheticalSetFunction@767d9b9] under cume_dist; prior registration was null
2026-01-22 16:13:38 DEBUG o.h.q.s.function.SqmFunctionRegistry [main] - Registered SqmFunctionTemplate [org.hibernate.dialect.function.array.ArrayConstructorFunction@609ad016] under array; prior registration was null
2026-01-22 16:13:38 DEBUG o.h.q.s.function.SqmFunctionRegistry [main] - Registered SqmFunctionTemplate [org.hibernate.dialect.function.array.ArrayConstructorFunction@da9374c] under array_list; prior registration was null
2026-01-22 16:13:38 DEBUG o.h.q.s.function.SqmFunctionRegistry [main] - Registered SqmFunctionTemplate [org.hibernate.dialect.function.array.ArrayAggFunction@664254b6] under array_agg; prior registration was null
2026-01-22 16:13:38 DEBUG o.h.q.s.function.SqmFunctionRegistry [main] - Registered SqmFunctionTemplate [org.hibernate.dialect.function.array.H2ArrayPositionFunction@2c224096] under array_position; prior registration was null
2026-01-22 16:13:38 DEBUG o.h.q.s.function.SqmFunctionRegistry [main] - Registered SqmFunctionTemplate [org.hibernate.dialect.function.array.H2ArrayPositionsFunction@27a6384b] under array_positions; prior registration was null
2026-01-22 16:13:38 DEBUG o.h.q.s.function.SqmFunctionRegistry [main] - Registered SqmFunctionTemplate [org.hibernate.dialect.function.array.H2ArrayPositionsFunction@5ccc971e] under array_positions_list; prior registration was null
2026-01-22 16:13:38 DEBUG o.h.q.s.function.SqmFunctionRegistry [main] - Registered SqmFunctionTemplate [org.hibernate.query.sqm.function.PatternBasedSqmFunctionDescriptor@28269c65] under array_length; prior registration was null
2026-01-22 16:13:38 DEBUG o.h.q.s.function.SqmFunctionRegistry [main] - Registered SqmFunctionTemplate [org.hibernate.dialect.function.array.ArrayConcatFunction@2e7517aa] under array_concat; prior registration was null
2026-01-22 16:13:38 DEBUG o.h.q.s.function.SqmFunctionRegistry [main] - Registered SqmFunctionTemplate [org.hibernate.dialect.function.array.ArrayConcatElementFunction@4ba402b5] under array_prepend; prior registration was null
2026-01-22 16:13:38 DEBUG o.h.q.s.function.SqmFunctionRegistry [main] - Registered SqmFunctionTemplate [org.hibernate.dialect.function.array.ArrayConcatElementFunction@22172b00] under array_append; prior registration was null
2026-01-22 16:13:38 DEBUG o.h.q.s.function.SqmFunctionRegistry [main] - Registered SqmFunctionTemplate [org.hibernate.dialect.function.array.H2ArrayContainsFunction@6d9ee75a] under array_contains; prior registration was null
2026-01-22 16:13:38 DEBUG o.h.q.s.function.SqmFunctionRegistry [main] - Registered SqmFunctionTemplate [org.hibernate.dialect.function.array.H2ArrayContainsFunction@9825465] under array_contains_nullable; prior registration was null
2026-01-22 16:13:38 DEBUG o.h.q.s.function.SqmFunctionRegistry [main] - Registered SqmFunctionTemplate [org.hibernate.dialect.function.array.H2ArrayOverlapsFunction@912747d] under array_overlaps; prior registration was null
2026-01-22 16:13:38 DEBUG o.h.q.s.function.SqmFunctionRegistry [main] - Registered SqmFunctionTemplate [org.hibernate.dialect.function.array.H2ArrayOverlapsFunction@78ea700f] under array_overlaps_nullable; prior registration was null
2026-01-22 16:13:38 DEBUG o.h.q.s.function.SqmFunctionRegistry [main] - Registered SqmFunctionTemplate [org.hibernate.query.sqm.function.PatternBasedSqmFunctionDescriptor@afb7b03] under array_get; prior registration was null
2026-01-22 16:13:38 DEBUG o.h.q.s.function.SqmFunctionRegistry [main] - Registered SqmFunctionTemplate [org.hibernate.dialect.function.array.H2ArraySetFunction@5ced0537] under array_set; prior registration was null
2026-01-22 16:13:38 DEBUG o.h.q.s.function.SqmFunctionRegistry [main] - Registered SqmFunctionTemplate [org.hibernate.dialect.function.array.H2ArrayRemoveFunction@77db231c] under array_remove; prior registration was null
2026-01-22 16:13:38 DEBUG o.h.q.s.function.SqmFunctionRegistry [main] - Registered SqmFunctionTemplate [org.hibernate.dialect.function.array.H2ArrayRemoveIndexFunction@2e057637] under array_remove_index; prior registration was null
2026-01-22 16:13:38 DEBUG o.h.q.s.function.SqmFunctionRegistry [main] - Registered SqmFunctionTemplate [org.hibernate.query.sqm.function.PatternBasedSqmFunctionDescriptor@762f8ff6] under array_slice; prior registration was null
2026-01-22 16:13:38 DEBUG o.h.q.s.function.SqmFunctionRegistry [main] - Registered SqmFunctionTemplate [org.hibernate.dialect.function.array.H2ArrayReplaceFunction@438c0aaf] under array_replace; prior registration was null
2026-01-22 16:13:38 DEBUG o.h.q.s.function.SqmFunctionRegistry [main] - Registered SqmFunctionTemplate [org.hibernate.query.sqm.function.PatternBasedSqmFunctionDescriptor@7577589] under array_trim; prior registration was null
2026-01-22 16:13:38 DEBUG o.h.q.s.function.SqmFunctionRegistry [main] - Registered SqmFunctionTemplate [org.hibernate.dialect.function.array.H2ArrayFillFunction@2ed84be9] under array_fill; prior registration was null
2026-01-22 16:13:38 DEBUG o.h.q.s.function.SqmFunctionRegistry [main] - Registered SqmFunctionTemplate [org.hibernate.dialect.function.array.H2ArrayFillFunction@400e741] under array_fill_list; prior registration was null
2026-01-22 16:13:38 DEBUG o.h.q.s.function.SqmFunctionRegistry [main] - Registered SqmFunctionTemplate [org.hibernate.dialect.function.array.H2ArrayToStringFunction@7cf66cf9] under array_to_string; prior registration was null
2026-01-22 16:13:38 DEBUG org.hibernate.HQL_FUNCTIONS [main] - abs(NUMERIC arg)
2026-01-22 16:13:38 DEBUG org.hibernate.HQL_FUNCTIONS [main] - Double acos(NUMERIC arg)
2026-01-22 16:13:38 DEBUG org.hibernate.HQL_FUNCTIONS [main] - Boolean any(BOOLEAN predicate)
2026-01-22 16:13:38 DEBUG org.hibernate.HQL_FUNCTIONS [main] - array( ... )
2026-01-22 16:13:38 DEBUG org.hibernate.HQL_FUNCTIONS [main] - array_agg(arg)
2026-01-22 16:13:38 DEBUG org.hibernate.HQL_FUNCTIONS [main] - array_append( ... )
2026-01-22 16:13:38 DEBUG org.hibernate.HQL_FUNCTIONS [main] - array_concat( ... )
2026-01-22 16:13:38 DEBUG org.hibernate.HQL_FUNCTIONS [main] - Boolean array_contains(ARRAY haystackArray, OBJECT needleElementOrArray)
2026-01-22 16:13:38 DEBUG org.hibernate.HQL_FUNCTIONS [main] - Boolean array_contains_nullable(ARRAY haystackArray, OBJECT needleElementOrArray)
2026-01-22 16:13:38 DEBUG org.hibernate.HQL_FUNCTIONS [main] - array_fill(OBJECT element, INTEGER elementCount)
2026-01-22 16:13:38 DEBUG org.hibernate.HQL_FUNCTIONS [main] - array_fill_list(OBJECT element, INTEGER elementCount)
2026-01-22 16:13:38 DEBUG org.hibernate.HQL_FUNCTIONS [main] - array_get(ARRAY array, INTEGER index)
2026-01-22 16:13:38 DEBUG org.hibernate.HQL_FUNCTIONS [main] - Integer array_length(ARRAY array)
2026-01-22 16:13:38 DEBUG org.hibernate.HQL_FUNCTIONS [main] - array_list( ... )
2026-01-22 16:13:38 DEBUG org.hibernate.HQL_FUNCTIONS [main] - Boolean array_overlaps(ARRAY array0, OBJECT array1)
2026-01-22 16:13:38 DEBUG org.hibernate.HQL_FUNCTIONS [main] - Boolean array_overlaps_nullable(ARRAY array0, OBJECT array1)
2026-01-22 16:13:38 DEBUG org.hibernate.HQL_FUNCTIONS [main] - Integer array_position(ARRAY array, OBJECT element[, INTEGER startPosition])
2026-01-22 16:13:38 DEBUG org.hibernate.HQL_FUNCTIONS [main] - int[] array_positions(ARRAY array, OBJECT element)
2026-01-22 16:13:38 DEBUG org.hibernate.HQL_FUNCTIONS [main] - List array_positions_list(ARRAY array, OBJECT element)
2026-01-22 16:13:38 DEBUG org.hibernate.HQL_FUNCTIONS [main] - array_prepend( ... )
2026-01-22 16:13:38 DEBUG org.hibernate.HQL_FUNCTIONS [main] - array_remove( ... )
2026-01-22 16:13:38 DEBUG org.hibernate.HQL_FUNCTIONS [main] - array_remove_index( ... )
2026-01-22 16:13:38 DEBUG org.hibernate.HQL_FUNCTIONS [main] - array_replace( ... )
2026-01-22 16:13:38 DEBUG org.hibernate.HQL_FUNCTIONS [main] - array_set( ... )
2026-01-22 16:13:38 DEBUG org.hibernate.HQL_FUNCTIONS [main] - array_slice(ARRAY array, INTEGER start, INTEGER end)
2026-01-22 16:13:38 DEBUG org.hibernate.HQL_FUNCTIONS [main] - String array_to_string( ... )
2026-01-22 16:13:38 DEBUG org.hibernate.HQL_FUNCTIONS [main] - array_trim(ARRAY array, INTEGER elementsToRemove)
2026-01-22 16:13:38 DEBUG org.hibernate.HQL_FUNCTIONS [main] - Integer ascii(STRING arg)
2026-01-22 16:13:38 DEBUG org.hibernate.HQL_FUNCTIONS [main] - Double asin(NUMERIC arg)
2026-01-22 16:13:38 DEBUG org.hibernate.HQL_FUNCTIONS [main] - Double atan(NUMERIC arg)
2026-01-22 16:13:38 DEBUG org.hibernate.HQL_FUNCTIONS [main] - Double atan2(NUMERIC arg0, NUMERIC arg1)
2026-01-22 16:13:38 DEBUG org.hibernate.HQL_FUNCTIONS [main] - avg(NUMERIC arg)
2026-01-22 16:13:38 DEBUG org.hibernate.HQL_FUNCTIONS [main] - bit_and(arg)
2026-01-22 16:13:38 DEBUG org.hibernate.HQL_FUNCTIONS [main] - Integer bit_length(STRING_OR_CLOB arg)
2026-01-22 16:13:38 DEBUG org.hibernate.HQL_FUNCTIONS [main] - bit_or(arg)
2026-01-22 16:13:38 DEBUG org.hibernate.HQL_FUNCTIONS [main] - bitand(arg0, arg1)
2026-01-22 16:13:38 DEBUG org.hibernate.HQL_FUNCTIONS [main] - bitor(arg0, arg1)
2026-01-22 16:13:38 DEBUG org.hibernate.HQL_FUNCTIONS [main] - bitxor(arg0, arg1)
2026-01-22 16:13:38 DEBUG org.hibernate.HQL_FUNCTIONS [main] - Boolean bool_and(BOOLEAN predicate)
2026-01-22 16:13:38 DEBUG org.hibernate.HQL_FUNCTIONS [main] - Boolean bool_or(BOOLEAN predicate)
2026-01-22 16:13:38 DEBUG org.hibernate.HQL_FUNCTIONS [main] - cast(arg as Type)
2026-01-22 16:13:38 DEBUG org.hibernate.HQL_FUNCTIONS [main] - ceiling(NUMERIC arg)
2026-01-22 16:13:38 DEBUG org.hibernate.HQL_FUNCTIONS [main] - Character char(INTEGER arg)
2026-01-22 16:13:38 DEBUG org.hibernate.HQL_FUNCTIONS [main] - Integer character_length(STRING_OR_CLOB arg)
2026-01-22 16:13:38 DEBUG org.hibernate.HQL_FUNCTIONS [main] - Character chr(INTEGER arg)
2026-01-22 16:13:38 DEBUG org.hibernate.HQL_FUNCTIONS [main] - coalesce(arg0[, arg1[, ...]])
2026-01-22 16:13:38 DEBUG org.hibernate.HQL_FUNCTIONS [main] - String collate(STRING string as COLLATION collation)
2026-01-22 16:13:38 DEBUG org.hibernate.HQL_FUNCTIONS [main] - String concat(STRING string0[, STRING string1[, ...]])
2026-01-22 16:13:38 DEBUG org.hibernate.HQL_FUNCTIONS [main] - Double cos(NUMERIC arg)
2026-01-22 16:13:38 DEBUG org.hibernate.HQL_FUNCTIONS [main] - Double cosh(NUMERIC arg)
2026-01-22 16:13:38 DEBUG org.hibernate.HQL_FUNCTIONS [main] - Double cot(NUMERIC arg)
2026-01-22 16:13:38 DEBUG org.hibernate.HQL_FUNCTIONS [main] - Long count([distinct ]{arg|*})
2026-01-22 16:13:38 DEBUG org.hibernate.HQL_FUNCTIONS [main] - Double cume_dist([arg0[, ...]])
2026-01-22 16:13:38 DEBUG org.hibernate.HQL_FUNCTIONS [main] - Date curdate()
2026-01-22 16:13:38 DEBUG org.hibernate.HQL_FUNCTIONS [main] - Date current date
2026-01-22 16:13:38 DEBUG org.hibernate.HQL_FUNCTIONS [main] - Time current time
2026-01-22 16:13:38 DEBUG org.hibernate.HQL_FUNCTIONS [main] - Timestamp current timestamp
2026-01-22 16:13:38 DEBUG org.hibernate.HQL_FUNCTIONS [main] - Date current_date
2026-01-22 16:13:38 DEBUG org.hibernate.HQL_FUNCTIONS [main] - Instant current_instant
2026-01-22 16:13:38 DEBUG org.hibernate.HQL_FUNCTIONS [main] - Time current_time
2026-01-22 16:13:38 DEBUG org.hibernate.HQL_FUNCTIONS [main] - Timestamp current_timestamp
2026-01-22 16:13:38 DEBUG org.hibernate.HQL_FUNCTIONS [main] - Time curtime()
2026-01-22 16:13:38 DEBUG org.hibernate.HQL_FUNCTIONS [main] - date_trunc(STRING field, TEMPORAL datetime)
2026-01-22 16:13:38 DEBUG org.hibernate.HQL_FUNCTIONS [main] - dateadd(TEMPORAL_UNIT field, INTEGER magnitude, TEMPORAL datetime)
2026-01-22 16:13:38 DEBUG org.hibernate.HQL_FUNCTIONS [main] - basicType@2(java.lang.Long,-5)|basicType@16(java.lang.Double,8) datediff(TEMPORAL_UNIT field, TEMPORAL start, TEMPORAL end)
2026-01-22 16:13:38 DEBUG org.hibernate.HQL_FUNCTIONS [main] - Integer day(DATE arg)
2026-01-22 16:13:38 DEBUG org.hibernate.HQL_FUNCTIONS [main] - Integer day_of_month(DATE arg)
2026-01-22 16:13:38 DEBUG org.hibernate.HQL_FUNCTIONS [main] - Integer day_of_week(DATE arg)
2026-01-22 16:13:38 DEBUG org.hibernate.HQL_FUNCTIONS [main] - Integer day_of_year(DATE arg)
2026-01-22 16:13:38 DEBUG org.hibernate.HQL_FUNCTIONS [main] - String dayname(DATE arg)
2026-01-22 16:13:38 DEBUG org.hibernate.HQL_FUNCTIONS [main] - Double degrees(NUMERIC arg)
2026-01-22 16:13:38 DEBUG org.hibernate.HQL_FUNCTIONS [main] - Long dense_rank([arg0[, ...]])
2026-01-22 16:13:38 DEBUG org.hibernate.HQL_FUNCTIONS [main] - Boolean every(BOOLEAN predicate)
2026-01-22 16:13:38 DEBUG org.hibernate.HQL_FUNCTIONS [main] - Double exp(NUMERIC arg)
2026-01-22 16:13:38 DEBUG org.hibernate.HQL_FUNCTIONS [main] - extract(TEMPORAL_UNIT field from TEMPORAL arg)
2026-01-22 16:13:38 DEBUG org.hibernate.HQL_FUNCTIONS [main] - first_valueANY value
2026-01-22 16:13:38 DEBUG org.hibernate.HQL_FUNCTIONS [main] - floor(NUMERIC arg)
2026-01-22 16:13:38 DEBUG org.hibernate.HQL_FUNCTIONS [main] - String format(TEMPORAL datetime as STRING pattern)
2026-01-22 16:13:38 DEBUG org.hibernate.HQL_FUNCTIONS [main] - greatest(COMPARABLE arg0, COMPARABLE arg1[, arg2[, ...]])
2026-01-22 16:13:38 DEBUG org.hibernate.HQL_FUNCTIONS [main] - Integer hour(TIME arg)
2026-01-22 16:13:38 DEBUG org.hibernate.HQL_FUNCTIONS [main] - ifnull(arg0, arg1)
2026-01-22 16:13:38 DEBUG org.hibernate.HQL_FUNCTIONS [main] - String insert(STRING string, INTEGER start, INTEGER length, STRING replacement)
2026-01-22 16:13:38 DEBUG org.hibernate.HQL_FUNCTIONS [main] - Instant instant
2026-01-22 16:13:38 DEBUG org.hibernate.HQL_FUNCTIONS [main] - Integer instr(STRING string, STRING pattern[, INTEGER start[, INTEGER occurrence]])
2026-01-22 16:13:38 DEBUG org.hibernate.HQL_FUNCTIONS [main] - lagANY value[, INTEGER offset[, ANY default]]
2026-01-22 16:13:38 DEBUG org.hibernate.HQL_FUNCTIONS [main] - last_valueANY value
2026-01-22 16:13:38 DEBUG org.hibernate.HQL_FUNCTIONS [main] - leadANY value[, INTEGER offset[, ANY default]]
2026-01-22 16:13:38 DEBUG org.hibernate.HQL_FUNCTIONS [main] - least(COMPARABLE arg0, COMPARABLE arg1[, arg2[, ...]])
2026-01-22 16:13:38 DEBUG org.hibernate.HQL_FUNCTIONS [main] - String left(STRING string, INTEGER length)
2026-01-22 16:13:38 DEBUG org.hibernate.HQL_FUNCTIONS [main] - Integer length(STRING_OR_CLOB arg)
2026-01-22 16:13:38 DEBUG org.hibernate.HQL_FUNCTIONS [main] - String listagg(STRING arg0, STRING arg1)
2026-01-22 16:13:38 DEBUG org.hibernate.HQL_FUNCTIONS [main] - Double ln(NUMERIC arg)
2026-01-22 16:13:38 DEBUG org.hibernate.HQL_FUNCTIONS [main] - LocalDate local date
2026-01-22 16:13:38 DEBUG org.hibernate.HQL_FUNCTIONS [main] - LocalDateTime local datetime
2026-01-22 16:13:38 DEBUG org.hibernate.HQL_FUNCTIONS [main] - LocalTime local time
2026-01-22 16:13:38 DEBUG org.hibernate.HQL_FUNCTIONS [main] - LocalDate local_date
2026-01-22 16:13:38 DEBUG org.hibernate.HQL_FUNCTIONS [main] - LocalDateTime local_datetime
2026-01-22 16:13:38 DEBUG org.hibernate.HQL_FUNCTIONS [main] - LocalTime local_time
2026-01-22 16:13:38 DEBUG org.hibernate.HQL_FUNCTIONS [main] - Time localtime
2026-01-22 16:13:38 DEBUG org.hibernate.HQL_FUNCTIONS [main] - Timestamp localtimestamp
2026-01-22 16:13:38 DEBUG org.hibernate.HQL_FUNCTIONS [main] - Integer locate(STRING pattern, STRING string[, INTEGER start])
2026-01-22 16:13:38 DEBUG org.hibernate.HQL_FUNCTIONS [main] - Double log(NUMERIC base, NUMERIC arg)
2026-01-22 16:13:38 DEBUG org.hibernate.HQL_FUNCTIONS [main] - Double log10(NUMERIC arg)
2026-01-22 16:13:38 DEBUG org.hibernate.HQL_FUNCTIONS [main] - String lower(STRING string)
2026-01-22 16:13:38 DEBUG org.hibernate.HQL_FUNCTIONS [main] - String lpad(STRING string, INTEGER length[, STRING padding])
2026-01-22 16:13:38 DEBUG org.hibernate.HQL_FUNCTIONS [main] - String ltrim(STRING string)
2026-01-22 16:13:38 DEBUG org.hibernate.HQL_FUNCTIONS [main] - max(COMPARABLE arg)
2026-01-22 16:13:38 DEBUG org.hibernate.HQL_FUNCTIONS [main] - Double median(NUMERIC arg)
2026-01-22 16:13:38 DEBUG org.hibernate.HQL_FUNCTIONS [main] - Integer microsecond(TIME arg)
2026-01-22 16:13:38 DEBUG org.hibernate.HQL_FUNCTIONS [main] - min(COMPARABLE arg)
2026-01-22 16:13:38 DEBUG org.hibernate.HQL_FUNCTIONS [main] - Integer minute(TIME arg)
2026-01-22 16:13:38 DEBUG org.hibernate.HQL_FUNCTIONS [main] - Integer mod(INTEGER arg0, INTEGER arg1)
2026-01-22 16:13:38 DEBUG org.hibernate.HQL_FUNCTIONS [main] - mode()
2026-01-22 16:13:38 DEBUG org.hibernate.HQL_FUNCTIONS [main] - Integer month(DATE arg)
2026-01-22 16:13:38 DEBUG org.hibernate.HQL_FUNCTIONS [main] - String monthname(DATE arg)
2026-01-22 16:13:38 DEBUG org.hibernate.HQL_FUNCTIONS [main] - Timestamp now()
2026-01-22 16:13:38 DEBUG org.hibernate.HQL_FUNCTIONS [main] - nth_valueANY value, INTEGER nth
2026-01-22 16:13:38 DEBUG org.hibernate.HQL_FUNCTIONS [main] - nullif(arg0, arg1)
2026-01-22 16:13:38 DEBUG org.hibernate.HQL_FUNCTIONS [main] - Integer octet_length(STRING_OR_CLOB arg)
2026-01-22 16:13:38 DEBUG org.hibernate.HQL_FUNCTIONS [main] - OffsetDateTime offset datetime
2026-01-22 16:13:38 DEBUG org.hibernate.HQL_FUNCTIONS [main] - OffsetDateTime offset_datetime
2026-01-22 16:13:38 DEBUG org.hibernate.HQL_FUNCTIONS [main] - String overlay(STRING string placing STRING replacement from INTEGER start[ for INTEGER length])
2026-01-22 16:13:38 DEBUG org.hibernate.HQL_FUNCTIONS [main] - String pad(STRING string with INTEGER length {leading|trailing}[ STRING character])
2026-01-22 16:13:38 DEBUG org.hibernate.HQL_FUNCTIONS [main] - Double percent_rank([arg0[, ...]])
2026-01-22 16:13:38 DEBUG org.hibernate.HQL_FUNCTIONS [main] - percentile_cont(NUMERIC arg)
2026-01-22 16:13:38 DEBUG org.hibernate.HQL_FUNCTIONS [main] - percentile_disc(NUMERIC arg)
2026-01-22 16:13:38 DEBUG org.hibernate.HQL_FUNCTIONS [main] - Double pi
2026-01-22 16:13:38 DEBUG org.hibernate.HQL_FUNCTIONS [main] - Integer position(STRING pattern in STRING string)
2026-01-22 16:13:38 DEBUG org.hibernate.HQL_FUNCTIONS [main] - Double power(NUMERIC arg0, NUMERIC arg1)
2026-01-22 16:13:38 DEBUG org.hibernate.HQL_FUNCTIONS [main] - Integer quarter(DATE arg)
2026-01-22 16:13:38 DEBUG org.hibernate.HQL_FUNCTIONS [main] - Double radians(NUMERIC arg)
2026-01-22 16:13:38 DEBUG org.hibernate.HQL_FUNCTIONS [main] - Double rand([INTEGER seed])
2026-01-22 16:13:38 DEBUG org.hibernate.HQL_FUNCTIONS [main] - Long rank([arg0[, ...]])
2026-01-22 16:13:38 DEBUG org.hibernate.HQL_FUNCTIONS [main] - String repeat(STRING string, INTEGER times)
2026-01-22 16:13:38 DEBUG org.hibernate.HQL_FUNCTIONS [main] - String replace(STRING string, STRING pattern, STRING replacement)
2026-01-22 16:13:38 DEBUG org.hibernate.HQL_FUNCTIONS [main] - String right(STRING string, INTEGER length)
2026-01-22 16:13:38 DEBUG org.hibernate.HQL_FUNCTIONS [main] - round(NUMERIC number[, INTEGER places])
2026-01-22 16:13:38 DEBUG org.hibernate.HQL_FUNCTIONS [main] - Long row_number()
2026-01-22 16:13:38 DEBUG org.hibernate.HQL_FUNCTIONS [main] - Long rownum()
2026-01-22 16:13:38 DEBUG org.hibernate.HQL_FUNCTIONS [main] - String rpad(STRING string, INTEGER length[, STRING padding])
2026-01-22 16:13:38 DEBUG org.hibernate.HQL_FUNCTIONS [main] - String rtrim(STRING string)
2026-01-22 16:13:38 DEBUG org.hibernate.HQL_FUNCTIONS [main] - Integer second(TIME arg)
2026-01-22 16:13:38 DEBUG org.hibernate.HQL_FUNCTIONS [main] - Integer sign(NUMERIC arg)
2026-01-22 16:13:38 DEBUG org.hibernate.HQL_FUNCTIONS [main] - Double sin(NUMERIC arg)
2026-01-22 16:13:38 DEBUG org.hibernate.HQL_FUNCTIONS [main] - Double sinh(NUMERIC arg)
2026-01-22 16:13:38 DEBUG org.hibernate.HQL_FUNCTIONS [main] - String soundex(arg)
2026-01-22 16:13:38 DEBUG org.hibernate.HQL_FUNCTIONS [main] - String space(INTEGER arg)
2026-01-22 16:13:38 DEBUG org.hibernate.HQL_FUNCTIONS [main] - Object sql
2026-01-22 16:13:38 DEBUG org.hibernate.HQL_FUNCTIONS [main] - Double sqrt(NUMERIC arg)
2026-01-22 16:13:38 DEBUG org.hibernate.HQL_FUNCTIONS [main] - Double stddev_pop(NUMERIC arg)
2026-01-22 16:13:38 DEBUG org.hibernate.HQL_FUNCTIONS [main] - Double stddev_samp(NUMERIC arg)
2026-01-22 16:13:38 DEBUG org.hibernate.HQL_FUNCTIONS [main] - String str(arg)
2026-01-22 16:13:38 DEBUG org.hibernate.HQL_FUNCTIONS [main] - String substr(STRING string, INTEGER start[, INTEGER length])
2026-01-22 16:13:38 DEBUG org.hibernate.HQL_FUNCTIONS [main] - String substring(STRING string{ from|,} INTEGER start[{ for|,} INTEGER length])
2026-01-22 16:13:38 DEBUG org.hibernate.HQL_FUNCTIONS [main] - sum(arg)
2026-01-22 16:13:38 DEBUG org.hibernate.HQL_FUNCTIONS [main] - Timestamp sysdate
2026-01-22 16:13:38 DEBUG org.hibernate.HQL_FUNCTIONS [main] - Double tan(NUMERIC arg)
2026-01-22 16:13:38 DEBUG org.hibernate.HQL_FUNCTIONS [main] - Double tanh(NUMERIC arg)
2026-01-22 16:13:38 DEBUG org.hibernate.HQL_FUNCTIONS [main] - timestampadd(TEMPORAL_UNIT field, INTEGER magnitude, TEMPORAL datetime)
2026-01-22 16:13:38 DEBUG org.hibernate.HQL_FUNCTIONS [main] - basicType@2(java.lang.Long,-5)|basicType@16(java.lang.Double,8) timestampdiff(TEMPORAL_UNIT field, TEMPORAL start, TEMPORAL end)
2026-01-22 16:13:38 DEBUG org.hibernate.HQL_FUNCTIONS [main] - String translate(STRING arg0, STRING arg1, STRING arg2)
2026-01-22 16:13:38 DEBUG org.hibernate.HQL_FUNCTIONS [main] - String trim([[{leading|trailing|both} ][STRING arg0 ]from] STRING arg1)
2026-01-22 16:13:38 DEBUG org.hibernate.HQL_FUNCTIONS [main] - trunc( ... )
2026-01-22 16:13:38 DEBUG org.hibernate.HQL_FUNCTIONS [main] - truncate( ... )
2026-01-22 16:13:38 DEBUG org.hibernate.HQL_FUNCTIONS [main] - String upper(STRING string)
2026-01-22 16:13:38 DEBUG org.hibernate.HQL_FUNCTIONS [main] - Double var_pop(NUMERIC arg)
2026-01-22 16:13:38 DEBUG org.hibernate.HQL_FUNCTIONS [main] - Double var_samp(NUMERIC arg)
2026-01-22 16:13:38 DEBUG org.hibernate.HQL_FUNCTIONS [main] - Integer week(DATE arg)
2026-01-22 16:13:38 DEBUG org.hibernate.HQL_FUNCTIONS [main] - Integer year(DATE arg)
2026-01-22 16:13:38 DEBUG org.hibernate.orm.query.plan.cache [main] - Starting QueryInterpretationCache(2048)
2026-01-22 16:13:38 DEBUG o.h.s.i.SessionFactoryServiceRegistryImpl [main] - EventListenerRegistry access via ServiceRegistry is deprecated.  Use `sessionFactory.getEventEngine().getListenerRegistry()` instead
2026-01-22 16:13:38 DEBUG o.h.e.i.EntityCopyObserverFactoryInitiator [main] - Configured EntityCopyObserver strategy: disallow
2026-01-22 16:13:38 DEBUG o.h.b.internal.ClassLoaderAccessImpl [main] - Not known whether passed class name [com.kra.vsdc.models.storage.Initiolise] is safe
2026-01-22 16:13:38 DEBUG o.h.b.internal.ClassLoaderAccessImpl [main] - No temp ClassLoader provided; using live ClassLoader for loading potentially unsafe class : com.kra.vsdc.models.storage.Initiolise
2026-01-22 16:13:38 DEBUG o.h.b.i.b.BytecodeProviderImpl [main] - HHH000513: Unable to create the ReflectionOptimizer for [com.kra.vsdc.models.storage.Initiolise]: private accessor [bhfId]
2026-01-22 16:13:38 DEBUG o.h.b.internal.ClassLoaderAccessImpl [main] - Not known whether passed class name [com.kra.vsdc.models.storage.Transaction] is safe
2026-01-22 16:13:38 DEBUG o.h.b.internal.ClassLoaderAccessImpl [main] - No temp ClassLoader provided; using live ClassLoader for loading potentially unsafe class : com.kra.vsdc.models.storage.Transaction
2026-01-22 16:13:38 DEBUG o.h.b.i.b.BytecodeProviderImpl [main] - HHH000513: Unable to create the ReflectionOptimizer for [com.kra.vsdc.models.storage.Transaction]: private accessor [bhfId]
2026-01-22 16:13:38 DEBUG o.h.orm.model.mapping.creation [main] - Starting post-init callbacks
2026-01-22 16:13:38 DEBUG o.h.orm.model.mapping.creation [main] - Starting PostInitCallbackEntry : Entity(com.kra.vsdc.models.storage.Initiolise) `staticFetchableList` generator
2026-01-22 16:13:38 DEBUG o.h.orm.model.mapping.creation [main] - Starting PostInitCallbackEntry : Entity(com.kra.vsdc.models.storage.Transaction) `staticFetchableList` generator
2026-01-22 16:13:38 DEBUG org.hibernate.orm.sql.ast.create [main] - Created new SQL alias : i1_0
2026-01-22 16:13:38 DEBUG org.hibernate.orm.sql.ast.create [main] - Registration of TableGroup [StandardTableGroup(com.kra.vsdc.models.storage.Initiolise)] with identifierForTableGroup [com.kra.vsdc.models.storage.Initiolise] for NavigablePath [com.kra.vsdc.models.storage.Initiolise] 
2026-01-22 16:13:38 DEBUG org.hibernate.orm.results.graph.AST [main] - DomainResult Graph:
 \-EntityResultImpl [com.kra.vsdc.models.storage.Initiolise]
 |  +-BasicFetch [com.kra.vsdc.models.storage.Initiolise.bhfId]
 |  +-BasicFetch [com.kra.vsdc.models.storage.Initiolise.cmcKey]
 |  +-BasicFetch [com.kra.vsdc.models.storage.Initiolise.dvcId]
 |  +-BasicFetch [com.kra.vsdc.models.storage.Initiolise.intrlKey]
 |  +-BasicFetch [com.kra.vsdc.models.storage.Initiolise.lastCopyInvcNo]
 |  +-BasicFetch [com.kra.vsdc.models.storage.Initiolise.lastInvcNo]
 |  +-BasicFetch [com.kra.vsdc.models.storage.Initiolise.lastPchsInvcNo]
 |  +-BasicFetch [com.kra.vsdc.models.storage.Initiolise.lastProfrmInvcNo]
 |  +-BasicFetch [com.kra.vsdc.models.storage.Initiolise.lastSaleInvcNo]
 |  +-BasicFetch [com.kra.vsdc.models.storage.Initiolise.lastSaleRcptNo]
 |  +-BasicFetch [com.kra.vsdc.models.storage.Initiolise.lastTrainInvcNo]
 |  +-BasicFetch [com.kra.vsdc.models.storage.Initiolise.mrcNo]
 |  +-BasicFetch [com.kra.vsdc.models.storage.Initiolise.sdcId]
 |  +-BasicFetch [com.kra.vsdc.models.storage.Initiolise.signKey]
 |  +-BasicFetch [com.kra.vsdc.models.storage.Initiolise.taxprNm]
 |  \-BasicFetch [com.kra.vsdc.models.storage.Initiolise.tin]

2026-01-22 16:13:38 DEBUG org.hibernate.orm.sql.ast.tree [main] - SQL AST Tree:
    SelectStatement {
      FromClause {
        StandardTableGroup (i1 : com.kra.vsdc.models.storage.Initiolise) {
          primaryTableReference : initiolise as i1_0
        }
      }
    }

2026-01-22 16:13:38 DEBUG o.h.p.entity.AbstractEntityPersister [main] - Static SQL for entity: com.kra.vsdc.models.storage.Initiolise
2026-01-22 16:13:38 DEBUG o.h.p.entity.AbstractEntityPersister [main] -  Version select: select ids from initiolise where ids=?
2026-01-22 16:13:38 DEBUG o.h.p.entity.AbstractEntityPersister [main] -  Insert (0): insert into initiolise (bhf_id,cmc_key,dvc_id,intrl_key,last_copy_invc_no,last_invc_no,last_pchs_invc_no,last_profrm_invc_no,last_sale_invc_no,last_sale_rcpt_no,last_train_invc_no,mrc_no,sdc_id,sign_key,taxpr_nm,tin,ids) values (?,?,?,?,?,?,?,?,?,?,?,?,?,?,?,?,default)
2026-01-22 16:13:38 DEBUG o.h.p.entity.AbstractEntityPersister [main] -  Update (0): update initiolise set bhf_id=?,cmc_key=?,dvc_id=?,intrl_key=?,last_copy_invc_no=?,last_invc_no=?,last_pchs_invc_no=?,last_profrm_invc_no=?,last_sale_invc_no=?,last_sale_rcpt_no=?,last_train_invc_no=?,mrc_no=?,sdc_id=?,sign_key=?,taxpr_nm=?,tin=? where ids=?
2026-01-22 16:13:38 DEBUG o.h.p.entity.AbstractEntityPersister [main] -  Delete (0): delete from initiolise where ids=?
2026-01-22 16:13:38 DEBUG org.hibernate.orm.sql.ast.create [main] - Created new SQL alias : t1_0
2026-01-22 16:13:38 DEBUG org.hibernate.orm.sql.ast.create [main] - Registration of TableGroup [StandardTableGroup(com.kra.vsdc.models.storage.Transaction)] with identifierForTableGroup [com.kra.vsdc.models.storage.Transaction] for NavigablePath [com.kra.vsdc.models.storage.Transaction] 
2026-01-22 16:13:38 DEBUG org.hibernate.orm.results.graph.AST [main] - DomainResult Graph:
 \-EntityResultImpl [com.kra.vsdc.models.storage.Transaction]
 |  +-BasicFetch [com.kra.vsdc.models.storage.Transaction.bhfId]
 |  +-BasicFetch [com.kra.vsdc.models.storage.Transaction.cfmDt]
 |  +-BasicFetch [com.kra.vsdc.models.storage.Transaction.cnclDt]
 |  +-BasicFetch [com.kra.vsdc.models.storage.Transaction.cnclReqDt]
 |  +-BasicFetch [com.kra.vsdc.models.storage.Transaction.custNm]
 |  +-BasicFetch [com.kra.vsdc.models.storage.Transaction.custTin]
 |  +-BasicFetch [com.kra.vsdc.models.storage.Transaction.intData]
 |  +-BasicFetch [com.kra.vsdc.models.storage.Transaction.invcNo]
 |  +-BasicFetch [com.kra.vsdc.models.storage.Transaction.itemListStr]
 |  +-BasicFetch [com.kra.vsdc.models.storage.Transaction.modrId]
 |  +-BasicFetch [com.kra.vsdc.models.storage.Transaction.modrNm]
 |  +-BasicFetch [com.kra.vsdc.models.storage.Transaction.orgInvcNo]
 |  +-BasicFetch [com.kra.vsdc.models.storage.Transaction.pmtTyCd]
 |  +-BasicFetch [com.kra.vsdc.models.storage.Transaction.prchrAcptcYn]
 |  +-BasicFetch [com.kra.vsdc.models.storage.Transaction.rcptTyCd]
 |  +-BasicFetch [com.kra.vsdc.models.storage.Transaction.regrId]
 |  +-BasicFetch [com.kra.vsdc.models.storage.Transaction.regrNm]
 |  +-BasicFetch [com.kra.vsdc.models.storage.Transaction.remark]
 |  +-BasicFetch [com.kra.vsdc.models.storage.Transaction.rfdDt]
 |  +-BasicFetch [com.kra.vsdc.models.storage.Transaction.rfdRsnCd]
 |  +-BasicFetch [com.kra.vsdc.models.storage.Transaction.salesDt]
 |  +-BasicFetch [com.kra.vsdc.models.storage.Transaction.salesSttsCd]
 |  +-BasicFetch [com.kra.vsdc.models.storage.Transaction.salesTyCd]
 |  +-BasicFetch [com.kra.vsdc.models.storage.Transaction.signature]
 |  +-BasicFetch [com.kra.vsdc.models.storage.Transaction.stockRlsDt]
 |  +-BasicFetch [com.kra.vsdc.models.storage.Transaction.taxAmtA]
 |  +-BasicFetch [com.kra.vsdc.models.storage.Transaction.taxAmtB]
 |  +-BasicFetch [com.kra.vsdc.models.storage.Transaction.taxAmtC]
 |  +-BasicFetch [com.kra.vsdc.models.storage.Transaction.taxAmtD]
 |  +-BasicFetch [com.kra.vsdc.models.storage.Transaction.taxRtA]
 |  +-BasicFetch [com.kra.vsdc.models.storage.Transaction.taxRtB]
 |  +-BasicFetch [com.kra.vsdc.models.storage.Transaction.taxRtC]
 |  +-BasicFetch [com.kra.vsdc.models.storage.Transaction.taxRtD]
 |  +-BasicFetch [com.kra.vsdc.models.storage.Transaction.taxblAmtA]
 |  +-BasicFetch [com.kra.vsdc.models.storage.Transaction.taxblAmtB]
 |  +-BasicFetch [com.kra.vsdc.models.storage.Transaction.taxblAmtC]
 |  +-BasicFetch [com.kra.vsdc.models.storage.Transaction.taxblAmtD]
 |  +-BasicFetch [com.kra.vsdc.models.storage.Transaction.taxblAmtE]
 |  +-BasicFetch [com.kra.vsdc.models.storage.Transaction.tin]
 |  +-BasicFetch [com.kra.vsdc.models.storage.Transaction.totAmt]
 |  +-BasicFetch [com.kra.vsdc.models.storage.Transaction.totItemCnt]
 |  +-BasicFetch [com.kra.vsdc.models.storage.Transaction.totTaxAmt]
 |  +-BasicFetch [com.kra.vsdc.models.storage.Transaction.totTaxblAmt]
 |  \-BasicFetch [com.kra.vsdc.models.storage.Transaction.trmStatus]

2026-01-22 16:13:38 DEBUG org.hibernate.orm.sql.ast.tree [main] - SQL AST Tree:
    SelectStatement {
      FromClause {
        StandardTableGroup (t1 : com.kra.vsdc.models.storage.Transaction) {
          primaryTableReference : transaction as t1_0
        }
      }
    }

2026-01-22 16:13:38 DEBUG o.h.p.entity.AbstractEntityPersister [main] - Static SQL for entity: com.kra.vsdc.models.storage.Transaction
2026-01-22 16:13:38 DEBUG o.h.p.entity.AbstractEntityPersister [main] -  Version select: select id from transaction where id=?
2026-01-22 16:13:38 DEBUG o.h.p.entity.AbstractEntityPersister [main] -  Insert (0): insert into transaction (bhf_id,cfm_dt,cncl_dt,cncl_req_dt,cust_nm,cust_tin,int_data,invc_no,item_list_str,modr_id,modr_nm,org_invc_no,pmt_ty_cd,prchr_acptc_yn,rcpt_ty_cd,regr_id,regr_nm,remark,rfd_dt,rfd_rsn_cd,sales_dt,sales_stts_cd,sales_ty_cd,signature,stock_rls_dt,tax_amta,tax_amtb,tax_amtc,tax_amtd,tax_rta,tax_rtb,tax_rtc,tax_rtd,taxbl_amta,taxbl_amtb,taxbl_amtc,taxbl_amtd,taxbl_amte,tin,tot_amt,tot_item_cnt,tot_tax_amt,tot_taxbl_amt,trm_status,id) values (?,?,?,?,?,?,?,?,?,?,?,?,?,?,?,?,?,?,?,?,?,?,?,?,?,?,?,?,?,?,?,?,?,?,?,?,?,?,?,?,?,?,?,?,default)
2026-01-22 16:13:38 DEBUG o.h.p.entity.AbstractEntityPersister [main] -  Update (0): update transaction set bhf_id=?,cfm_dt=?,cncl_dt=?,cncl_req_dt=?,cust_nm=?,cust_tin=?,int_data=?,invc_no=?,item_list_str=?,modr_id=?,modr_nm=?,org_invc_no=?,pmt_ty_cd=?,prchr_acptc_yn=?,rcpt_ty_cd=?,regr_id=?,regr_nm=?,remark=?,rfd_dt=?,rfd_rsn_cd=?,sales_dt=?,sales_stts_cd=?,sales_ty_cd=?,signature=?,stock_rls_dt=?,tax_amta=?,tax_amtb=?,tax_amtc=?,tax_amtd=?,tax_rta=?,tax_rtb=?,tax_rtc=?,tax_rtd=?,taxbl_amta=?,taxbl_amtb=?,taxbl_amtc=?,taxbl_amtd=?,taxbl_amte=?,tin=?,tot_amt=?,tot_item_cnt=?,tot_tax_amt=?,tot_taxbl_amt=?,trm_status=? where id=?
2026-01-22 16:13:38 DEBUG o.h.p.entity.AbstractEntityPersister [main] -  Delete (0): delete from transaction where id=?
2026-01-22 16:13:38 INFO  o.h.e.t.j.p.i.JtaPlatformInitiator [main] - HHH000489: No JTA platform available (set 'hibernate.transaction.jta.platform' to enable JTA platform integration)
2026-01-22 16:13:38 DEBUG o.h.type.spi.TypeConfiguration$Scope [main] - Scoping TypeConfiguration [org.hibernate.type.spi.TypeConfiguration@13d1f898] to SessionFactoryImplementor [org.hibernate.internal.SessionFactoryImpl@553d828a]
2026-01-22 16:13:38 DEBUG o.h.q.named.NamedObjectRepository [main] - Checking 0 named HQL queries
2026-01-22 16:13:38 DEBUG o.h.q.named.NamedObjectRepository [main] - Checking 0 named SQL queries
2026-01-22 16:13:38 DEBUG org.hibernate.SQL [main] - drop table if exists initiolise cascade 
2026-01-22 16:13:38 DEBUG org.hibernate.SQL [main] - drop table if exists transaction cascade 
2026-01-22 16:13:38 DEBUG org.hibernate.SQL [main] - create table initiolise (last_pchs_invc_no integer, last_sale_invc_no integer, last_sale_rcpt_no integer, ids bigint generated by default as identity, bhf_id varchar(10), dvc_id varchar(20), last_copy_invc_no varchar(20), last_invc_no varchar(20), last_profrm_invc_no varchar(20), last_train_invc_no varchar(20), mrc_no varchar(20), sdc_id varchar(20), tin varchar(20), cmc_key varchar(200), intrl_key varchar(200), sign_key varchar(200), taxpr_nm varchar(255), primary key (ids))
2026-01-22 16:13:38 DEBUG org.hibernate.SQL [main] - create table transaction (bhf_id varchar(2), id integer generated by default as identity, invc_no integer, org_invc_no integer, pmt_ty_cd varchar(2), prchr_acptc_yn varchar(1), rcpt_ty_cd varchar(1), rfd_rsn_cd varchar(2), sales_stts_cd varchar(2), sales_ty_cd varchar(1), tax_amta integer, tax_amtb integer, tax_amtc integer, tax_amtd integer, tax_rta integer, tax_rtb integer, tax_rtc integer, tax_rtd integer, taxbl_amta integer, taxbl_amtb integer, taxbl_amtc integer, taxbl_amtd integer, taxbl_amte integer, tot_amt integer, tot_item_cnt integer, tot_tax_amt integer, tot_taxbl_amt integer, sales_dt varchar(8), cust_tin varchar(10), modr_id varchar(10), regr_id varchar(10), tin varchar(10), cfm_dt varchar(14), cncl_dt varchar(14), cncl_req_dt varchar(14), rfd_dt varchar(14), stock_rls_dt varchar(14), cust_nm varchar(50), modr_nm varchar(50), regr_nm varchar(50), trm_status varchar(50), int_data varchar(200), signature varchar(200), remark varchar(255), item_list_str TEXT, primary key (id))
2026-01-22 16:13:38 DEBUG o.h.internal.SessionFactoryRegistry [main] - Initializing SessionFactoryRegistry : org.hibernate.internal.SessionFactoryRegistry@6de4071b
2026-01-22 16:13:38 DEBUG o.h.internal.SessionFactoryRegistry [main] - Registering SessionFactory: 41f00da7-8d9c-4975-87ea-76503bc26f72 (<unnamed>)
2026-01-22 16:13:38 DEBUG o.h.internal.SessionFactoryRegistry [main] - Not binding SessionFactory to JNDI, no JNDI name configured
2026-01-22 16:13:38 DEBUG o.h.internal.SessionFactoryImpl [main] - Instantiated SessionFactory
2026-01-22 16:13:38 INFO  o.s.o.j.LocalContainerEntityManagerFactoryBean [main] - Initialized JPA EntityManagerFactory for persistence unit 'default'
2026-01-22 16:13:38 DEBUG o.s.b.f.s.DefaultListableBeanFactory [main] - Creating shared instance of singleton bean 'vsdcApplication'
2026-01-22 16:13:38 DEBUG o.s.b.f.s.DefaultListableBeanFactory [main] - Creating shared instance of singleton bean 'apiClient'
2026-01-22 16:13:38 DEBUG o.s.b.f.s.DefaultListableBeanFactory [main] - Creating shared instance of singleton bean 'propertiesConfig'
2026-01-22 16:13:38 DEBUG o.s.b.f.s.DefaultListableBeanFactory [main] - Creating shared instance of singleton bean 'vscuUtil'
2026-01-22 16:13:38 DEBUG o.s.c.e.PropertySourcesPropertyResolver [main] - Found key 'api.external.domain' in PropertySource 'environmentProperties' with value of type String
2026-01-22 16:13:38 DEBUG o.s.c.e.PropertySourcesPropertyResolver [main] - Found key 'resend.days' in PropertySource 'environmentProperties' with value of type String
2026-01-22 16:13:38 DEBUG o.s.b.c.p.s.ConfigurationPropertySourcesPropertyResolver$DefaultResolver [main] - Found key 'no_sch_threads' in PropertySource 'Config resource 'file [config\vscu.properties]' via location 'optional:file:config/vscu.properties'' with value of type String
2026-01-22 16:13:38 DEBUG o.s.c.e.PropertySourcesPropertyResolver [main] - Found key 'no_sch_threads' in PropertySource 'environmentProperties' with value of type String
2026-01-22 16:13:38 DEBUG o.s.b.c.p.s.ConfigurationPropertySourcesPropertyResolver$DefaultResolver [main] - Found key 'batch_size' in PropertySource 'Config resource 'file [config\vscu.properties]' via location 'optional:file:config/vscu.properties'' with value of type String
2026-01-22 16:13:38 DEBUG o.s.c.e.PropertySourcesPropertyResolver [main] - Found key 'batch_size' in PropertySource 'environmentProperties' with value of type String
2026-01-22 16:13:38 DEBUG o.s.b.c.p.s.ConfigurationPropertySourcesPropertyResolver$DefaultResolver [main] - Found key 'exec_mode' in PropertySource 'Config resource 'file [config\vscu.properties]' via location 'optional:file:config/vscu.properties'' with value of type String
2026-01-22 16:13:38 DEBUG o.s.c.e.PropertySourcesPropertyResolver [main] - Found key 'exec_mode' in PropertySource 'environmentProperties' with value of type String
2026-01-22 16:13:38 DEBUG o.s.b.c.p.s.ConfigurationPropertySourcesPropertyResolver$DefaultResolver [main] - Found key 'proc_check' in PropertySource 'Config resource 'file [config\vscu.properties]' via location 'optional:file:config/vscu.properties'' with value of type String
2026-01-22 16:13:38 DEBUG o.s.c.e.PropertySourcesPropertyResolver [main] - Found key 'proc_check' in PropertySource 'environmentProperties' with value of type String
2026-01-22 16:13:38 DEBUG o.s.b.f.s.DefaultListableBeanFactory [main] - Creating shared instance of singleton bean 'dataHistoryManager'
2026-01-22 16:13:38 DEBUG o.s.b.f.s.DefaultListableBeanFactory [main] - Creating shared instance of singleton bean 'httpRequestFactory'
2026-01-22 16:13:38 DEBUG o.s.b.f.s.DefaultListableBeanFactory [main] - Creating shared instance of singleton bean 'apiClientConfig'
2026-01-22 16:13:38 DEBUG o.s.b.f.s.DefaultListableBeanFactory [main] - Creating shared instance of singleton bean 'apiWebClient'
2026-01-22 16:13:38 DEBUG o.s.b.f.s.DefaultListableBeanFactory [main] - Creating shared instance of singleton bean 'org.springframework.boot.autoconfigure.web.reactive.function.client.WebClientAutoConfiguration'
2026-01-22 16:13:38 DEBUG o.s.b.f.s.DefaultListableBeanFactory [main] - Creating shared instance of singleton bean 'webClientHttpConnectorCustomizer'
2026-01-22 16:13:38 DEBUG o.s.b.f.s.DefaultListableBeanFactory [main] - Creating shared instance of singleton bean 'org.springframework.boot.autoconfigure.web.reactive.function.client.ClientHttpConnectorAutoConfiguration'
2026-01-22 16:13:38 DEBUG o.s.b.f.s.DefaultListableBeanFactory [main] - Creating shared instance of singleton bean 'webClientHttpConnector'
2026-01-22 16:13:38 DEBUG o.s.b.f.s.DefaultListableBeanFactory [main] - Creating shared instance of singleton bean 'reactorClientHttpConnectorFactory'
2026-01-22 16:13:38 DEBUG o.s.b.f.s.DefaultListableBeanFactory [main] - Creating shared instance of singleton bean 'org.springframework.boot.autoconfigure.web.reactive.function.client.ClientHttpConnectorFactoryConfiguration$ReactorNetty'
2026-01-22 16:13:38 DEBUG o.s.b.f.s.DefaultListableBeanFactory [main] - Creating shared instance of singleton bean 'reactorResourceFactory'
2026-01-22 16:13:38 DEBUG o.s.b.f.s.DefaultListableBeanFactory [main] - Creating shared instance of singleton bean 'org.springframework.boot.autoconfigure.reactor.netty.ReactorNettyConfigurations$ReactorResourceFactoryConfiguration'
2026-01-22 16:13:38 DEBUG o.s.b.f.s.DefaultListableBeanFactory [main] - Creating shared instance of singleton bean 'spring.reactor.netty-org.springframework.boot.autoconfigure.reactor.netty.ReactorNettyProperties'
2026-01-22 16:13:38 DEBUG o.s.b.f.s.DefaultListableBeanFactory [main] - Autowiring by type from bean name 'reactorResourceFactory' via factory method to bean named 'spring.reactor.netty-org.springframework.boot.autoconfigure.reactor.netty.ReactorNettyProperties'
2026-01-22 16:13:38 DEBUG reactor.util.Loggers [main] - Using Slf4j logging framework
2026-01-22 16:13:38 DEBUG i.n.u.i.l.InternalLoggerFactory [main] - Using SLF4J as the default logging framework
2026-01-22 16:13:38 DEBUG i.n.util.internal.PlatformDependent0 [main] - -Dio.netty.noUnsafe: false
2026-01-22 16:13:38 DEBUG i.n.util.internal.PlatformDependent0 [main] - Java version: 17
2026-01-22 16:13:38 DEBUG i.n.util.internal.PlatformDependent0 [main] - sun.misc.Unsafe.theUnsafe: available
2026-01-22 16:13:38 DEBUG i.n.util.internal.PlatformDependent0 [main] - sun.misc.Unsafe.copyMemory: available
2026-01-22 16:13:38 DEBUG i.n.util.internal.PlatformDependent0 [main] - sun.misc.Unsafe.storeFence: available
2026-01-22 16:13:38 DEBUG i.n.util.internal.PlatformDependent0 [main] - java.nio.Buffer.address: available
2026-01-22 16:13:38 DEBUG i.n.util.internal.PlatformDependent0 [main] - direct buffer constructor: unavailable: Reflective setAccessible(true) disabled
2026-01-22 16:13:38 DEBUG i.n.util.internal.PlatformDependent0 [main] - java.nio.Bits.unaligned: available, true
2026-01-22 16:13:38 DEBUG i.n.util.internal.PlatformDependent0 [main] - jdk.internal.misc.Unsafe.allocateUninitializedArray(int): unavailable: class io.netty.util.internal.PlatformDependent0$7 cannot access class jdk.internal.misc.Unsafe (in module java.base) because module java.base does not export jdk.internal.misc to unnamed module @15ff3e9e
2026-01-22 16:13:38 DEBUG i.n.util.internal.PlatformDependent0 [main] - java.nio.DirectByteBuffer.<init>(long, {int,long}): unavailable
2026-01-22 16:13:38 DEBUG i.n.util.internal.PlatformDependent [main] - sun.misc.Unsafe: available
2026-01-22 16:13:38 DEBUG i.n.util.internal.PlatformDependent [main] - -Dio.netty.tmpdir: C:\Users\user\AppData\Local\Temp (java.io.tmpdir)
2026-01-22 16:13:38 DEBUG i.n.util.internal.PlatformDependent [main] - -Dio.netty.bitMode: 64 (sun.arch.data.model)
2026-01-22 16:13:38 DEBUG i.n.util.internal.PlatformDependent [main] - Platform: Windows
2026-01-22 16:13:38 DEBUG i.n.util.internal.PlatformDependent [main] - -Dio.netty.maxDirectMemory: -1 bytes
2026-01-22 16:13:38 DEBUG i.n.util.internal.PlatformDependent [main] - -Dio.netty.uninitializedArrayAllocationThreshold: -1
2026-01-22 16:13:38 DEBUG io.netty.util.internal.CleanerJava9 [main] - java.nio.ByteBuffer.cleaner(): available
2026-01-22 16:13:38 DEBUG i.n.util.internal.PlatformDependent [main] - -Dio.netty.noPreferDirect: false
2026-01-22 16:13:38 DEBUG reactor.netty.tcp.TcpResources [main] - [http] resources will use the default LoopResources: DefaultLoopResources {prefix=reactor-http, daemon=true, selectCount=12, workerCount=12}
2026-01-22 16:13:38 DEBUG reactor.netty.tcp.TcpResources [main] - [http] resources will use the default ConnectionProvider: reactor.netty.resources.DefaultPooledConnectionProvider@33997e07
2026-01-22 16:13:38 DEBUG o.s.b.f.s.DefaultListableBeanFactory [main] - Autowiring by type from bean name 'reactorClientHttpConnectorFactory' via factory method to bean named 'reactorResourceFactory'
2026-01-22 16:13:38 DEBUG o.s.b.f.s.DefaultListableBeanFactory [main] - Autowiring by type from bean name 'webClientHttpConnector' via factory method to bean named 'reactorClientHttpConnectorFactory'
2026-01-22 16:13:38 DEBUG i.n.u.i.InternalThreadLocalMap [main] - -Dio.netty.threadLocalMap.stringBuilder.initialSize: 1024
2026-01-22 16:13:38 DEBUG i.n.u.i.InternalThreadLocalMap [main] - -Dio.netty.threadLocalMap.stringBuilder.maxSize: 4096
2026-01-22 16:13:38 DEBUG io.netty.util.ResourceLeakDetector [main] - -Dio.netty.leakDetection.level: simple
2026-01-22 16:13:38 DEBUG io.netty.util.ResourceLeakDetector [main] - -Dio.netty.leakDetection.targetRecords: 4
2026-01-22 16:13:39 DEBUG r.netty.resources.DefaultLoopIOUring [main] - Default io_uring support : false
2026-01-22 16:13:39 DEBUG r.netty.resources.DefaultLoopEpoll [main] - Default Epoll support : false
2026-01-22 16:13:39 DEBUG r.netty.resources.DefaultLoopKQueue [main] - Default KQueue support : false
2026-01-22 16:13:39 DEBUG i.n.c.MultithreadEventLoopGroup [main] - -Dio.netty.eventLoopThreads: 24
2026-01-22 16:13:39 DEBUG i.n.u.concurrent.GlobalEventExecutor [main] - -Dio.netty.globalEventExecutor.quietPeriodSeconds: 1
2026-01-22 16:13:39 DEBUG io.netty.channel.nio.NioEventLoop [main] - -Dio.netty.noKeySetOptimization: false
2026-01-22 16:13:39 DEBUG io.netty.channel.nio.NioEventLoop [main] - -Dio.netty.selectorAutoRebuildThreshold: 512
2026-01-22 16:13:39 DEBUG i.n.util.internal.PlatformDependent [main] - org.jctools-core.MpscChunkedArrayQueue: available
2026-01-22 16:13:39 DEBUG io.netty.util.NetUtil [main] - -Djava.net.preferIPv4Stack: false
2026-01-22 16:13:39 DEBUG io.netty.util.NetUtil [main] - -Djava.net.preferIPv6Addresses: false
2026-01-22 16:13:39 DEBUG i.netty.util.NetUtilInitializations [main] - Loopback interface: lo (Software Loopback Interface 1, 127.0.0.1)
2026-01-22 16:13:39 DEBUG io.netty.util.NetUtil [main] - Failed to get SOMAXCONN from sysctl and file \proc\sys\net\core\somaxconn. Default: 200
2026-01-22 16:13:39 DEBUG i.netty.resolver.dns.DnsNameResolver [main] - Default ResolvedAddressTypes: IPV4_ONLY
2026-01-22 16:13:39 DEBUG i.netty.resolver.dns.DnsNameResolver [main] - Localhost address: localhost/127.0.0.1
2026-01-22 16:13:39 DEBUG i.netty.resolver.dns.DnsNameResolver [main] - Windows hostname: EPK00011
2026-01-22 16:13:39 DEBUG i.netty.resolver.dns.DnsNameResolver [main] - Default search domains: []
2026-01-22 16:13:39 DEBUG i.netty.resolver.dns.DnsNameResolver [main] - Default UnixResolverOptions{ndots=1, timeout=5, attempts=16}
2026-01-22 16:13:39 DEBUG i.n.r.DefaultHostsFileEntriesResolver [main] - -Dio.netty.hostsFileRefreshInterval: 0
2026-01-22 16:13:39 DEBUG i.n.r.d.DefaultDnsServerAddressStreamProvider [main] - Default DNS servers: [/192.168.4.31:53, /41.203.208.19:53, /41.203.208.18:53, /8.8.8.8:53] (sun.net.dns.ResolverConfiguration)
2026-01-22 16:13:39 DEBUG o.s.b.f.s.DefaultListableBeanFactory [main] - Autowiring by type from bean name 'webClientHttpConnectorCustomizer' via factory method to bean named 'webClientHttpConnector'
2026-01-22 16:13:39 DEBUG o.s.b.f.s.DefaultListableBeanFactory [main] - Creating shared instance of singleton bean 'exchangeStrategiesCustomizer'
2026-01-22 16:13:39 DEBUG o.s.b.f.s.DefaultListableBeanFactory [main] - Creating shared instance of singleton bean 'org.springframework.boot.autoconfigure.web.reactive.function.client.WebClientAutoConfiguration$WebClientCodecsConfiguration'
2026-01-22 16:13:39 DEBUG o.s.b.f.s.DefaultListableBeanFactory [main] - Creating shared instance of singleton bean 'defaultCodecCustomizer'
2026-01-22 16:13:39 DEBUG o.s.b.f.s.DefaultListableBeanFactory [main] - Creating shared instance of singleton bean 'org.springframework.boot.autoconfigure.http.codec.CodecsAutoConfiguration$DefaultCodecsConfiguration'
2026-01-22 16:13:39 DEBUG o.s.b.f.s.DefaultListableBeanFactory [main] - Creating shared instance of singleton bean 'spring.codec-org.springframework.boot.autoconfigure.codec.CodecProperties'
2026-01-22 16:13:39 DEBUG o.s.b.f.s.DefaultListableBeanFactory [main] - Autowiring by type from bean name 'defaultCodecCustomizer' via factory method to bean named 'spring.codec-org.springframework.boot.autoconfigure.codec.CodecProperties'
2026-01-22 16:13:39 DEBUG o.s.b.f.s.DefaultListableBeanFactory [main] - Creating shared instance of singleton bean 'jacksonCodecCustomizer'
2026-01-22 16:13:39 DEBUG o.s.b.f.s.DefaultListableBeanFactory [main] - Creating shared instance of singleton bean 'org.springframework.boot.autoconfigure.http.codec.CodecsAutoConfiguration$JacksonCodecConfiguration'
2026-01-22 16:13:39 DEBUG o.s.b.f.s.DefaultListableBeanFactory [main] - Creating shared instance of singleton bean 'jacksonObjectMapper'
2026-01-22 16:13:39 DEBUG o.s.b.f.s.DefaultListableBeanFactory [main] - Creating shared instance of singleton bean 'org.springframework.boot.autoconfigure.jackson.JacksonAutoConfiguration$JacksonObjectMapperConfiguration'
2026-01-22 16:13:39 DEBUG o.s.b.f.s.DefaultListableBeanFactory [main] - Creating shared instance of singleton bean 'org.springframework.boot.autoconfigure.jackson.JacksonAutoConfiguration$JacksonObjectMapperBuilderConfiguration'
2026-01-22 16:13:39 DEBUG o.s.b.f.s.DefaultListableBeanFactory [main] - Creating shared instance of singleton bean 'standardJacksonObjectMapperBuilderCustomizer'
2026-01-22 16:13:39 DEBUG o.s.b.f.s.DefaultListableBeanFactory [main] - Creating shared instance of singleton bean 'org.springframework.boot.autoconfigure.jackson.JacksonAutoConfiguration$Jackson2ObjectMapperBuilderCustomizerConfiguration'
2026-01-22 16:13:39 DEBUG o.s.b.f.s.DefaultListableBeanFactory [main] - Creating shared instance of singleton bean 'spring.jackson-org.springframework.boot.autoconfigure.jackson.JacksonProperties'
2026-01-22 16:13:39 DEBUG o.s.b.f.s.DefaultListableBeanFactory [main] - Autowiring by type from bean name 'standardJacksonObjectMapperBuilderCustomizer' via factory method to bean named 'spring.jackson-org.springframework.boot.autoconfigure.jackson.JacksonProperties'
2026-01-22 16:13:39 DEBUG o.s.b.f.s.DefaultListableBeanFactory [main] - Creating shared instance of singleton bean 'parameterNamesModule'
2026-01-22 16:13:39 DEBUG o.s.b.f.s.DefaultListableBeanFactory [main] - Creating shared instance of singleton bean 'org.springframework.boot.autoconfigure.jackson.JacksonAutoConfiguration$ParameterNamesModuleConfiguration'
2026-01-22 16:13:39 DEBUG o.s.b.f.s.DefaultListableBeanFactory [main] - Creating shared instance of singleton bean 'jsonMixinModule'
2026-01-22 16:13:39 DEBUG o.s.b.f.s.DefaultListableBeanFactory [main] - Creating shared instance of singleton bean 'org.springframework.boot.autoconfigure.jackson.JacksonAutoConfiguration$JacksonMixinConfiguration'
2026-01-22 16:13:39 DEBUG o.s.b.f.s.DefaultListableBeanFactory [main] - Creating shared instance of singleton bean 'jsonMixinModuleEntries'
2026-01-22 16:13:39 DEBUG o.s.b.f.s.DefaultListableBeanFactory [main] - Autowiring by type from bean name 'jsonMixinModuleEntries' via factory method to bean named 'org.springframework.boot.web.servlet.context.AnnotationConfigServletWebServerApplicationContext@aa549e5'
2026-01-22 16:13:39 DEBUG o.s.b.f.s.DefaultListableBeanFactory [main] - Autowiring by type from bean name 'jsonMixinModule' via factory method to bean named 'org.springframework.boot.web.servlet.context.AnnotationConfigServletWebServerApplicationContext@aa549e5'
2026-01-22 16:13:39 DEBUG o.s.b.f.s.DefaultListableBeanFactory [main] - Autowiring by type from bean name 'jsonMixinModule' via factory method to bean named 'jsonMixinModuleEntries'
2026-01-22 16:13:39 DEBUG o.s.b.f.s.DefaultListableBeanFactory [main] - Creating shared instance of singleton bean 'jsonComponentModule'
2026-01-22 16:13:39 DEBUG o.s.b.f.s.DefaultListableBeanFactory [main] - Creating shared instance of singleton bean 'org.springframework.boot.autoconfigure.jackson.JacksonAutoConfiguration'
2026-01-22 16:13:39 DEBUG o.s.b.f.s.DefaultListableBeanFactory [main] - Creating shared instance of singleton bean 'jacksonGeoModule'
2026-01-22 16:13:39 DEBUG o.s.b.f.s.DefaultListableBeanFactory [main] - Creating shared instance of singleton bean 'org.springframework.data.web.config.SpringDataJacksonConfiguration'
2026-01-22 16:13:39 DEBUG o.s.b.f.s.DefaultListableBeanFactory [main] - Creating shared instance of singleton bean 'pageModule'
2026-01-22 16:13:39 DEBUG o.s.b.f.s.DefaultListableBeanFactory [main] - Autowiring by type from bean name 'jacksonObjectMapperBuilder' via factory method to bean named 'org.springframework.boot.web.servlet.context.AnnotationConfigServletWebServerApplicationContext@aa549e5'
2026-01-22 16:13:39 DEBUG o.s.b.f.s.DefaultListableBeanFactory [main] - Autowiring by type from bean name 'jacksonObjectMapperBuilder' via factory method to bean named 'standardJacksonObjectMapperBuilderCustomizer'
2026-01-22 16:13:39 DEBUG o.s.b.f.s.DefaultListableBeanFactory [main] - Autowiring by type from bean name 'jacksonObjectMapper' via factory method to bean named 'jacksonObjectMapperBuilder'
2026-01-22 16:13:39 DEBUG o.s.b.f.s.DefaultListableBeanFactory [main] - Autowiring by type from bean name 'jacksonCodecCustomizer' via factory method to bean named 'jacksonObjectMapper'
2026-01-22 16:13:39 DEBUG o.s.b.f.s.DefaultListableBeanFactory [main] - Autowiring by type from bean name 'apiWebClient' via constructor to bean named 'propertiesConfig'
2026-01-22 16:13:39 DEBUG o.s.b.f.s.DefaultListableBeanFactory [main] - Autowiring by type from bean name 'apiWebClient' via constructor to bean named 'dataHistoryManager'
2026-01-22 16:13:39 DEBUG o.s.b.f.s.DefaultListableBeanFactory [main] - Autowiring by type from bean name 'apiWebClient' via constructor to bean named 'webClientBuilder'
2026-01-22 16:13:39 DEBUG o.s.b.f.s.DefaultListableBeanFactory [main] - Creating shared instance of singleton bean 'fileOrganizer'
2026-01-22 16:13:39 DEBUG o.s.b.f.s.DefaultListableBeanFactory [main] - Creating shared instance of singleton bean 'sequenceUpdater'
2026-01-22 16:13:39 DEBUG o.s.b.f.s.DefaultListableBeanFactory [main] - Creating shared instance of singleton bean 'dataResendManager'
2026-01-22 16:13:39 DEBUG o.s.b.f.s.DefaultListableBeanFactory [main] - Creating shared instance of singleton bean 'stockMasterExcute'
2026-01-22 16:13:39 DEBUG o.s.b.f.s.DefaultListableBeanFactory [main] - Creating shared instance of singleton bean 'stockIoExcute'
2026-01-22 16:13:39 DEBUG o.s.b.f.s.DefaultListableBeanFactory [main] - Creating shared instance of singleton bean 'itemExcute'
2026-01-22 16:13:39 DEBUG o.s.b.f.s.DefaultListableBeanFactory [main] - Creating shared instance of singleton bean 'importItemExcute'
2026-01-22 16:13:39 DEBUG o.s.b.f.s.DefaultListableBeanFactory [main] - Creating shared instance of singleton bean 'trnsPurchaseExcute'
2026-01-22 16:13:39 DEBUG o.s.b.f.s.DefaultListableBeanFactory [main] - Creating shared instance of singleton bean 'aesCoder'
2026-01-22 16:13:39 DEBUG o.s.b.f.s.DefaultListableBeanFactory [main] - Creating shared instance of singleton bean 'aesKey'
2026-01-22 16:13:39 DEBUG o.s.b.f.s.DefaultListableBeanFactory [main] - Creating shared instance of singleton bean 'securityConfig'
2026-01-22 16:13:39 DEBUG o.s.b.f.s.DefaultListableBeanFactory [main] - Autowiring by type from bean name 'securityConfig' via constructor to bean named 'org.springframework.boot.web.servlet.context.AnnotationConfigServletWebServerApplicationContext@aa549e5'
2026-01-22 16:13:39 DEBUG o.s.b.f.s.DefaultListableBeanFactory [main] - Autowiring by type from bean name 'aesCoder' via constructor to bean named 'aesKey'
2026-01-22 16:13:39 DEBUG o.s.b.f.s.DefaultListableBeanFactory [main] - Autowiring by type from bean name 'sequenceUpdater' via constructor to bean named 'dataResendManager'
2026-01-22 16:13:39 DEBUG o.s.b.f.s.DefaultListableBeanFactory [main] - Autowiring by type from bean name 'sequenceUpdater' via constructor to bean named 'aesCoder'
2026-01-22 16:13:39 DEBUG o.s.b.f.s.DefaultListableBeanFactory [main] - Autowiring by type from bean name 'sequenceUpdater' via constructor to bean named 'apiClient'
2026-01-22 16:13:39 DEBUG o.s.b.f.s.DefaultListableBeanFactory [main] - Creating shared instance of singleton bean 'vsdcUtil'
2026-01-22 16:13:39 DEBUG o.s.b.c.p.s.ConfigurationPropertySourcesPropertyResolver$DefaultResolver [main] - Found key 'working_directory' in PropertySource 'Config resource 'file [config\vscu.properties]' via location 'optional:file:config/vscu.properties'' with value of type String
2026-01-22 16:13:39 DEBUG o.s.c.e.PropertySourcesPropertyResolver [main] - Found key 'property.path' in PropertySource 'environmentProperties' with value of type String
2026-01-22 16:13:39 DEBUG o.s.b.f.s.DefaultListableBeanFactory [main] - Creating shared instance of singleton bean 'checkApiConnection'
2026-01-22 16:13:39 DEBUG o.s.b.f.s.DefaultListableBeanFactory [main] - Creating shared instance of singleton bean 'resendSchedule'
2026-01-22 16:13:39 DEBUG o.s.b.f.s.DefaultListableBeanFactory [main] - Creating shared instance of singleton bean 'schedulerConfig'
2026-01-22 16:13:39 DEBUG o.s.b.f.s.DefaultListableBeanFactory [main] - Creating shared instance of singleton bean 'dataZreportManager'
2026-01-22 16:13:39 DEBUG o.s.b.f.s.DefaultListableBeanFactory [main] - Autowiring by type from bean name 'dataZreportManager' via constructor to bean named 'aesCoder'
2026-01-22 16:13:39 DEBUG o.s.b.f.s.DefaultListableBeanFactory [main] - Creating shared instance of singleton bean 'sequenceManager'
2026-01-22 16:13:39 DEBUG o.s.b.f.s.DefaultListableBeanFactory [main] - Autowiring by type from bean name 'sequenceManager' via constructor to bean named 'aesCoder'
2026-01-22 16:13:39 DEBUG o.s.b.f.s.DefaultListableBeanFactory [main] - Autowiring by type from bean name 'sequenceManager' via constructor to bean named 'sequenceUpdater'
2026-01-22 16:13:39 INFO  o.s.b.f.a.AutowiredAnnotationBeanPostProcessor [main] - Autowired annotation is not supported on static fields: private static com.kra.vsdc.config.util.SequenceUpdater com.kra.vsdc.manage.SequenceManager.sequenceUpdater
2026-01-22 16:13:39 DEBUG o.s.b.f.s.DefaultListableBeanFactory [main] - Creating shared instance of singleton bean 'initializeVsdcExcute'
2026-01-22 16:13:39 DEBUG o.s.b.f.s.DefaultListableBeanFactory [main] - Creating shared instance of singleton bean 'bhfExcute'
2026-01-22 16:13:39 DEBUG o.s.b.f.s.DefaultListableBeanFactory [main] - Creating shared instance of singleton bean 'codeExcute'
2026-01-22 16:13:39 DEBUG o.s.b.f.s.DefaultListableBeanFactory [main] - Creating shared instance of singleton bean 'customerExcute'
2026-01-22 16:13:39 DEBUG o.s.b.f.s.DefaultListableBeanFactory [main] - Creating shared instance of singleton bean 'embeddedRabbitMQConfiguration'
2026-01-22 16:13:39 DEBUG o.s.c.e.PropertySourcesPropertyResolver [main] - Found key 'spring.rabbitmq.host' in PropertySource 'environmentProperties' with value of type String
2026-01-22 16:13:39 DEBUG o.s.c.e.PropertySourcesPropertyResolver [main] - Found key 'spring.rabbitmq.port' in PropertySource 'environmentProperties' with value of type String
2026-01-22 16:13:39 DEBUG o.s.c.e.PropertySourcesPropertyResolver [main] - Found key 'spring.rabbitmq.username' in PropertySource 'environmentProperties' with value of type String
2026-01-22 16:13:39 DEBUG o.s.c.e.PropertySourcesPropertyResolver [main] - Found key 'spring.rabbitmq.password' in PropertySource 'environmentProperties' with value of type String
2026-01-22 16:13:39 DEBUG o.s.b.f.s.DefaultListableBeanFactory [main] - Creating shared instance of singleton bean 'itemClsExcute'
2026-01-22 16:13:39 DEBUG o.s.b.f.s.DefaultListableBeanFactory [main] - Creating shared instance of singleton bean 'mainExcute'
2026-01-22 16:13:39 DEBUG o.s.b.f.s.DefaultListableBeanFactory [main] - Creating shared instance of singleton bean 'noticeExcute'
2026-01-22 16:13:39 DEBUG o.s.b.f.s.DefaultListableBeanFactory [main] - Creating shared instance of singleton bean 'rabbitMQService'
2026-01-22 16:13:39 DEBUG o.s.b.f.s.DefaultListableBeanFactory [main] - Creating shared instance of singleton bean 'rabbitConnectionFactory'
2026-01-22 16:13:39 DEBUG o.s.b.f.s.DefaultListableBeanFactory [main] - Creating shared instance of singleton bean 'org.springframework.boot.autoconfigure.amqp.RabbitAutoConfiguration$RabbitConnectionFactoryCreator'
2026-01-22 16:13:39 DEBUG o.s.b.f.s.DefaultListableBeanFactory [main] - Creating shared instance of singleton bean 'spring.rabbitmq-org.springframework.boot.autoconfigure.amqp.RabbitProperties'
2026-01-22 16:13:39 DEBUG o.s.b.f.s.DefaultListableBeanFactory [main] - Autowiring by type from bean name 'org.springframework.boot.autoconfigure.amqp.RabbitAutoConfiguration$RabbitConnectionFactoryCreator' via constructor to bean named 'spring.rabbitmq-org.springframework.boot.autoconfigure.amqp.RabbitProperties'
2026-01-22 16:13:39 DEBUG o.s.b.f.s.DefaultListableBeanFactory [main] - Creating shared instance of singleton bean 'rabbitConnectionFactoryBeanConfigurer'
2026-01-22 16:13:39 DEBUG o.s.b.f.s.DefaultListableBeanFactory [main] - Creating shared instance of singleton bean 'rabbitConnectionDetails'
2026-01-22 16:13:39 DEBUG o.s.b.f.s.DefaultListableBeanFactory [main] - Autowiring by type from bean name 'rabbitConnectionFactoryBeanConfigurer' via factory method to bean named 'org.springframework.boot.web.servlet.context.AnnotationConfigServletWebServerApplicationContext@aa549e5'
2026-01-22 16:13:39 DEBUG o.s.b.f.s.DefaultListableBeanFactory [main] - Autowiring by type from bean name 'rabbitConnectionFactoryBeanConfigurer' via factory method to bean named 'rabbitConnectionDetails'
2026-01-22 16:13:39 DEBUG o.s.b.f.s.DefaultListableBeanFactory [main] - Creating shared instance of singleton bean 'rabbitConnectionFactoryConfigurer'
2026-01-22 16:13:39 DEBUG o.s.b.f.s.DefaultListableBeanFactory [main] - Autowiring by type from bean name 'rabbitConnectionFactoryConfigurer' via factory method to bean named 'rabbitConnectionDetails'
2026-01-22 16:13:39 DEBUG o.s.b.f.s.DefaultListableBeanFactory [main] - Autowiring by type from bean name 'rabbitConnectionFactory' via factory method to bean named 'rabbitConnectionFactoryBeanConfigurer'
2026-01-22 16:13:39 DEBUG o.s.b.f.s.DefaultListableBeanFactory [main] - Autowiring by type from bean name 'rabbitConnectionFactory' via factory method to bean named 'rabbitConnectionFactoryConfigurer'
2026-01-22 16:13:39 DEBUG o.s.b.f.s.DefaultListableBeanFactory [main] - Autowiring by type from bean name 'rabbitMQService' via constructor to bean named 'rabbitConnectionFactory'
2026-01-22 16:13:39 DEBUG o.s.b.f.s.DefaultListableBeanFactory [main] - Creating shared instance of singleton bean 'reportExcute'
2026-01-22 16:13:39 DEBUG o.s.b.f.s.DefaultListableBeanFactory [main] - Creating shared instance of singleton bean 'testExcute'
2026-01-22 16:13:39 DEBUG o.s.b.f.s.DefaultListableBeanFactory [main] - Creating shared instance of singleton bean 'trnsSalesExcute'
2026-01-22 16:13:39 DEBUG o.s.b.f.s.DefaultListableBeanFactory [main] - Creating shared instance of singleton bean 'trnsSalesExcuteResend'
2026-01-22 16:13:39 DEBUG o.s.b.f.s.DefaultListableBeanFactory [main] - Creating shared instance of singleton bean 'deviceManager'
2026-01-22 16:13:39 DEBUG o.s.b.f.s.DefaultListableBeanFactory [main] - Autowiring by type from bean name 'deviceManager' via constructor to bean named 'aesCoder'
2026-01-22 16:13:39 DEBUG o.s.b.f.s.DefaultListableBeanFactory [main] - Creating shared instance of singleton bean 'org.springframework.boot.context.properties.EnableConfigurationPropertiesRegistrar.methodValidationExcludeFilter'
2026-01-22 16:13:39 DEBUG o.s.b.f.s.DefaultListableBeanFactory [main] - Creating shared instance of singleton bean 'com.kra.vsdc.config.util.PropertiesConfig'
2026-01-22 16:13:39 DEBUG o.s.c.e.PropertySourcesPropertyResolver [main] - Found key 'api.external.domain' in PropertySource 'environmentProperties' with value of type String
2026-01-22 16:13:39 DEBUG o.s.c.e.PropertySourcesPropertyResolver [main] - Found key 'resend.days' in PropertySource 'environmentProperties' with value of type String
2026-01-22 16:13:39 DEBUG o.s.b.c.p.s.ConfigurationPropertySourcesPropertyResolver$DefaultResolver [main] - Found key 'no_sch_threads' in PropertySource 'Config resource 'file [config\vscu.properties]' via location 'optional:file:config/vscu.properties'' with value of type String
2026-01-22 16:13:39 DEBUG o.s.c.e.PropertySourcesPropertyResolver [main] - Found key 'no_sch_threads' in PropertySource 'environmentProperties' with value of type String
2026-01-22 16:13:39 DEBUG o.s.b.c.p.s.ConfigurationPropertySourcesPropertyResolver$DefaultResolver [main] - Found key 'batch_size' in PropertySource 'Config resource 'file [config\vscu.properties]' via location 'optional:file:config/vscu.properties'' with value of type String
2026-01-22 16:13:39 DEBUG o.s.c.e.PropertySourcesPropertyResolver [main] - Found key 'batch_size' in PropertySource 'environmentProperties' with value of type String
2026-01-22 16:13:39 DEBUG o.s.b.c.p.s.ConfigurationPropertySourcesPropertyResolver$DefaultResolver [main] - Found key 'exec_mode' in PropertySource 'Config resource 'file [config\vscu.properties]' via location 'optional:file:config/vscu.properties'' with value of type String
2026-01-22 16:13:39 DEBUG o.s.c.e.PropertySourcesPropertyResolver [main] - Found key 'exec_mode' in PropertySource 'environmentProperties' with value of type String
2026-01-22 16:13:39 DEBUG o.s.b.c.p.s.ConfigurationPropertySourcesPropertyResolver$DefaultResolver [main] - Found key 'proc_check' in PropertySource 'Config resource 'file [config\vscu.properties]' via location 'optional:file:config/vscu.properties'' with value of type String
2026-01-22 16:13:39 DEBUG o.s.c.e.PropertySourcesPropertyResolver [main] - Found key 'proc_check' in PropertySource 'environmentProperties' with value of type String
2026-01-22 16:13:39 DEBUG o.s.b.f.s.DefaultListableBeanFactory [main] - Creating shared instance of singleton bean 'org.springframework.boot.autoconfigure.context.PropertyPlaceholderAutoConfiguration'
2026-01-22 16:13:39 DEBUG o.s.b.f.s.DefaultListableBeanFactory [main] - Creating shared instance of singleton bean 'org.springframework.boot.autoconfigure.websocket.servlet.WebSocketServletAutoConfiguration'
2026-01-22 16:13:39 DEBUG o.s.b.f.s.DefaultListableBeanFactory [main] - Creating shared instance of singleton bean 'org.springframework.boot.autoconfigure.web.servlet.DispatcherServletAutoConfiguration'
2026-01-22 16:13:39 DEBUG o.s.b.f.s.DefaultListableBeanFactory [main] - Creating shared instance of singleton bean 'org.springframework.boot.autoconfigure.http.codec.CodecsAutoConfiguration'
2026-01-22 16:13:39 DEBUG o.s.b.f.s.DefaultListableBeanFactory [main] - Creating shared instance of singleton bean 'org.springframework.boot.autoconfigure.task.TaskExecutorConfigurations$ThreadPoolTaskExecutorBuilderConfiguration'
2026-01-22 16:13:39 DEBUG o.s.b.f.s.DefaultListableBeanFactory [main] - Creating shared instance of singleton bean 'threadPoolTaskExecutorBuilder'
2026-01-22 16:13:39 DEBUG o.s.b.f.s.DefaultListableBeanFactory [main] - Creating shared instance of singleton bean 'spring.task.execution-org.springframework.boot.autoconfigure.task.TaskExecutionProperties'
2026-01-22 16:13:39 DEBUG o.s.b.f.s.DefaultListableBeanFactory [main] - Autowiring by type from bean name 'threadPoolTaskExecutorBuilder' via factory method to bean named 'spring.task.execution-org.springframework.boot.autoconfigure.task.TaskExecutionProperties'
2026-01-22 16:13:39 DEBUG o.s.b.f.s.DefaultListableBeanFactory [main] - Creating shared instance of singleton bean 'org.springframework.boot.autoconfigure.task.TaskExecutorConfigurations$TaskExecutorBuilderConfiguration'
2026-01-22 16:13:39 DEBUG o.s.b.f.s.DefaultListableBeanFactory [main] - Creating shared instance of singleton bean 'taskExecutorBuilder'
2026-01-22 16:13:39 DEBUG o.s.b.f.s.DefaultListableBeanFactory [main] - Autowiring by type from bean name 'taskExecutorBuilder' via factory method to bean named 'spring.task.execution-org.springframework.boot.autoconfigure.task.TaskExecutionProperties'
2026-01-22 16:13:39 DEBUG o.s.b.f.s.DefaultListableBeanFactory [main] - Creating shared instance of singleton bean 'org.springframework.boot.autoconfigure.task.TaskExecutorConfigurations$SimpleAsyncTaskExecutorBuilderConfiguration'
2026-01-22 16:13:39 DEBUG o.s.b.f.s.DefaultListableBeanFactory [main] - Autowiring by type from bean name 'org.springframework.boot.autoconfigure.task.TaskExecutorConfigurations$SimpleAsyncTaskExecutorBuilderConfiguration' via constructor to bean named 'spring.task.execution-org.springframework.boot.autoconfigure.task.TaskExecutionProperties'
2026-01-22 16:13:39 DEBUG o.s.b.f.s.DefaultListableBeanFactory [main] - Creating shared instance of singleton bean 'simpleAsyncTaskExecutorBuilder'
2026-01-22 16:13:39 DEBUG o.s.b.f.s.DefaultListableBeanFactory [main] - Creating shared instance of singleton bean 'org.springframework.boot.autoconfigure.task.TaskExecutorConfigurations$TaskExecutorConfiguration'
2026-01-22 16:13:39 DEBUG o.s.b.f.s.DefaultListableBeanFactory [main] - Creating shared instance of singleton bean 'org.springframework.boot.autoconfigure.task.TaskExecutionAutoConfiguration'
2026-01-22 16:13:39 DEBUG o.s.b.f.s.DefaultListableBeanFactory [main] - Creating shared instance of singleton bean 'org.springframework.boot.autoconfigure.web.servlet.error.ErrorMvcAutoConfiguration$WhitelabelErrorViewConfiguration'
2026-01-22 16:13:39 DEBUG o.s.b.f.s.DefaultListableBeanFactory [main] - Creating shared instance of singleton bean 'error'
2026-01-22 16:13:39 DEBUG o.s.b.f.s.DefaultListableBeanFactory [main] - Creating shared instance of singleton bean 'beanNameViewResolver'
2026-01-22 16:13:39 DEBUG o.s.b.f.s.DefaultListableBeanFactory [main] - Creating shared instance of singleton bean 'org.springframework.boot.autoconfigure.web.servlet.error.ErrorMvcAutoConfiguration$DefaultErrorViewResolverConfiguration'
2026-01-22 16:13:39 DEBUG o.s.b.f.s.DefaultListableBeanFactory [main] - Creating shared instance of singleton bean 'spring.web-org.springframework.boot.autoconfigure.web.WebProperties'
2026-01-22 16:13:39 DEBUG o.s.b.f.s.DefaultListableBeanFactory [main] - Autowiring by type from bean name 'org.springframework.boot.autoconfigure.web.servlet.error.ErrorMvcAutoConfiguration$DefaultErrorViewResolverConfiguration' via constructor to bean named 'org.springframework.boot.web.servlet.context.AnnotationConfigServletWebServerApplicationContext@aa549e5'
2026-01-22 16:13:39 DEBUG o.s.b.f.s.DefaultListableBeanFactory [main] - Autowiring by type from bean name 'org.springframework.boot.autoconfigure.web.servlet.error.ErrorMvcAutoConfiguration$DefaultErrorViewResolverConfiguration' via constructor to bean named 'spring.web-org.springframework.boot.autoconfigure.web.WebProperties'
2026-01-22 16:13:39 DEBUG o.s.b.f.s.DefaultListableBeanFactory [main] - Creating shared instance of singleton bean 'conventionErrorViewResolver'
2026-01-22 16:13:39 DEBUG o.s.b.f.s.DefaultListableBeanFactory [main] - Creating shared instance of singleton bean 'errorAttributes'
2026-01-22 16:13:39 DEBUG o.s.b.f.s.DefaultListableBeanFactory [main] - Creating shared instance of singleton bean 'basicErrorController'
2026-01-22 16:13:39 DEBUG o.s.b.f.s.DefaultListableBeanFactory [main] - Autowiring by type from bean name 'basicErrorController' via factory method to bean named 'errorAttributes'
2026-01-22 16:13:39 DEBUG o.s.b.f.s.DefaultListableBeanFactory [main] - Creating shared instance of singleton bean 'org.springframework.boot.autoconfigure.web.servlet.WebMvcAutoConfiguration$EnableWebMvcConfiguration'
2026-01-22 16:13:39 DEBUG o.s.b.f.s.DefaultListableBeanFactory [main] - Autowiring by type from bean name 'org.springframework.boot.autoconfigure.web.servlet.WebMvcAutoConfiguration$EnableWebMvcConfiguration' via constructor to bean named 'spring.mvc-org.springframework.boot.autoconfigure.web.servlet.WebMvcProperties'
2026-01-22 16:13:39 DEBUG o.s.b.f.s.DefaultListableBeanFactory [main] - Autowiring by type from bean name 'org.springframework.boot.autoconfigure.web.servlet.WebMvcAutoConfiguration$EnableWebMvcConfiguration' via constructor to bean named 'spring.web-org.springframework.boot.autoconfigure.web.WebProperties'
2026-01-22 16:13:39 DEBUG o.s.b.f.s.DefaultListableBeanFactory [main] - Autowiring by type from bean name 'org.springframework.boot.autoconfigure.web.servlet.WebMvcAutoConfiguration$EnableWebMvcConfiguration' via constructor to bean named 'org.springframework.beans.factory.support.DefaultListableBeanFactory@5e77f0f4'
2026-01-22 16:13:39 DEBUG o.s.b.f.s.DefaultListableBeanFactory [main] - Creating shared instance of singleton bean 'org.springframework.boot.autoconfigure.web.servlet.WebMvcAutoConfiguration$WebMvcAutoConfigurationAdapter'
2026-01-22 16:13:39 DEBUG o.s.b.f.s.DefaultListableBeanFactory [main] - Autowiring by type from bean name 'org.springframework.boot.autoconfigure.web.servlet.WebMvcAutoConfiguration$WebMvcAutoConfigurationAdapter' via constructor to bean named 'spring.web-org.springframework.boot.autoconfigure.web.WebProperties'
2026-01-22 16:13:39 DEBUG o.s.b.f.s.DefaultListableBeanFactory [main] - Autowiring by type from bean name 'org.springframework.boot.autoconfigure.web.servlet.WebMvcAutoConfiguration$WebMvcAutoConfigurationAdapter' via constructor to bean named 'spring.mvc-org.springframework.boot.autoconfigure.web.servlet.WebMvcProperties'
2026-01-22 16:13:39 DEBUG o.s.b.f.s.DefaultListableBeanFactory [main] - Autowiring by type from bean name 'org.springframework.boot.autoconfigure.web.servlet.WebMvcAutoConfiguration$WebMvcAutoConfigurationAdapter' via constructor to bean named 'org.springframework.beans.factory.support.DefaultListableBeanFactory@5e77f0f4'
2026-01-22 16:13:39 DEBUG o.s.b.f.s.DefaultListableBeanFactory [main] - Creating shared instance of singleton bean 'openEntityManagerInViewInterceptorConfigurer'
2026-01-22 16:13:39 DEBUG o.s.b.f.s.DefaultListableBeanFactory [main] - Creating shared instance of singleton bean 'org.springframework.boot.autoconfigure.orm.jpa.JpaBaseConfiguration$JpaWebConfiguration'
2026-01-22 16:13:39 DEBUG o.s.b.f.s.DefaultListableBeanFactory [main] - Autowiring by type from bean name 'org.springframework.boot.autoconfigure.orm.jpa.JpaBaseConfiguration$JpaWebConfiguration' via constructor to bean named 'spring.jpa-org.springframework.boot.autoconfigure.orm.jpa.JpaProperties'
2026-01-22 16:13:39 DEBUG o.s.b.f.s.DefaultListableBeanFactory [main] - Creating shared instance of singleton bean 'openEntityManagerInViewInterceptor'
2026-01-22 16:13:39 WARN  o.s.b.a.o.j.JpaBaseConfiguration$JpaWebConfiguration [main] - spring.jpa.open-in-view is enabled by default. Therefore, database queries may be performed during view rendering. Explicitly configure spring.jpa.open-in-view to disable this warning
2026-01-22 16:13:39 DEBUG o.s.b.f.s.DefaultListableBeanFactory [main] - Autowiring by type from bean name 'openEntityManagerInViewInterceptorConfigurer' via factory method to bean named 'openEntityManagerInViewInterceptor'
2026-01-22 16:13:39 DEBUG o.s.b.f.s.DefaultListableBeanFactory [main] - Creating shared instance of singleton bean 'hypermediaWebMvcConfigurer'
2026-01-22 16:13:39 DEBUG o.s.b.f.s.DefaultListableBeanFactory [main] - Creating shared instance of singleton bean 'org.springframework.hateoas.config.WebMvcHateoasConfiguration'
2026-01-22 16:13:39 DEBUG o.s.b.f.s.DefaultListableBeanFactory [main] - Creating shared instance of singleton bean 'hypermediaWebMvcConverters'
2026-01-22 16:13:39 DEBUG o.s.b.f.s.DefaultListableBeanFactory [main] - Creating shared instance of singleton bean 'org.springframework.hateoas.config.HateoasConfiguration'
2026-01-22 16:13:39 DEBUG o.s.b.f.s.DefaultListableBeanFactory [main] - Creating shared instance of singleton bean 'org.springframework.hateoas.mediatype.hal.HalMediaTypeConfiguration'
2026-01-22 16:13:39 DEBUG o.s.b.f.s.DefaultListableBeanFactory [main] - Creating shared instance of singleton bean '_relProvider'
2026-01-22 16:13:39 DEBUG o.s.b.f.s.DefaultListableBeanFactory [main] - Creating shared instance of singleton bean 'relProviderPluginRegistry'
2026-01-22 16:13:39 DEBUG o.s.b.f.s.DefaultListableBeanFactory [main] - Autowiring by type from bean name 'relProviderPluginRegistry' via factory method to bean named 'org.springframework.boot.web.servlet.context.AnnotationConfigServletWebServerApplicationContext@aa549e5'
2026-01-22 16:13:39 DEBUG o.s.b.f.s.DefaultListableBeanFactory [main] - Autowiring by type from bean name '_relProvider' via factory method to bean named 'relProviderPluginRegistry'
2026-01-22 16:13:39 DEBUG o.s.b.f.s.DefaultListableBeanFactory [main] - Creating shared instance of singleton bean 'messageResolver'
2026-01-22 16:13:39 DEBUG o.s.b.f.s.DefaultListableBeanFactory [main] - Autowiring by type from bean name 'org.springframework.hateoas.mediatype.hal.HalMediaTypeConfiguration' via constructor to bean named '_relProvider'
2026-01-22 16:13:39 DEBUG o.s.b.f.s.DefaultListableBeanFactory [main] - Autowiring by type from bean name 'org.springframework.hateoas.mediatype.hal.HalMediaTypeConfiguration' via constructor to bean named 'messageResolver'
2026-01-22 16:13:39 DEBUG o.s.b.f.s.DefaultListableBeanFactory [main] - Autowiring by type from bean name 'org.springframework.hateoas.mediatype.hal.HalMediaTypeConfiguration' via constructor to bean named 'org.springframework.beans.factory.support.DefaultListableBeanFactory@5e77f0f4'
2026-01-22 16:13:39 DEBUG o.s.b.f.s.DefaultListableBeanFactory [main] - Creating shared instance of singleton bean 'org.springframework.hateoas.mediatype.hal.forms.HalFormsMediaTypeConfiguration'
2026-01-22 16:13:39 DEBUG o.s.b.f.s.DefaultListableBeanFactory [main] - Autowiring by type from bean name 'org.springframework.hateoas.mediatype.hal.forms.HalFormsMediaTypeConfiguration' via constructor to bean named '_relProvider'
2026-01-22 16:13:39 DEBUG o.s.b.f.s.DefaultListableBeanFactory [main] - Autowiring by type from bean name 'org.springframework.hateoas.mediatype.hal.forms.HalFormsMediaTypeConfiguration' via constructor to bean named 'messageResolver'
2026-01-22 16:13:39 DEBUG o.s.b.f.s.DefaultListableBeanFactory [main] - Autowiring by type from bean name 'org.springframework.hateoas.mediatype.hal.forms.HalFormsMediaTypeConfiguration' via constructor to bean named 'org.springframework.beans.factory.support.DefaultListableBeanFactory@5e77f0f4'
2026-01-22 16:13:39 DEBUG o.s.b.f.s.DefaultListableBeanFactory [main] - Autowiring by type from bean name 'hypermediaWebMvcConverters' via factory method to bean named 'org.springframework.hateoas.mediatype.hal.HalMediaTypeConfiguration'
2026-01-22 16:13:39 DEBUG o.s.b.f.s.DefaultListableBeanFactory [main] - Autowiring by type from bean name 'hypermediaWebMvcConverters' via factory method to bean named 'org.springframework.hateoas.mediatype.hal.forms.HalFormsMediaTypeConfiguration'
2026-01-22 16:13:39 DEBUG o.s.b.f.s.DefaultListableBeanFactory [main] - Creating shared instance of singleton bean 'applicationJsonHalConfiguration'
2026-01-22 16:13:39 DEBUG o.s.b.f.s.DefaultListableBeanFactory [main] - Creating shared instance of singleton bean 'org.springframework.boot.autoconfigure.hateoas.HypermediaAutoConfiguration'
2026-01-22 16:13:39 DEBUG o.s.b.f.s.DefaultListableBeanFactory [main] - Autowiring by type from bean name 'hypermediaWebMvcConfigurer' via factory method to bean named 'hypermediaWebMvcConverters'
2026-01-22 16:13:40 DEBUG o.s.b.f.s.DefaultListableBeanFactory [main] - Creating shared instance of singleton bean 'org.springframework.data.rest.webmvc.config.RepositoryRestMvcConfiguration'
2026-01-22 16:13:40 DEBUG o.s.b.f.s.DefaultListableBeanFactory [main] - Autowiring by type from bean name 'org.springframework.data.rest.webmvc.config.RepositoryRestMvcConfiguration' via constructor to bean named 'org.springframework.boot.web.servlet.context.AnnotationConfigServletWebServerApplicationContext@aa549e5'
2026-01-22 16:13:40 DEBUG o.s.b.f.s.DefaultListableBeanFactory [main] - Creating shared instance of singleton bean 'welcomePageHandlerMapping'
2026-01-22 16:13:40 DEBUG o.s.b.f.s.DefaultListableBeanFactory [main] - Creating shared instance of singleton bean 'mvcConversionService'
2026-01-22 16:13:40 DEBUG o.s.b.f.s.DefaultListableBeanFactory [main] - Creating shared instance of singleton bean 'jsonSchemaConverter'
2026-01-22 16:13:40 DEBUG o.s.b.f.s.DefaultListableBeanFactory [main] - Creating shared instance of singleton bean 'persistentEntities'
2026-01-22 16:13:40 DEBUG o.s.b.f.s.DefaultListableBeanFactory [main] - Creating shared instance of singleton bean 'jpaMappingContext'
2026-01-22 16:13:40 DEBUG o.s.d.j.r.c.JpaMetamodelMappingContextFactoryBean [main] - Initializing JpaMetamodelMappingContext…
2026-01-22 16:13:40 DEBUG o.s.d.j.r.c.JpaMetamodelMappingContextFactoryBean [main] - Finished initializing JpaMetamodelMappingContext
2026-01-22 16:13:40 DEBUG o.s.b.f.s.DefaultListableBeanFactory [main] - Creating shared instance of singleton bean 'associationLinks'
2026-01-22 16:13:40 DEBUG o.s.b.f.s.DefaultListableBeanFactory [main] - Creating shared instance of singleton bean 'resourceMappings'
2026-01-22 16:13:40 DEBUG o.s.b.f.s.DefaultListableBeanFactory [main] - Creating shared instance of singleton bean 'repositories'
2026-01-22 16:13:40 DEBUG o.s.b.f.s.DefaultListableBeanFactory [main] - Creating shared instance of singleton bean 'initioliseRepository'
2026-01-22 16:13:40 DEBUG o.s.b.f.s.DefaultListableBeanFactory [main] - Creating shared instance of singleton bean 'jpa.named-queries#0'
2026-01-22 16:13:40 DEBUG o.s.b.f.s.DefaultListableBeanFactory [main] - Creating shared instance of singleton bean 'jpa.InitioliseRepository.fragments#0'
2026-01-22 16:13:40 DEBUG o.s.b.f.s.DefaultListableBeanFactory [main] - Creating shared instance of singleton bean 'jpaSharedEM_entityManagerFactory'
2026-01-22 16:13:40 DEBUG o.s.o.j.SharedEntityManagerCreator$SharedEntityManagerInvocationHandler [main] - Creating new EntityManager for shared EntityManager invocation
2026-01-22 16:13:40 DEBUG o.h.s.internal.StatisticsInitiator [main] - Statistics initialized [enabled=false]
2026-01-22 16:13:40 DEBUG o.s.o.j.SharedEntityManagerCreator$SharedEntityManagerInvocationHandler [main] - Creating new EntityManager for shared EntityManager invocation
2026-01-22 16:13:40 DEBUG o.s.d.r.c.s.RepositoryFactorySupport [main] - Initializing repository instance for com.kra.vsdc.models.storage.InitioliseRepository…
2026-01-22 16:13:40 DEBUG o.s.o.j.SharedEntityManagerCreator$SharedEntityManagerInvocationHandler [main] - Creating new EntityManager for shared EntityManager invocation
2026-01-22 16:13:40 DEBUG o.s.d.r.c.s.RepositoryFactorySupport [main] - Finished creation of repository instance for com.kra.vsdc.models.storage.InitioliseRepository.
2026-01-22 16:13:40 DEBUG o.s.b.f.s.DefaultListableBeanFactory [main] - Creating shared instance of singleton bean 'transactionRepository'
2026-01-22 16:13:40 DEBUG o.s.b.f.s.DefaultListableBeanFactory [main] - Creating shared instance of singleton bean 'jpa.named-queries#1'
2026-01-22 16:13:40 DEBUG o.s.b.f.s.DefaultListableBeanFactory [main] - Creating shared instance of singleton bean 'jpa.TransactionRepository.fragments#0'
2026-01-22 16:13:40 DEBUG o.s.o.j.SharedEntityManagerCreator$SharedEntityManagerInvocationHandler [main] - Creating new EntityManager for shared EntityManager invocation
2026-01-22 16:13:40 DEBUG o.s.d.r.c.s.RepositoryFactorySupport [main] - Initializing repository instance for com.kra.vsdc.models.storage.TransactionRepository…
2026-01-22 16:13:40 DEBUG o.s.o.j.SharedEntityManagerCreator$SharedEntityManagerInvocationHandler [main] - Creating new EntityManager for shared EntityManager invocation
2026-01-22 16:13:40 DEBUG o.s.d.r.c.s.RepositoryFactorySupport [main] - Finished creation of repository instance for com.kra.vsdc.models.storage.TransactionRepository.
2026-01-22 16:13:40 DEBUG o.s.b.f.s.DefaultListableBeanFactory [main] - Creating shared instance of singleton bean 'repositoryRestConfiguration'
2026-01-22 16:13:40 DEBUG o.s.b.f.s.DefaultListableBeanFactory [main] - Creating shared instance of singleton bean 'springBootRepositoryRestConfigurer'
2026-01-22 16:13:40 DEBUG o.s.b.f.s.DefaultListableBeanFactory [main] - Creating shared instance of singleton bean 'org.springframework.boot.autoconfigure.data.rest.RepositoryRestMvcAutoConfiguration'
2026-01-22 16:13:40 DEBUG o.s.b.f.s.DefaultListableBeanFactory [main] - Creating shared instance of singleton bean 'spring.data.rest-org.springframework.boot.autoconfigure.data.rest.RepositoryRestProperties'
2026-01-22 16:13:40 DEBUG o.s.b.f.s.DefaultListableBeanFactory [main] - Autowiring by type from bean name 'springBootRepositoryRestConfigurer' via factory method to bean named 'spring.data.rest-org.springframework.boot.autoconfigure.data.rest.RepositoryRestProperties'
2026-01-22 16:13:40 DEBUG o.s.b.f.s.DefaultListableBeanFactory [main] - Autowiring by type from bean name 'resourceMappings' via factory method to bean named 'repositories'
2026-01-22 16:13:40 DEBUG o.s.b.f.s.DefaultListableBeanFactory [main] - Autowiring by type from bean name 'resourceMappings' via factory method to bean named 'persistentEntities'
2026-01-22 16:13:40 DEBUG o.s.b.f.s.DefaultListableBeanFactory [main] - Autowiring by type from bean name 'resourceMappings' via factory method to bean named 'repositoryRestConfiguration'
2026-01-22 16:13:40 DEBUG o.s.b.f.s.DefaultListableBeanFactory [main] - Autowiring by type from bean name 'associationLinks' via factory method to bean named 'resourceMappings'
2026-01-22 16:13:40 DEBUG o.s.b.f.s.DefaultListableBeanFactory [main] - Autowiring by type from bean name 'associationLinks' via factory method to bean named 'repositoryRestConfiguration'
2026-01-22 16:13:40 DEBUG o.s.b.f.s.DefaultListableBeanFactory [main] - Creating shared instance of singleton bean 'repositoryInvokerFactory'
2026-01-22 16:13:40 DEBUG o.s.b.f.s.DefaultListableBeanFactory [main] - Autowiring by type from bean name 'jsonSchemaConverter' via factory method to bean named 'persistentEntities'
2026-01-22 16:13:40 DEBUG o.s.b.f.s.DefaultListableBeanFactory [main] - Autowiring by type from bean name 'jsonSchemaConverter' via factory method to bean named 'associationLinks'
2026-01-22 16:13:40 DEBUG o.s.b.f.s.DefaultListableBeanFactory [main] - Autowiring by type from bean name 'jsonSchemaConverter' via factory method to bean named 'repositoryInvokerFactory'
2026-01-22 16:13:40 DEBUG o.s.b.f.s.DefaultListableBeanFactory [main] - Autowiring by type from bean name 'jsonSchemaConverter' via factory method to bean named 'repositoryRestConfiguration'
2026-01-22 16:13:40 DEBUG o.s.b.f.s.DefaultListableBeanFactory [main] - Creating shared instance of singleton bean 'linkCollector'
2026-01-22 16:13:40 DEBUG o.s.b.f.s.DefaultListableBeanFactory [main] - Creating shared instance of singleton bean 'selfLinkProvider'
2026-01-22 16:13:40 DEBUG o.s.b.f.s.DefaultListableBeanFactory [main] - Creating shared instance of singleton bean 'entityLinks'
2026-01-22 16:13:40 DEBUG o.s.b.f.s.DefaultListableBeanFactory [main] - Creating shared instance of singleton bean 'backendIdConverterRegistry'
2026-01-22 16:13:40 DEBUG o.s.b.f.s.DefaultListableBeanFactory [main] - Autowiring by type from bean name 'entityLinks' via factory method to bean named 'repositories'
2026-01-22 16:13:40 DEBUG o.s.b.f.s.DefaultListableBeanFactory [main] - Autowiring by type from bean name 'entityLinks' via factory method to bean named 'resourceMappings'
2026-01-22 16:13:40 DEBUG o.s.b.f.s.DefaultListableBeanFactory [main] - Autowiring by type from bean name 'entityLinks' via factory method to bean named 'backendIdConverterRegistry'
2026-01-22 16:13:40 DEBUG o.s.b.f.s.DefaultListableBeanFactory [main] - Autowiring by type from bean name 'entityLinks' via factory method to bean named 'repositoryRestConfiguration'
2026-01-22 16:13:40 DEBUG o.s.b.f.s.DefaultListableBeanFactory [main] - Autowiring by type from bean name 'selfLinkProvider' via factory method to bean named 'persistentEntities'
2026-01-22 16:13:40 DEBUG o.s.b.f.s.DefaultListableBeanFactory [main] - Autowiring by type from bean name 'selfLinkProvider' via factory method to bean named 'entityLinks'
2026-01-22 16:13:40 DEBUG o.s.b.f.s.DefaultListableBeanFactory [main] - Creating shared instance of singleton bean 'mvcConversionService'
2026-01-22 16:13:40 DEBUG o.s.b.f.s.DefaultListableBeanFactory [main] - Creating shared instance of singleton bean 'mvcResourceUrlProvider'
2026-01-22 16:13:40 DEBUG o.s.b.f.s.DefaultListableBeanFactory [main] - Autowiring by type from bean name 'welcomePageHandlerMapping' via factory method to bean named 'org.springframework.boot.web.servlet.context.AnnotationConfigServletWebServerApplicationContext@aa549e5'
2026-01-22 16:13:40 DEBUG o.s.b.f.s.DefaultListableBeanFactory [main] - Autowiring by type from bean name 'welcomePageHandlerMapping' via factory method to bean named 'mvcConversionService'
2026-01-22 16:13:40 DEBUG o.s.b.f.s.DefaultListableBeanFactory [main] - Autowiring by type from bean name 'welcomePageHandlerMapping' via factory method to bean named 'mvcResourceUrlProvider'
2026-01-22 16:13:40 DEBUG o.s.b.f.s.DefaultListableBeanFactory [main] - Creating shared instance of singleton bean 'welcomePageNotAcceptableHandlerMapping'
2026-01-22 16:13:40 DEBUG o.s.b.f.s.DefaultListableBeanFactory [main] - Autowiring by type from bean name 'welcomePageNotAcceptableHandlerMapping' via factory method to bean named 'org.springframework.boot.web.servlet.context.AnnotationConfigServletWebServerApplicationContext@aa549e5'
2026-01-22 16:13:40 DEBUG o.s.b.f.s.DefaultListableBeanFactory [main] - Autowiring by type from bean name 'welcomePageNotAcceptableHandlerMapping' via factory method to bean named 'mvcConversionService'
2026-01-22 16:13:40 DEBUG o.s.b.f.s.DefaultListableBeanFactory [main] - Autowiring by type from bean name 'welcomePageNotAcceptableHandlerMapping' via factory method to bean named 'mvcResourceUrlProvider'
2026-01-22 16:13:40 DEBUG o.s.b.f.s.DefaultListableBeanFactory [main] - Creating shared instance of singleton bean 'localeResolver'
2026-01-22 16:13:40 DEBUG o.s.b.f.s.DefaultListableBeanFactory [main] - Creating shared instance of singleton bean 'themeResolver'
2026-01-22 16:13:40 DEBUG o.s.b.f.s.DefaultListableBeanFactory [main] - Creating shared instance of singleton bean 'flashMapManager'
2026-01-22 16:13:40 DEBUG o.s.b.f.s.DefaultListableBeanFactory [main] - Creating shared instance of singleton bean 'mvcValidator'
2026-01-22 16:13:40 DEBUG o.s.b.f.s.DefaultListableBeanFactory [main] - Creating shared instance of singleton bean 'mvcContentNegotiationManager'
2026-01-22 16:13:40 DEBUG o.s.b.f.s.DefaultListableBeanFactory [main] - Creating shared instance of singleton bean 'requestMappingHandlerMapping'
2026-01-22 16:13:40 DEBUG o.s.b.f.s.DefaultListableBeanFactory [main] - Autowiring by type from bean name 'requestMappingHandlerMapping' via factory method to bean named 'mvcContentNegotiationManager'
2026-01-22 16:13:40 DEBUG o.s.b.f.s.DefaultListableBeanFactory [main] - Autowiring by type from bean name 'requestMappingHandlerMapping' via factory method to bean named 'mvcConversionService'
2026-01-22 16:13:40 DEBUG o.s.b.f.s.DefaultListableBeanFactory [main] - Autowiring by type from bean name 'requestMappingHandlerMapping' via factory method to bean named 'mvcResourceUrlProvider'
2026-01-22 16:13:40 DEBUG _.s.w.s.HandlerMapping.Mappings [main] - 
	c.k.v.e.BhfExcute:
	{POST [/branches/saveBrancheUsers]}: saveBhfUser(BhfUserSaveReq)
	{POST [/branches/saveBrancheInsurances]}: saveBhfInsurance(BhfInsuranceSaveReq)
	{POST [/branches/selectBranches]}: selectBhfbList(BhfReq)
	{POST [/branches/saveBrancheCustomers]}: saveBhfCustomer(BhfCustSaveReq)
2026-01-22 16:13:40 DEBUG _.s.w.s.HandlerMapping.Mappings [main] - 
	c.k.v.e.CodeExcute:
	{POST [/code/selectCodes]}: selectCodeList(CodeReq)
2026-01-22 16:13:40 DEBUG _.s.w.s.HandlerMapping.Mappings [main] - 
	c.k.v.e.CustomerExcute:
	{POST [/customers/selectCustomer]}: selectCustomer(CustReq)
2026-01-22 16:13:40 DEBUG _.s.w.s.HandlerMapping.Mappings [main] - 
	c.k.v.e.ImportItemExcute:
	{POST [/imports/selectImportItems]}: selectImportItemList(ImportItemReq)
	{POST [/imports/updateImportItems]}: updateImportItem(ImportItemUpdateReq)
2026-01-22 16:13:40 DEBUG _.s.w.s.HandlerMapping.Mappings [main] - 
	c.k.v.e.InitializeVsdcExcute:
	{POST [/initializer/selectInitInfo]}: selectInitInfo(InitInfoReq)
	{POST [/initializer/selectSequences]}: selectSequences(InitInfoReq)
	{POST [/initializer/updateSequences]}: updateSequences(InitInfoReq)
2026-01-22 16:13:40 DEBUG _.s.w.s.HandlerMapping.Mappings [main] - 
	c.k.v.e.ItemClsExcute:
	{POST [/itemClass/selectItemsClass]}: selectItemClsList(ItemClsReq)
2026-01-22 16:13:40 DEBUG _.s.w.s.HandlerMapping.Mappings [main] - 
	c.k.v.e.ItemExcute:
	{POST [/items/saveItemComposition]}: saveItemComposition(ItemCompositionSaveReq)
	{POST [/items/saveItems]}: saveItem(ItemSaveReq)
	{POST [/items/selectItems]}: selectItemList(ItemReq)
2026-01-22 16:13:40 DEBUG _.s.w.s.HandlerMapping.Mappings [main] - 
	c.k.v.e.MainExcute:
	{GET [/main/selectServerTime]}: selectServerTime()
2026-01-22 16:13:40 DEBUG _.s.w.s.HandlerMapping.Mappings [main] - 
	c.k.v.e.NoticeExcute:
	{POST [/notices/selectNotices]}: selectNoticeList(NoticeReq)
2026-01-22 16:13:40 DEBUG _.s.w.s.HandlerMapping.Mappings [main] - 
	c.k.v.e.ReportExcute:
	{POST [/reports/saveZReports]}: saveReportZ(ReportZSaveUpdateReq)
	{POST [/reports/checkZReport]}: checkReportZ(ReportZCheckReq)
2026-01-22 16:13:40 DEBUG _.s.w.s.HandlerMapping.Mappings [main] - 
	c.k.v.e.StockIoExcute:
	{POST [/stock/selectStockItems]}: selectStockMoveList(StockMoveReq)
	{POST [/stock/saveStockItems]}: insertStockIO(StockIoSaveReq)
2026-01-22 16:13:40 DEBUG _.s.w.s.HandlerMapping.Mappings [main] - 
	c.k.v.e.StockMasterExcute:
	{POST [/stockMaster/saveStockMaster]}: saveStockMaster(StockMasterSaveReq)
2026-01-22 16:13:40 DEBUG _.s.w.s.HandlerMapping.Mappings [main] - 
	c.k.v.e.TestExcute:
	{POST [/test/echoTest]}: selectTestEcho(TestEchoReq)
2026-01-22 16:13:40 DEBUG _.s.w.s.HandlerMapping.Mappings [main] - 
	c.k.v.e.TrnsPurchaseExcute:
	{POST [/trnsPurchase/selectTrnsPurchaseSales]}: selectTrnsPurchaseSalesList(TrnsPurchaseSalesReq)
	{POST [/trnsPurchase/savePurchases]}: saveTrnsPurchase(TrnsPurchaseSaveReq)
2026-01-22 16:13:40 DEBUG _.s.w.s.HandlerMapping.Mappings [main] - 
	c.k.v.e.TrnsSalesExcute:
	{POST [/trnsSales/selectTrnsSalesList]}: selectTrnsSalesList(TrnsPurchaseSalesReq)
	{POST [/trnsSales/selectInvoiceDetails]}: selectInvoiceDetails(InvoiceDetailsReq)
	{POST [/trnsSales/saveSales]}: saveTrnsSales(TrnsSalesSaveWrReq)
2026-01-22 16:13:40 DEBUG _.s.w.s.HandlerMapping.Mappings [main] - 
	o.s.b.a.w.s.e.BasicErrorController:
	{ [/error]}: error(HttpServletRequest)
	{ [/error], produces [text/html]}: errorHtml(HttpServletRequest,HttpServletResponse)
2026-01-22 16:13:40 DEBUG o.s.w.s.m.m.a.RequestMappingHandlerMapping [main] - 30 mappings in 'requestMappingHandlerMapping'
2026-01-22 16:13:40 DEBUG o.s.b.f.s.DefaultListableBeanFactory [main] - Creating shared instance of singleton bean 'mvcPatternParser'
2026-01-22 16:13:40 DEBUG o.s.b.f.s.DefaultListableBeanFactory [main] - Creating shared instance of singleton bean 'mvcUrlPathHelper'
2026-01-22 16:13:40 DEBUG o.s.b.f.s.DefaultListableBeanFactory [main] - Creating shared instance of singleton bean 'mvcPathMatcher'
2026-01-22 16:13:40 DEBUG o.s.b.f.s.DefaultListableBeanFactory [main] - Creating shared instance of singleton bean 'viewControllerHandlerMapping'
2026-01-22 16:13:40 DEBUG o.s.b.f.s.DefaultListableBeanFactory [main] - Autowiring by type from bean name 'viewControllerHandlerMapping' via factory method to bean named 'mvcConversionService'
2026-01-22 16:13:40 DEBUG o.s.b.f.s.DefaultListableBeanFactory [main] - Autowiring by type from bean name 'viewControllerHandlerMapping' via factory method to bean named 'mvcResourceUrlProvider'
2026-01-22 16:13:40 DEBUG o.s.b.f.s.DefaultListableBeanFactory [main] - Creating shared instance of singleton bean 'beanNameHandlerMapping'
2026-01-22 16:13:40 DEBUG o.s.b.f.s.DefaultListableBeanFactory [main] - Autowiring by type from bean name 'beanNameHandlerMapping' via factory method to bean named 'mvcConversionService'
2026-01-22 16:13:40 DEBUG o.s.b.f.s.DefaultListableBeanFactory [main] - Autowiring by type from bean name 'beanNameHandlerMapping' via factory method to bean named 'mvcResourceUrlProvider'
2026-01-22 16:13:40 DEBUG _.s.w.s.HandlerMapping.Mappings [main] - 'beanNameHandlerMapping' {}
2026-01-22 16:13:40 DEBUG o.s.b.f.s.DefaultListableBeanFactory [main] - Creating shared instance of singleton bean 'routerFunctionMapping'
2026-01-22 16:13:40 DEBUG o.s.b.f.s.DefaultListableBeanFactory [main] - Autowiring by type from bean name 'routerFunctionMapping' via factory method to bean named 'mvcConversionService'
2026-01-22 16:13:40 DEBUG o.s.b.f.s.DefaultListableBeanFactory [main] - Autowiring by type from bean name 'routerFunctionMapping' via factory method to bean named 'mvcResourceUrlProvider'
2026-01-22 16:13:40 DEBUG o.s.b.f.s.DefaultListableBeanFactory [main] - Creating shared instance of singleton bean 'messageConverters'
2026-01-22 16:13:40 DEBUG o.s.b.f.s.DefaultListableBeanFactory [main] - Creating shared instance of singleton bean 'org.springframework.boot.autoconfigure.http.HttpMessageConvertersAutoConfiguration'
2026-01-22 16:13:40 DEBUG o.s.b.f.s.DefaultListableBeanFactory [main] - Creating shared instance of singleton bean 'stringHttpMessageConverter'
2026-01-22 16:13:40 DEBUG o.s.b.f.s.DefaultListableBeanFactory [main] - Creating shared instance of singleton bean 'org.springframework.boot.autoconfigure.http.HttpMessageConvertersAutoConfiguration$StringHttpMessageConverterConfiguration'
2026-01-22 16:13:40 DEBUG o.s.b.f.s.DefaultListableBeanFactory [main] - Autowiring by type from bean name 'stringHttpMessageConverter' via factory method to bean named 'environment'
2026-01-22 16:13:40 DEBUG o.s.b.f.s.DefaultListableBeanFactory [main] - Creating shared instance of singleton bean 'mappingJackson2HttpMessageConverter'
2026-01-22 16:13:40 DEBUG o.s.b.f.s.DefaultListableBeanFactory [main] - Creating shared instance of singleton bean 'org.springframework.boot.autoconfigure.http.JacksonHttpMessageConvertersConfiguration$MappingJackson2HttpMessageConverterConfiguration'
2026-01-22 16:13:40 DEBUG o.s.b.f.s.DefaultListableBeanFactory [main] - Autowiring by type from bean name 'mappingJackson2HttpMessageConverter' via factory method to bean named 'jacksonObjectMapper'
2026-01-22 16:13:40 DEBUG o.s.b.f.s.DefaultListableBeanFactory [main] - Creating shared instance of singleton bean 'jacksonHttpMessageConverter'
2026-01-22 16:13:40 DEBUG o.s.b.f.s.DefaultListableBeanFactory [main] - Autowiring by type from bean name 'jacksonHttpMessageConverter' via factory method to bean named 'repositoryRestConfiguration'
2026-01-22 16:13:40 DEBUG o.s.b.f.s.DefaultListableBeanFactory [main] - Creating shared instance of singleton bean 'linkCollector'
2026-01-22 16:13:40 DEBUG o.s.b.f.s.DefaultListableBeanFactory [main] - Creating shared instance of singleton bean 'selfLinkProvider'
2026-01-22 16:13:40 DEBUG o.s.b.f.s.DefaultListableBeanFactory [main] - Autowiring by type from bean name 'linkCollector' via factory method to bean named 'persistentEntities'
2026-01-22 16:13:40 DEBUG o.s.b.f.s.DefaultListableBeanFactory [main] - Autowiring by type from bean name 'linkCollector' via factory method to bean named 'selfLinkProvider'
2026-01-22 16:13:40 DEBUG o.s.b.f.s.DefaultListableBeanFactory [main] - Autowiring by type from bean name 'linkCollector' via factory method to bean named 'associationLinks'
2026-01-22 16:13:40 DEBUG o.s.b.f.s.DefaultListableBeanFactory [main] - Creating shared instance of singleton bean 'excerptProjector'
2026-01-22 16:13:40 DEBUG o.s.b.f.s.DefaultListableBeanFactory [main] - Autowiring by type from bean name 'excerptProjector' via factory method to bean named 'resourceMappings'
2026-01-22 16:13:40 DEBUG o.s.b.f.s.DefaultListableBeanFactory [main] - Creating shared instance of singleton bean 'representationModelProcessorInvoker'
2026-01-22 16:13:40 DEBUG o.s.b.f.s.DefaultListableBeanFactory [main] - Creating shared instance of singleton bean 'profileResourceProcessor'
2026-01-22 16:13:40 DEBUG o.s.b.f.s.DefaultListableBeanFactory [main] - Autowiring by type from bean name 'profileResourceProcessor' via factory method to bean named 'repositoryRestConfiguration'
2026-01-22 16:13:40 DEBUG o.s.b.f.s.DefaultListableBeanFactory [main] - Autowiring by type from bean name 'representationModelProcessorInvoker' via factory method to bean named 'profileResourceProcessor'
2026-01-22 16:13:40 DEBUG o.s.b.f.s.DefaultListableBeanFactory [main] - Creating shared instance of singleton bean 'halJacksonHttpMessageConverter'
2026-01-22 16:13:40 DEBUG o.s.b.f.s.DefaultListableBeanFactory [main] - Autowiring by type from bean name 'halJacksonHttpMessageConverter' via factory method to bean named 'linkCollector'
2026-01-22 16:13:40 DEBUG o.s.b.f.s.DefaultListableBeanFactory [main] - Autowiring by type from bean name 'halJacksonHttpMessageConverter' via factory method to bean named 'repositoryRestConfiguration'
2026-01-22 16:13:40 DEBUG o.s.b.f.s.DefaultListableBeanFactory [main] - Creating shared instance of singleton bean 'halFormsJacksonHttpMessageConverter'
2026-01-22 16:13:40 DEBUG o.s.b.f.s.DefaultListableBeanFactory [main] - Autowiring by type from bean name 'halFormsJacksonHttpMessageConverter' via factory method to bean named 'linkCollector'
2026-01-22 16:13:40 DEBUG o.s.b.f.s.DefaultListableBeanFactory [main] - Creating shared instance of singleton bean 'uriListHttpMessageConverter'
2026-01-22 16:13:40 DEBUG o.s.b.f.s.DefaultListableBeanFactory [main] - Creating shared instance of singleton bean 'alpsJsonHttpMessageConverter'
2026-01-22 16:13:40 DEBUG o.s.b.f.s.DefaultListableBeanFactory [main] - Creating shared instance of singleton bean 'alpsConverter'
2026-01-22 16:13:40 DEBUG o.s.b.f.s.DefaultListableBeanFactory [main] - Creating shared instance of singleton bean 'enumTranslator'
2026-01-22 16:13:40 DEBUG o.s.b.f.s.DefaultListableBeanFactory [main] - Autowiring by type from bean name 'enumTranslator' via factory method to bean named 'messageResolver'
2026-01-22 16:13:40 DEBUG o.s.b.f.s.DefaultListableBeanFactory [main] - Autowiring by type from bean name 'alpsConverter' via factory method to bean named 'repositories'
2026-01-22 16:13:40 DEBUG o.s.b.f.s.DefaultListableBeanFactory [main] - Autowiring by type from bean name 'alpsConverter' via factory method to bean named 'persistentEntities'
2026-01-22 16:13:40 DEBUG o.s.b.f.s.DefaultListableBeanFactory [main] - Autowiring by type from bean name 'alpsConverter' via factory method to bean named 'entityLinks'
2026-01-22 16:13:40 DEBUG o.s.b.f.s.DefaultListableBeanFactory [main] - Autowiring by type from bean name 'alpsConverter' via factory method to bean named 'enumTranslator'
2026-01-22 16:13:40 DEBUG o.s.b.f.s.DefaultListableBeanFactory [main] - Autowiring by type from bean name 'alpsConverter' via factory method to bean named 'associationLinks'
2026-01-22 16:13:40 DEBUG o.s.b.f.s.DefaultListableBeanFactory [main] - Autowiring by type from bean name 'alpsConverter' via factory method to bean named 'repositoryRestConfiguration'
2026-01-22 16:13:40 DEBUG o.s.b.f.s.DefaultListableBeanFactory [main] - Autowiring by type from bean name 'alpsJsonHttpMessageConverter' via factory method to bean named 'alpsConverter'
2026-01-22 16:13:40 DEBUG o.s.b.f.s.DefaultListableBeanFactory [main] - Creating shared instance of singleton bean 'resourceHandlerMapping'
2026-01-22 16:13:40 DEBUG o.s.b.f.s.DefaultListableBeanFactory [main] - Autowiring by type from bean name 'resourceHandlerMapping' via factory method to bean named 'mvcContentNegotiationManager'
2026-01-22 16:13:40 DEBUG o.s.b.f.s.DefaultListableBeanFactory [main] - Autowiring by type from bean name 'resourceHandlerMapping' via factory method to bean named 'mvcConversionService'
2026-01-22 16:13:40 DEBUG o.s.b.f.s.DefaultListableBeanFactory [main] - Autowiring by type from bean name 'resourceHandlerMapping' via factory method to bean named 'mvcResourceUrlProvider'
2026-01-22 16:13:40 DEBUG _.s.w.s.HandlerMapping.Mappings [main] - 'resourceHandlerMapping' {/webjars/**=ResourceHttpRequestHandler [classpath [META-INF/resources/webjars/]], /**=ResourceHttpRequestHandler [classpath [META-INF/resources/], classpath [resources/], classpath [static/], classpath [public/], ServletContext [/]]}
2026-01-22 16:13:40 DEBUG o.s.b.f.s.DefaultListableBeanFactory [main] - Creating shared instance of singleton bean 'defaultServletHandlerMapping'
2026-01-22 16:13:40 DEBUG o.s.b.f.s.DefaultListableBeanFactory [main] - Creating shared instance of singleton bean 'requestMappingHandlerAdapter'
2026-01-22 16:13:40 DEBUG o.s.b.f.s.DefaultListableBeanFactory [main] - Autowiring by type from bean name 'requestMappingHandlerAdapter' via factory method to bean named 'mvcContentNegotiationManager'
2026-01-22 16:13:40 DEBUG o.s.b.f.s.DefaultListableBeanFactory [main] - Autowiring by type from bean name 'requestMappingHandlerAdapter' via factory method to bean named 'mvcConversionService'
2026-01-22 16:13:40 DEBUG o.s.b.f.s.DefaultListableBeanFactory [main] - Autowiring by type from bean name 'requestMappingHandlerAdapter' via factory method to bean named 'mvcValidator'
2026-01-22 16:13:40 DEBUG o.s.b.f.s.DefaultListableBeanFactory [main] - Creating shared instance of singleton bean 'sortResolver'
2026-01-22 16:13:40 DEBUG o.s.b.f.s.DefaultListableBeanFactory [main] - Creating shared instance of singleton bean 'pageableResolver'
2026-01-22 16:13:40 DEBUG o.s.b.f.s.DefaultListableBeanFactory [main] - Creating shared instance of singleton bean 'pagedResourcesAssemblerArgumentResolver'
2026-01-22 16:13:40 DEBUG o.s.b.f.s.DefaultListableBeanFactory [main] - Creating shared instance of singleton bean 'slicedResourcesAssemblerArgumentResolver'
2026-01-22 16:13:40 DEBUG o.s.b.f.s.DefaultListableBeanFactory [main] - Creating shared instance of singleton bean 'applicationTaskExecutor'
2026-01-22 16:13:40 DEBUG o.s.b.f.s.DefaultListableBeanFactory [main] - Autowiring by type from bean name 'applicationTaskExecutor' via factory method to bean named 'taskExecutorBuilder'
2026-01-22 16:13:40 DEBUG o.s.s.c.ThreadPoolTaskExecutor [main] - Initializing ExecutorService 'applicationTaskExecutor'
2026-01-22 16:13:40 DEBUG o.s.w.s.m.m.a.RequestMappingHandlerAdapter [main] - ControllerAdvice beans: 0 @ModelAttribute, 0 @InitBinder, 1 RequestBodyAdvice, 1 ResponseBodyAdvice
2026-01-22 16:13:40 DEBUG o.s.b.f.s.DefaultListableBeanFactory [main] - Creating shared instance of singleton bean 'handlerFunctionAdapter'
2026-01-22 16:13:40 DEBUG o.s.b.f.s.DefaultListableBeanFactory [main] - Creating shared instance of singleton bean 'mvcUriComponentsContributor'
2026-01-22 16:13:40 DEBUG o.s.b.f.s.DefaultListableBeanFactory [main] - Autowiring by type from bean name 'mvcUriComponentsContributor' via factory method to bean named 'mvcConversionService'
2026-01-22 16:13:40 DEBUG o.s.b.f.s.DefaultListableBeanFactory [main] - Autowiring by type from bean name 'mvcUriComponentsContributor' via factory method to bean named 'requestMappingHandlerAdapter'
2026-01-22 16:13:40 DEBUG o.s.b.f.s.DefaultListableBeanFactory [main] - Creating shared instance of singleton bean 'httpRequestHandlerAdapter'
2026-01-22 16:13:40 DEBUG o.s.b.f.s.DefaultListableBeanFactory [main] - Creating shared instance of singleton bean 'simpleControllerHandlerAdapter'
2026-01-22 16:13:40 DEBUG o.s.b.f.s.DefaultListableBeanFactory [main] - Creating shared instance of singleton bean 'handlerExceptionResolver'
2026-01-22 16:13:40 DEBUG o.s.b.f.s.DefaultListableBeanFactory [main] - Autowiring by type from bean name 'handlerExceptionResolver' via factory method to bean named 'mvcContentNegotiationManager'
2026-01-22 16:13:40 DEBUG o.s.w.s.m.m.a.ExceptionHandlerExceptionResolver [main] - ControllerAdvice beans: 1 @ExceptionHandler, 1 ResponseBodyAdvice
2026-01-22 16:13:40 DEBUG o.s.b.f.s.DefaultListableBeanFactory [main] - Creating shared instance of singleton bean 'persistentEntityArgumentResolver'
2026-01-22 16:13:40 DEBUG o.s.b.f.s.DefaultListableBeanFactory [main] - Creating shared instance of singleton bean 'defaultMessageConverters'
2026-01-22 16:13:40 DEBUG o.s.b.f.s.DefaultListableBeanFactory [main] - Autowiring by type from bean name 'defaultMessageConverters' via factory method to bean named 'jacksonHttpMessageConverter'
2026-01-22 16:13:40 DEBUG o.s.b.f.s.DefaultListableBeanFactory [main] - Autowiring by type from bean name 'defaultMessageConverters' via factory method to bean named 'halJacksonHttpMessageConverter'
2026-01-22 16:13:40 DEBUG o.s.b.f.s.DefaultListableBeanFactory [main] - Autowiring by type from bean name 'defaultMessageConverters' via factory method to bean named 'halFormsJacksonHttpMessageConverter'
2026-01-22 16:13:40 DEBUG o.s.b.f.s.DefaultListableBeanFactory [main] - Autowiring by type from bean name 'defaultMessageConverters' via factory method to bean named 'alpsJsonHttpMessageConverter'
2026-01-22 16:13:40 DEBUG o.s.b.f.s.DefaultListableBeanFactory [main] - Autowiring by type from bean name 'defaultMessageConverters' via factory method to bean named 'uriListHttpMessageConverter'
2026-01-22 16:13:40 DEBUG o.s.b.f.s.DefaultListableBeanFactory [main] - Autowiring by type from bean name 'defaultMessageConverters' via factory method to bean named 'repositoryRestConfiguration'
2026-01-22 16:13:40 DEBUG o.s.b.f.s.DefaultListableBeanFactory [main] - Creating shared instance of singleton bean 'repoRequestArgumentResolver'
2026-01-22 16:13:40 DEBUG o.s.b.f.s.DefaultListableBeanFactory [main] - Creating shared instance of singleton bean 'resourceMetadataHandlerMethodArgumentResolver'
2026-01-22 16:13:40 DEBUG o.s.b.f.s.DefaultListableBeanFactory [main] - Creating shared instance of singleton bean 'baseUri'
2026-01-22 16:13:40 DEBUG o.s.b.f.s.DefaultListableBeanFactory [main] - Autowiring by type from bean name 'baseUri' via factory method to bean named 'repositoryRestConfiguration'
2026-01-22 16:13:40 DEBUG o.s.b.f.s.DefaultListableBeanFactory [main] - Autowiring by type from bean name 'resourceMetadataHandlerMethodArgumentResolver' via factory method to bean named 'repositories'
2026-01-22 16:13:40 DEBUG o.s.b.f.s.DefaultListableBeanFactory [main] - Autowiring by type from bean name 'resourceMetadataHandlerMethodArgumentResolver' via factory method to bean named 'resourceMappings'
2026-01-22 16:13:40 DEBUG o.s.b.f.s.DefaultListableBeanFactory [main] - Autowiring by type from bean name 'resourceMetadataHandlerMethodArgumentResolver' via factory method to bean named 'baseUri'
2026-01-22 16:13:40 DEBUG o.s.b.f.s.DefaultListableBeanFactory [main] - Autowiring by type from bean name 'repoRequestArgumentResolver' via factory method to bean named 'repositories'
2026-01-22 16:13:40 DEBUG o.s.b.f.s.DefaultListableBeanFactory [main] - Autowiring by type from bean name 'repoRequestArgumentResolver' via factory method to bean named 'resourceMetadataHandlerMethodArgumentResolver'
2026-01-22 16:13:40 DEBUG o.s.b.f.s.DefaultListableBeanFactory [main] - Autowiring by type from bean name 'repoRequestArgumentResolver' via factory method to bean named 'repositoryInvokerFactory'
2026-01-22 16:13:40 DEBUG o.s.b.f.s.DefaultListableBeanFactory [main] - Creating shared instance of singleton bean 'backendIdHandlerMethodArgumentResolver'
2026-01-22 16:13:40 DEBUG o.s.b.f.s.DefaultListableBeanFactory [main] - Autowiring by type from bean name 'backendIdHandlerMethodArgumentResolver' via factory method to bean named 'backendIdConverterRegistry'
2026-01-22 16:13:40 DEBUG o.s.b.f.s.DefaultListableBeanFactory [main] - Autowiring by type from bean name 'backendIdHandlerMethodArgumentResolver' via factory method to bean named 'resourceMetadataHandlerMethodArgumentResolver'
2026-01-22 16:13:40 DEBUG o.s.b.f.s.DefaultListableBeanFactory [main] - Autowiring by type from bean name 'backendIdHandlerMethodArgumentResolver' via factory method to bean named 'baseUri'
2026-01-22 16:13:40 DEBUG o.s.b.f.s.DefaultListableBeanFactory [main] - Autowiring by type from bean name 'persistentEntityArgumentResolver' via factory method to bean named 'defaultMessageConverters'
2026-01-22 16:13:40 DEBUG o.s.b.f.s.DefaultListableBeanFactory [main] - Autowiring by type from bean name 'persistentEntityArgumentResolver' via factory method to bean named 'repoRequestArgumentResolver'
2026-01-22 16:13:40 DEBUG o.s.b.f.s.DefaultListableBeanFactory [main] - Autowiring by type from bean name 'persistentEntityArgumentResolver' via factory method to bean named 'associationLinks'
2026-01-22 16:13:40 DEBUG o.s.b.f.s.DefaultListableBeanFactory [main] - Autowiring by type from bean name 'persistentEntityArgumentResolver' via factory method to bean named 'backendIdHandlerMethodArgumentResolver'
2026-01-22 16:13:40 DEBUG o.s.b.f.s.DefaultListableBeanFactory [main] - Autowiring by type from bean name 'persistentEntityArgumentResolver' via factory method to bean named 'persistentEntities'
2026-01-22 16:13:40 DEBUG o.s.b.f.s.DefaultListableBeanFactory [main] - Creating shared instance of singleton bean 'persistentEntityResourceAssemblerArgumentResolver'
2026-01-22 16:13:40 DEBUG o.s.b.f.s.DefaultListableBeanFactory [main] - Creating shared instance of singleton bean 'representationModelAssemblersArgumentResolver'
2026-01-22 16:13:40 DEBUG o.s.b.f.s.DefaultListableBeanFactory [main] - Creating shared instance of singleton bean 'pagedResourcesAssembler'
2026-01-22 16:13:40 DEBUG o.s.b.f.s.DefaultListableBeanFactory [main] - Creating shared instance of singleton bean 'slicedResourcesAssembler'
2026-01-22 16:13:40 DEBUG o.s.b.f.s.DefaultListableBeanFactory [main] - Autowiring by type from bean name 'representationModelAssemblersArgumentResolver' via factory method to bean named 'pagedResourcesAssembler'
2026-01-22 16:13:40 DEBUG o.s.b.f.s.DefaultListableBeanFactory [main] - Autowiring by type from bean name 'representationModelAssemblersArgumentResolver' via factory method to bean named 'slicedResourcesAssembler'
2026-01-22 16:13:40 DEBUG o.s.b.f.s.DefaultListableBeanFactory [main] - Autowiring by type from bean name 'representationModelAssemblersArgumentResolver' via factory method to bean named 'persistentEntityResourceAssemblerArgumentResolver'
2026-01-22 16:13:40 DEBUG o.s.b.f.s.DefaultListableBeanFactory [main] - Creating shared instance of singleton bean 'eTagArgumentResolver'
2026-01-22 16:13:40 DEBUG o.s.w.s.m.m.a.ExceptionHandlerExceptionResolver [main] - ControllerAdvice beans: 1 @ExceptionHandler, 0 ResponseBodyAdvice
2026-01-22 16:13:40 DEBUG o.s.b.f.s.DefaultListableBeanFactory [main] - Creating shared instance of singleton bean 'mvcViewResolver'
2026-01-22 16:13:40 DEBUG o.s.b.f.s.DefaultListableBeanFactory [main] - Autowiring by type from bean name 'mvcViewResolver' via factory method to bean named 'mvcContentNegotiationManager'
2026-01-22 16:13:40 DEBUG o.s.b.f.s.DefaultListableBeanFactory [main] - Creating shared instance of singleton bean 'viewNameTranslator'
2026-01-22 16:13:40 DEBUG o.s.b.f.s.DefaultListableBeanFactory [main] - Creating shared instance of singleton bean 'defaultViewResolver'
2026-01-22 16:13:40 DEBUG o.s.b.f.s.DefaultListableBeanFactory [main] - Creating shared instance of singleton bean 'viewResolver'
2026-01-22 16:13:40 DEBUG o.s.b.f.s.DefaultListableBeanFactory [main] - Autowiring by type from bean name 'viewResolver' via factory method to bean named 'org.springframework.beans.factory.support.DefaultListableBeanFactory@5e77f0f4'
2026-01-22 16:13:40 DEBUG o.s.b.f.s.DefaultListableBeanFactory [main] - Creating shared instance of singleton bean 'org.springframework.boot.autoconfigure.amqp.RabbitAutoConfiguration$RabbitTemplateConfiguration'
2026-01-22 16:13:40 DEBUG o.s.b.f.s.DefaultListableBeanFactory [main] - Creating shared instance of singleton bean 'rabbitTemplateConfigurer'
2026-01-22 16:13:40 DEBUG o.s.b.f.s.DefaultListableBeanFactory [main] - Autowiring by type from bean name 'rabbitTemplateConfigurer' via factory method to bean named 'spring.rabbitmq-org.springframework.boot.autoconfigure.amqp.RabbitProperties'
2026-01-22 16:13:40 DEBUG o.s.b.f.s.DefaultListableBeanFactory [main] - Creating shared instance of singleton bean 'rabbitTemplate'
2026-01-22 16:13:40 DEBUG o.s.b.f.s.DefaultListableBeanFactory [main] - Autowiring by type from bean name 'rabbitTemplate' via factory method to bean named 'rabbitTemplateConfigurer'
2026-01-22 16:13:40 DEBUG o.s.b.f.s.DefaultListableBeanFactory [main] - Autowiring by type from bean name 'rabbitTemplate' via factory method to bean named 'rabbitConnectionFactory'
2026-01-22 16:13:40 DEBUG o.s.b.f.s.DefaultListableBeanFactory [main] - Creating shared instance of singleton bean 'amqpAdmin'
2026-01-22 16:13:40 DEBUG o.s.b.f.s.DefaultListableBeanFactory [main] - Autowiring by type from bean name 'amqpAdmin' via factory method to bean named 'rabbitConnectionFactory'
2026-01-22 16:13:40 DEBUG o.s.b.f.s.DefaultListableBeanFactory [main] - Creating shared instance of singleton bean 'org.springframework.boot.autoconfigure.amqp.RabbitAutoConfiguration$MessagingTemplateConfiguration'
2026-01-22 16:13:40 DEBUG o.s.b.f.s.DefaultListableBeanFactory [main] - Creating shared instance of singleton bean 'rabbitMessagingTemplate'
2026-01-22 16:13:40 DEBUG o.s.b.f.s.DefaultListableBeanFactory [main] - Autowiring by type from bean name 'rabbitMessagingTemplate' via factory method to bean named 'rabbitTemplate'
2026-01-22 16:13:41 DEBUG o.s.b.f.s.DefaultListableBeanFactory [main] - Creating shared instance of singleton bean 'org.springframework.boot.autoconfigure.amqp.RabbitAnnotationDrivenConfiguration$EnableRabbitConfiguration'
2026-01-22 16:13:41 DEBUG o.s.b.f.s.DefaultListableBeanFactory [main] - Creating shared instance of singleton bean 'org.springframework.amqp.rabbit.config.internalRabbitListenerEndpointRegistry'
2026-01-22 16:13:41 DEBUG o.s.b.f.s.DefaultListableBeanFactory [main] - Creating shared instance of singleton bean 'org.springframework.boot.autoconfigure.amqp.RabbitAnnotationDrivenConfiguration'
2026-01-22 16:13:41 DEBUG o.s.b.f.s.DefaultListableBeanFactory [main] - Autowiring by type from bean name 'org.springframework.boot.autoconfigure.amqp.RabbitAnnotationDrivenConfiguration' via constructor to bean named 'spring.rabbitmq-org.springframework.boot.autoconfigure.amqp.RabbitProperties'
2026-01-22 16:13:41 DEBUG o.s.b.f.s.DefaultListableBeanFactory [main] - Creating shared instance of singleton bean 'simpleRabbitListenerContainerFactoryConfigurer'
2026-01-22 16:13:41 DEBUG o.s.b.f.s.DefaultListableBeanFactory [main] - Creating shared instance of singleton bean 'rabbitListenerContainerFactory'
2026-01-22 16:13:41 DEBUG o.s.b.f.s.DefaultListableBeanFactory [main] - Autowiring by type from bean name 'rabbitListenerContainerFactory' via factory method to bean named 'simpleRabbitListenerContainerFactoryConfigurer'
2026-01-22 16:13:41 DEBUG o.s.b.f.s.DefaultListableBeanFactory [main] - Autowiring by type from bean name 'rabbitListenerContainerFactory' via factory method to bean named 'rabbitConnectionFactory'
2026-01-22 16:13:41 DEBUG o.s.b.f.s.DefaultListableBeanFactory [main] - Creating shared instance of singleton bean 'directRabbitListenerContainerFactoryConfigurer'
2026-01-22 16:13:41 DEBUG o.s.b.f.s.DefaultListableBeanFactory [main] - Creating shared instance of singleton bean 'org.springframework.boot.autoconfigure.amqp.RabbitAutoConfiguration'
2026-01-22 16:13:41 DEBUG o.s.b.f.s.DefaultListableBeanFactory [main] - Creating shared instance of singleton bean 'org.springframework.boot.autoconfigure.aop.AopAutoConfiguration$AspectJAutoProxyingConfiguration$CglibAutoProxyConfiguration'
2026-01-22 16:13:41 DEBUG o.s.b.f.s.DefaultListableBeanFactory [main] - Creating shared instance of singleton bean 'org.springframework.boot.autoconfigure.aop.AopAutoConfiguration$AspectJAutoProxyingConfiguration'
2026-01-22 16:13:41 DEBUG o.s.b.f.s.DefaultListableBeanFactory [main] - Creating shared instance of singleton bean 'org.springframework.boot.autoconfigure.aop.AopAutoConfiguration'
2026-01-22 16:13:41 DEBUG o.s.b.f.s.DefaultListableBeanFactory [main] - Creating shared instance of singleton bean 'org.springframework.boot.autoconfigure.availability.ApplicationAvailabilityAutoConfiguration'
2026-01-22 16:13:41 DEBUG o.s.b.f.s.DefaultListableBeanFactory [main] - Creating shared instance of singleton bean 'applicationAvailability'
2026-01-22 16:13:41 DEBUG o.s.b.f.s.DefaultListableBeanFactory [main] - Creating shared instance of singleton bean 'org.springframework.boot.autoconfigure.transaction.jta.JtaAutoConfiguration'
2026-01-22 16:13:41 DEBUG o.s.b.f.s.DefaultListableBeanFactory [main] - Creating shared instance of singleton bean 'org.springframework.boot.autoconfigure.jdbc.DataSourceJmxConfiguration$Hikari'
2026-01-22 16:13:41 DEBUG o.s.b.f.s.DefaultListableBeanFactory [main] - Autowiring by type from bean name 'org.springframework.boot.autoconfigure.jdbc.DataSourceJmxConfiguration$Hikari' via constructor to bean named 'dataSource'
2026-01-22 16:13:41 DEBUG o.s.b.f.s.DefaultListableBeanFactory [main] - Creating shared instance of singleton bean 'org.springframework.boot.autoconfigure.jdbc.DataSourceJmxConfiguration'
2026-01-22 16:13:41 DEBUG o.s.b.f.s.DefaultListableBeanFactory [main] - Creating shared instance of singleton bean 'org.springframework.boot.autoconfigure.jdbc.metadata.DataSourcePoolMetadataProvidersConfiguration'
2026-01-22 16:13:41 DEBUG o.s.b.f.s.DefaultListableBeanFactory [main] - Creating shared instance of singleton bean 'org.springframework.boot.autoconfigure.jdbc.DataSourceAutoConfiguration'
2026-01-22 16:13:41 DEBUG o.s.b.f.s.DefaultListableBeanFactory [main] - Creating shared instance of singleton bean 'org.springframework.boot.autoconfigure.transaction.TransactionManagerCustomizationAutoConfiguration'
2026-01-22 16:13:41 DEBUG o.s.b.f.s.DefaultListableBeanFactory [main] - Creating shared instance of singleton bean 'platformTransactionManagerCustomizers'
2026-01-22 16:13:41 DEBUG o.s.b.f.s.DefaultListableBeanFactory [main] - Creating shared instance of singleton bean 'transactionExecutionListeners'
2026-01-22 16:13:41 DEBUG o.s.b.f.s.DefaultListableBeanFactory [main] - Creating shared instance of singleton bean 'spring.transaction-org.springframework.boot.autoconfigure.transaction.TransactionProperties'
2026-01-22 16:13:41 DEBUG o.s.b.f.s.DefaultListableBeanFactory [main] - Creating shared instance of singleton bean 'org.springframework.boot.autoconfigure.orm.jpa.JpaBaseConfiguration$PersistenceManagedTypesConfiguration'
2026-01-22 16:13:41 DEBUG o.s.b.f.s.DefaultListableBeanFactory [main] - Creating shared instance of singleton bean 'transactionManager'
2026-01-22 16:13:41 DEBUG o.s.b.f.s.DefaultListableBeanFactory [main] - Creating shared instance of singleton bean 'org.springframework.boot.autoconfigure.orm.jpa.HibernateJpaAutoConfiguration'
2026-01-22 16:13:41 DEBUG o.s.b.f.s.DefaultListableBeanFactory [main] - Creating shared instance of singleton bean 'org.springframework.boot.autoconfigure.context.ConfigurationPropertiesAutoConfiguration'
2026-01-22 16:13:41 DEBUG o.s.b.f.s.DefaultListableBeanFactory [main] - Creating shared instance of singleton bean 'org.springframework.boot.autoconfigure.context.LifecycleAutoConfiguration'
2026-01-22 16:13:41 DEBUG o.s.b.f.s.DefaultListableBeanFactory [main] - Creating shared instance of singleton bean 'lifecycleProcessor'
2026-01-22 16:13:41 DEBUG o.s.b.f.s.DefaultListableBeanFactory [main] - Creating shared instance of singleton bean 'spring.lifecycle-org.springframework.boot.autoconfigure.context.LifecycleProperties'
2026-01-22 16:13:41 DEBUG o.s.b.f.s.DefaultListableBeanFactory [main] - Autowiring by type from bean name 'lifecycleProcessor' via factory method to bean named 'spring.lifecycle-org.springframework.boot.autoconfigure.context.LifecycleProperties'
2026-01-22 16:13:41 DEBUG o.s.b.f.s.DefaultListableBeanFactory [main] - Creating shared instance of singleton bean 'org.springframework.boot.autoconfigure.dao.PersistenceExceptionTranslationAutoConfiguration'
2026-01-22 16:13:41 DEBUG o.s.b.f.s.DefaultListableBeanFactory [main] - Creating shared instance of singleton bean 'org.springframework.boot.autoconfigure.data.jpa.JpaRepositoriesAutoConfiguration'
2026-01-22 16:13:41 DEBUG o.s.b.f.s.DefaultListableBeanFactory [main] - Creating shared instance of singleton bean 'org.springframework.data.jpa.util.JpaMetamodelCacheCleanup'
2026-01-22 16:13:41 DEBUG o.s.b.f.s.DefaultListableBeanFactory [main] - Creating shared instance of singleton bean 'org.springframework.data.jpa.repository.support.JpaEvaluationContextExtension'
2026-01-22 16:13:41 DEBUG o.s.b.f.s.DefaultListableBeanFactory [main] - Creating shared instance of singleton bean 'data-jpa.repository-aot-processor#0'
2026-01-22 16:13:41 DEBUG o.s.b.f.s.DefaultListableBeanFactory [main] - Creating shared instance of singleton bean 'org.springframework.boot.autoconfigure.gson.GsonAutoConfiguration'
2026-01-22 16:13:41 DEBUG o.s.b.f.s.DefaultListableBeanFactory [main] - Creating shared instance of singleton bean 'gsonBuilder'
2026-01-22 16:13:41 DEBUG o.s.b.f.s.DefaultListableBeanFactory [main] - Creating shared instance of singleton bean 'standardGsonBuilderCustomizer'
2026-01-22 16:13:41 DEBUG o.s.b.f.s.DefaultListableBeanFactory [main] - Creating shared instance of singleton bean 'spring.gson-org.springframework.boot.autoconfigure.gson.GsonProperties'
2026-01-22 16:13:41 DEBUG o.s.b.f.s.DefaultListableBeanFactory [main] - Autowiring by type from bean name 'standardGsonBuilderCustomizer' via factory method to bean named 'spring.gson-org.springframework.boot.autoconfigure.gson.GsonProperties'
2026-01-22 16:13:41 DEBUG o.s.b.f.s.DefaultListableBeanFactory [main] - Autowiring by type from bean name 'gsonBuilder' via factory method to bean named 'standardGsonBuilderCustomizer'
2026-01-22 16:13:41 DEBUG o.s.b.f.s.DefaultListableBeanFactory [main] - Creating shared instance of singleton bean 'gson'
2026-01-22 16:13:41 DEBUG o.s.b.f.s.DefaultListableBeanFactory [main] - Autowiring by type from bean name 'gson' via factory method to bean named 'gsonBuilder'
2026-01-22 16:13:41 DEBUG o.s.b.f.s.DefaultListableBeanFactory [main] - Creating shared instance of singleton bean 'org.springframework.boot.autoconfigure.http.JacksonHttpMessageConvertersConfiguration'
2026-01-22 16:13:41 DEBUG o.s.b.f.s.DefaultListableBeanFactory [main] - Creating shared instance of singleton bean 'org.springframework.boot.autoconfigure.http.GsonHttpMessageConvertersConfiguration'
2026-01-22 16:13:41 DEBUG o.s.b.f.s.DefaultListableBeanFactory [main] - Creating shared instance of singleton bean 'halLinkDisocoverer'
2026-01-22 16:13:41 DEBUG o.s.b.f.s.DefaultListableBeanFactory [main] - Creating shared instance of singleton bean 'halFormsLinkDiscoverer'
2026-01-22 16:13:41 DEBUG o.s.b.f.s.DefaultListableBeanFactory [main] - Creating shared instance of singleton bean 'halFormsTemplatePropertyWriter'
2026-01-22 16:13:41 DEBUG o.s.b.f.s.DefaultListableBeanFactory [main] - Creating shared instance of singleton bean 'org.springframework.hateoas.config.WebTestHateoasConfiguration'
2026-01-22 16:13:41 DEBUG o.s.b.f.s.DefaultListableBeanFactory [main] - Creating shared instance of singleton bean 'defaultRelProvider'
2026-01-22 16:13:41 DEBUG o.s.b.f.s.DefaultListableBeanFactory [main] - Creating shared instance of singleton bean 'annotationRelProvider'
2026-01-22 16:13:41 DEBUG o.s.b.f.s.DefaultListableBeanFactory [main] - Creating shared instance of singleton bean 'linkDiscoverers'
2026-01-22 16:13:41 DEBUG o.s.b.f.s.DefaultListableBeanFactory [main] - Creating shared instance of singleton bean 'linkDiscovererRegistry'
2026-01-22 16:13:41 DEBUG o.s.b.f.s.DefaultListableBeanFactory [main] - Autowiring by type from bean name 'linkDiscoverers' via factory method to bean named 'linkDiscovererRegistry'
2026-01-22 16:13:41 DEBUG o.s.b.f.s.DefaultListableBeanFactory [main] - Creating shared instance of singleton bean 'org.springframework.hateoas.config.WebMvcEntityLinksConfiguration'
2026-01-22 16:13:41 DEBUG o.s.b.f.s.DefaultListableBeanFactory [main] - Creating shared instance of singleton bean 'webMvcEntityLinks'
2026-01-22 16:13:41 DEBUG o.s.b.f.s.DefaultListableBeanFactory [main] - Creating shared instance of singleton bean 'webMvcLinkBuilderFactory'
2026-01-22 16:13:41 DEBUG o.s.b.f.s.DefaultListableBeanFactory [main] - Creating shared instance of singleton bean 'entityLinksPluginRegistry'
2026-01-22 16:13:41 DEBUG o.s.b.f.s.DefaultListableBeanFactory [main] - Autowiring by type from bean name 'entityLinksPluginRegistry' via factory method to bean named 'org.springframework.boot.web.servlet.context.AnnotationConfigServletWebServerApplicationContext@aa549e5'
2026-01-22 16:13:41 DEBUG o.s.b.f.s.DefaultListableBeanFactory [main] - Creating shared instance of singleton bean 'delegatingEntityLinks'
2026-01-22 16:13:41 DEBUG o.s.b.f.s.DefaultListableBeanFactory [main] - Autowiring by type from bean name 'delegatingEntityLinks' via factory method to bean named 'entityLinksPluginRegistry'
2026-01-22 16:13:41 DEBUG o.s.b.f.s.DefaultListableBeanFactory [main] - Creating shared instance of singleton bean 'org.springframework.hateoas.config.RestTemplateHateoasConfiguration'
2026-01-22 16:13:41 DEBUG o.s.b.f.s.DefaultListableBeanFactory [main] - Creating shared instance of singleton bean 'org.springframework.hateoas.config.WebFluxHateoasConfiguration'
2026-01-22 16:13:41 DEBUG o.s.b.f.s.DefaultListableBeanFactory [main] - Creating shared instance of singleton bean 'hypermediaWebFluxConfigurer'
2026-01-22 16:13:41 DEBUG o.s.b.f.s.DefaultListableBeanFactory [main] - Autowiring by type from bean name 'hypermediaWebFluxConfigurer' via factory method to bean named 'org.springframework.hateoas.mediatype.hal.HalMediaTypeConfiguration'
2026-01-22 16:13:41 DEBUG o.s.b.f.s.DefaultListableBeanFactory [main] - Autowiring by type from bean name 'hypermediaWebFluxConfigurer' via factory method to bean named 'org.springframework.hateoas.mediatype.hal.forms.HalFormsMediaTypeConfiguration'
2026-01-22 16:13:41 DEBUG o.s.b.f.s.DefaultListableBeanFactory [main] - Creating shared instance of singleton bean 'org.springframework.hateoas.config.WebClientHateoasConfiguration'
2026-01-22 16:13:41 DEBUG o.s.b.f.s.DefaultListableBeanFactory [main] - Creating shared instance of singleton bean 'org.springframework.data.rest.webmvc.RestControllerConfiguration'
2026-01-22 16:13:41 DEBUG o.s.b.f.s.DefaultListableBeanFactory [main] - Autowiring by type from bean name 'org.springframework.data.rest.webmvc.RestControllerConfiguration' via constructor to bean named 'repositoryRestConfiguration'
2026-01-22 16:13:41 DEBUG o.s.b.f.s.DefaultListableBeanFactory [main] - Autowiring by type from bean name 'org.springframework.data.rest.webmvc.RestControllerConfiguration' via constructor to bean named 'resourceMappings'
2026-01-22 16:13:41 DEBUG o.s.b.f.s.DefaultListableBeanFactory [main] - Autowiring by type from bean name 'org.springframework.data.rest.webmvc.RestControllerConfiguration' via constructor to bean named 'repositories'
2026-01-22 16:13:41 DEBUG o.s.b.f.s.DefaultListableBeanFactory [main] - Autowiring by type from bean name 'org.springframework.data.rest.webmvc.RestControllerConfiguration' via constructor to bean named 'entityLinks'
2026-01-22 16:13:41 DEBUG o.s.b.f.s.DefaultListableBeanFactory [main] - Creating shared instance of singleton bean 'repositoryController'
2026-01-22 16:13:41 DEBUG o.s.b.f.s.DefaultListableBeanFactory [main] - Creating shared instance of singleton bean 'repositoryEntityController'
2026-01-22 16:13:41 DEBUG o.s.b.f.s.DefaultListableBeanFactory [main] - Creating shared instance of singleton bean 'httpHeadersPreparer'
2026-01-22 16:13:41 DEBUG o.s.b.f.s.DefaultListableBeanFactory [main] - Creating shared instance of singleton bean 'auditableBeanWrapperFactory'
2026-01-22 16:13:41 DEBUG o.s.b.f.s.DefaultListableBeanFactory [main] - Autowiring by type from bean name 'auditableBeanWrapperFactory' via factory method to bean named 'persistentEntities'
2026-01-22 16:13:41 DEBUG o.s.b.f.s.DefaultListableBeanFactory [main] - Autowiring by type from bean name 'httpHeadersPreparer' via factory method to bean named 'auditableBeanWrapperFactory'
2026-01-22 16:13:41 DEBUG o.s.b.f.s.DefaultListableBeanFactory [main] - Autowiring by type from bean name 'repositoryEntityController' via factory method to bean named 'httpHeadersPreparer'
2026-01-22 16:13:41 DEBUG o.s.b.f.s.DefaultListableBeanFactory [main] - Creating shared instance of singleton bean 'repositoryPropertyReferenceController'
2026-01-22 16:13:41 DEBUG o.s.b.f.s.DefaultListableBeanFactory [main] - Autowiring by type from bean name 'repositoryPropertyReferenceController' via factory method to bean named 'repositoryInvokerFactory'
2026-01-22 16:13:41 DEBUG o.s.b.f.s.DefaultListableBeanFactory [main] - Creating shared instance of singleton bean 'repositorySearchController'
2026-01-22 16:13:41 DEBUG o.s.b.f.s.DefaultListableBeanFactory [main] - Autowiring by type from bean name 'repositorySearchController' via factory method to bean named 'httpHeadersPreparer'
2026-01-22 16:13:41 DEBUG o.s.b.f.s.DefaultListableBeanFactory [main] - Creating shared instance of singleton bean 'repositorySchemaController'
2026-01-22 16:13:41 DEBUG o.s.b.f.s.DefaultListableBeanFactory [main] - Creating shared instance of singleton bean 'jsonSchemaConverter'
2026-01-22 16:13:41 DEBUG o.s.b.f.s.DefaultListableBeanFactory [main] - Autowiring by type from bean name 'repositorySchemaController' via factory method to bean named 'jsonSchemaConverter'
2026-01-22 16:13:41 DEBUG o.s.b.f.s.DefaultListableBeanFactory [main] - Creating shared instance of singleton bean 'alpsController'
2026-01-22 16:13:41 DEBUG o.s.b.f.s.DefaultListableBeanFactory [main] - Creating shared instance of singleton bean 'profileController'
2026-01-22 16:13:41 DEBUG o.s.b.f.s.DefaultListableBeanFactory [main] - Creating shared instance of singleton bean 'repositoryRelProvider'
2026-01-22 16:13:41 DEBUG o.s.b.f.s.DefaultListableBeanFactory [main] - Creating shared instance of singleton bean 'defaultConversionService'
2026-01-22 16:13:41 DEBUG o.s.b.f.s.DefaultListableBeanFactory [main] - Autowiring by type from bean name 'defaultConversionService' via factory method to bean named 'persistentEntities'
2026-01-22 16:13:41 DEBUG o.s.b.f.s.DefaultListableBeanFactory [main] - Autowiring by type from bean name 'defaultConversionService' via factory method to bean named 'repositoryInvokerFactory'
2026-01-22 16:13:41 DEBUG o.s.b.f.s.DefaultListableBeanFactory [main] - Creating shared instance of singleton bean 'validatingRepositoryEventListener'
2026-01-22 16:13:41 DEBUG o.s.b.f.s.DefaultListableBeanFactory [main] - Creating shared instance of singleton bean 'jpaHelper'
2026-01-22 16:13:41 DEBUG o.s.b.f.s.DefaultListableBeanFactory [main] - Creating shared instance of singleton bean 'metadataConfiguration'
2026-01-22 16:13:41 DEBUG o.s.b.f.s.DefaultListableBeanFactory [main] - Creating shared instance of singleton bean 'repositoryExporterHandlerAdapter'
2026-01-22 16:13:41 DEBUG o.s.b.f.s.DefaultListableBeanFactory [main] - Autowiring by type from bean name 'repositoryExporterHandlerAdapter' via factory method to bean named 'defaultMessageConverters'
2026-01-22 16:13:41 DEBUG o.s.b.f.s.DefaultListableBeanFactory [main] - Autowiring by type from bean name 'repositoryExporterHandlerAdapter' via factory method to bean named 'alpsJsonHttpMessageConverter'
2026-01-22 16:13:41 DEBUG o.s.b.f.s.DefaultListableBeanFactory [main] - Autowiring by type from bean name 'repositoryExporterHandlerAdapter' via factory method to bean named 'selfLinkProvider'
2026-01-22 16:13:41 DEBUG o.s.b.f.s.DefaultListableBeanFactory [main] - Autowiring by type from bean name 'repositoryExporterHandlerAdapter' via factory method to bean named 'persistentEntityArgumentResolver'
2026-01-22 16:13:41 DEBUG o.s.b.f.s.DefaultListableBeanFactory [main] - Autowiring by type from bean name 'repositoryExporterHandlerAdapter' via factory method to bean named 'persistentEntityResourceAssemblerArgumentResolver'
2026-01-22 16:13:41 DEBUG o.s.b.f.s.DefaultListableBeanFactory [main] - Autowiring by type from bean name 'repositoryExporterHandlerAdapter' via factory method to bean named 'repoRequestArgumentResolver'
2026-01-22 16:13:41 DEBUG o.s.b.f.s.DefaultListableBeanFactory [main] - Autowiring by type from bean name 'repositoryExporterHandlerAdapter' via factory method to bean named 'repositoryRestConfiguration'
2026-01-22 16:13:41 DEBUG o.s.d.r.w.RepositoryRestHandlerAdapter [main] - ControllerAdvice beans: 0 @ModelAttribute, 0 @InitBinder, 0 RequestBodyAdvice, 2 ResponseBodyAdvice
2026-01-22 16:13:41 DEBUG o.s.b.f.s.DefaultListableBeanFactory [main] - Creating shared instance of singleton bean 'restHandlerMapping'
2026-01-22 16:13:41 DEBUG o.s.b.f.s.DefaultListableBeanFactory [main] - Autowiring by type from bean name 'restHandlerMapping' via factory method to bean named 'repositories'
2026-01-22 16:13:41 DEBUG o.s.b.f.s.DefaultListableBeanFactory [main] - Autowiring by type from bean name 'restHandlerMapping' via factory method to bean named 'resourceMappings'
2026-01-22 16:13:41 DEBUG o.s.b.f.s.DefaultListableBeanFactory [main] - Autowiring by type from bean name 'restHandlerMapping' via factory method to bean named 'repositoryRestConfiguration'
2026-01-22 16:13:41 DEBUG _.s.w.s.HandlerMapping.Mappings [main] - 
	o.s.d.r.w.RepositoryController:
	{GET [/ || ], produces [application/hal+json || application/json || application/prs.hal-forms+json]}: listRepositories()
	{HEAD [/ || ], produces [application/hal+json || application/json || application/prs.hal-forms+json]}: headForRepositories()
	{OPTIONS [/ || ], produces [application/hal+json || application/json || application/prs.hal-forms+json]}: optionsForRepositories()
2026-01-22 16:13:41 DEBUG _.s.w.s.HandlerMapping.Mappings [main] - 
	o.s.d.r.w.RepositoryEntityController:
	{GET [/{repository}/{id}], produces [application/hal+json || application/json || application/prs.hal-forms+json]}: getItemResource(RootResourceInformation,Serializable,PersistentEntityResourceAssembler,HttpHeaders)
	{DELETE [/{repository}/{id}], produces [application/hal+json || application/json || application/prs.hal-forms+json]}: deleteItemResource(RootResourceInformation,Serializable,ETag,PersistentEntityResourceAssembler,String)
	{PUT [/{repository}/{id}], produces [application/hal+json || application/json || application/prs.hal-forms+json]}: putItemResource(RootResourceInformation,PersistentEntityResource,Serializable,PersistentEntityResourceAssembler,ETag,String)
	{PATCH [/{repository}/{id}], produces [application/hal+json || application/json || application/prs.hal-forms+json]}: patchItemResource(RootResourceInformation,PersistentEntityResource,Serializable,PersistentEntityResourceAssembler,ETag,String)
	{OPTIONS [/{repository}/{id}], produces [application/hal+json || application/json || application/prs.hal-forms+json]}: optionsForItemResource(RootResourceInformation)
	{HEAD [/{repository}], produces [application/hal+json || application/json || application/prs.hal-forms+json]}: headCollectionResource(RootResourceInformation,DefaultedPageable)
	{GET [/{repository}], produces [application/hal+json || application/json || application/prs.hal-forms+json]}: getCollectionResource(RootResourceInformation,DefaultedPageable,Sort,RepresentationModelAssemblers)
	{POST [/{repository}], produces [application/hal+json || application/json || application/prs.hal-forms+json]}: postCollectionResource(RootResourceInformation,PersistentEntityResource,PersistentEntityResourceAssembler,String)
	{GET [/{repository}], produces [application/x-spring-data-compact+json || text/uri-list]}: getCollectionResourceCompact(RootResourceInformation,DefaultedPageable,Sort,RepresentationModelAssemblers)
	{OPTIONS [/{repository}], produces [application/hal+json || application/json || application/prs.hal-forms+json]}: optionsForCollectionResource(RootResourceInformation)
	{HEAD [/{repository}/{id}], produces [application/hal+json || application/json || application/prs.hal-forms+json]}: headForItemResource(RootResourceInformation,Serializable,PersistentEntityResourceAssembler)
2026-01-22 16:13:41 DEBUG _.s.w.s.HandlerMapping.Mappings [main] - 
	o.s.d.r.w.RepositoryPropertyReferenceController:
	{GET [/{repository}/{id}/{property}], produces [application/hal+json || application/json || application/prs.hal-forms+json]}: followPropertyReference(RootResourceInformation,Serializable,String,RepresentationModelAssemblers)
	{GET [/{repository}/{id}/{property}/{propertyId}], produces [application/hal+json || application/json || application/prs.hal-forms+json]}: followPropertyReference(RootResourceInformation,Serializable,String,String,RepresentationModelAssemblers)
	{[PATCH, PUT, POST] [/{repository}/{id}/{property}], consumes [application/json || application/x-spring-data-compact+json || text/uri-list], produces [application/hal+json || application/json || application/prs.hal-forms+json]}: createPropertyReference(RootResourceInformation,HttpMethod,CollectionModel,Serializable,String)
	{DELETE [/{repository}/{id}/{property}/{propertyId}], produces [application/hal+json || application/json || application/prs.hal-forms+json]}: deletePropertyReferenceId(RootResourceInformation,Serializable,String,String)
	{GET [/{repository}/{id}/{property}], produces [text/uri-list]}: followPropertyReferenceCompact(RootResourceInformation,Serializable,String,HttpHeaders,RepresentationModelAssemblers)
	{DELETE [/{repository}/{id}/{property}], produces [application/hal+json || application/json || application/prs.hal-forms+json]}: deletePropertyReference(RootResourceInformation,Serializable,String)
2026-01-22 16:13:41 DEBUG _.s.w.s.HandlerMapping.Mappings [main] - 
	o.s.d.r.w.RepositorySearchController:
	{GET [/{repository}/search/{search}], produces [application/hal+json || application/json || application/prs.hal-forms+json]}: executeSearch(RootResourceInformation,MultiValueMap,String,DefaultedPageable,Sort,HttpHeaders,RepresentationModelAssemblers)
	{GET [/{repository}/search], produces [application/hal+json || application/json || application/prs.hal-forms+json]}: listSearches(RootResourceInformation)
	{HEAD [/{repository}/search], produces [application/hal+json || application/json || application/prs.hal-forms+json]}: headForSearches(RootResourceInformation)
	{OPTIONS [/{repository}/search], produces [application/hal+json || application/json || application/prs.hal-forms+json]}: optionsForSearches(RootResourceInformation)
	{OPTIONS [/{repository}/search/{search}], produces [application/hal+json || application/json || application/prs.hal-forms+json]}: optionsForSearch(RootResourceInformation,String)
	{HEAD [/{repository}/search/{search}], produces [application/hal+json || application/json || application/prs.hal-forms+json]}: headForSearch(RootResourceInformation,String)
	{GET [/{repository}/search/{search}], produces [application/x-spring-data-compact+json]}: executeSearchCompact(RootResourceInformation,HttpHeaders,MultiValueMap,String,String,DefaultedPageable,Sort,RepresentationModelAssemblers)
2026-01-22 16:13:41 DEBUG o.s.d.r.w.RepositoryRestHandlerMapping [main] - 27 mappings in org.springframework.data.rest.webmvc.RepositoryRestHandlerMapping
2026-01-22 16:13:41 DEBUG _.s.w.s.HandlerMapping.Mappings [main] - 
	o.s.d.r.w.RepositorySchemaController:
	{GET [/profile/{repository}], produces [application/schema+json]}: schema(RootResourceInformation)
2026-01-22 16:13:41 DEBUG _.s.w.s.HandlerMapping.Mappings [main] - 
	o.s.d.r.w.a.AlpsController:
	{GET [/profile/{repository}], produces [application/alps+json || */*]}: descriptor(RootResourceInformation)
	{OPTIONS [/profile/{repository}], produces [application/alps+json]}: alpsOptions()
2026-01-22 16:13:41 DEBUG _.s.w.s.HandlerMapping.Mappings [main] - 
	o.s.d.r.w.ProfileController:
	{OPTIONS [/profile]}: profileOptions()
	{GET [/profile]}: listAllFormsOfMetadata()
2026-01-22 16:13:41 DEBUG o.s.d.r.w.BasePathAwareHandlerMapping [main] - 5 mappings in org.springframework.data.rest.webmvc.BasePathAwareHandlerMapping
2026-01-22 16:13:41 DEBUG o.s.b.f.s.DefaultListableBeanFactory [main] - Creating shared instance of singleton bean 'repositoryRestExceptionHandler'
2026-01-22 16:13:41 DEBUG o.s.b.f.s.DefaultListableBeanFactory [main] - Creating shared instance of singleton bean 'offsetResolver'
2026-01-22 16:13:41 DEBUG o.s.b.f.s.DefaultListableBeanFactory [main] - Creating shared instance of singleton bean 'spring.hateoas-org.springframework.boot.autoconfigure.hateoas.HateoasProperties'
2026-01-22 16:13:41 DEBUG o.s.b.f.s.DefaultListableBeanFactory [main] - Creating shared instance of singleton bean 'org.springframework.boot.autoconfigure.info.ProjectInfoAutoConfiguration'
2026-01-22 16:13:41 DEBUG o.s.b.f.s.DefaultListableBeanFactory [main] - Creating shared instance of singleton bean 'spring.info-org.springframework.boot.autoconfigure.info.ProjectInfoProperties'
2026-01-22 16:13:41 DEBUG o.s.b.f.s.DefaultListableBeanFactory [main] - Autowiring by type from bean name 'org.springframework.boot.autoconfigure.info.ProjectInfoAutoConfiguration' via constructor to bean named 'spring.info-org.springframework.boot.autoconfigure.info.ProjectInfoProperties'
2026-01-22 16:13:41 DEBUG o.s.b.f.s.DefaultListableBeanFactory [main] - Creating shared instance of singleton bean 'org.springframework.boot.autoconfigure.jdbc.JdbcTemplateConfiguration'
2026-01-22 16:13:41 DEBUG o.s.b.f.s.DefaultListableBeanFactory [main] - Creating shared instance of singleton bean 'jdbcTemplate'
2026-01-22 16:13:41 DEBUG o.s.b.f.s.DefaultListableBeanFactory [main] - Creating shared instance of singleton bean 'spring.jdbc-org.springframework.boot.autoconfigure.jdbc.JdbcProperties'
2026-01-22 16:13:41 DEBUG o.s.b.f.s.DefaultListableBeanFactory [main] - Autowiring by type from bean name 'jdbcTemplate' via factory method to bean named 'dataSource'
2026-01-22 16:13:41 DEBUG o.s.b.f.s.DefaultListableBeanFactory [main] - Autowiring by type from bean name 'jdbcTemplate' via factory method to bean named 'spring.jdbc-org.springframework.boot.autoconfigure.jdbc.JdbcProperties'
2026-01-22 16:13:41 DEBUG o.s.b.f.s.DefaultListableBeanFactory [main] - Creating shared instance of singleton bean 'org.springframework.boot.autoconfigure.jdbc.NamedParameterJdbcTemplateConfiguration'
2026-01-22 16:13:41 DEBUG o.s.b.f.s.DefaultListableBeanFactory [main] - Creating shared instance of singleton bean 'namedParameterJdbcTemplate'
2026-01-22 16:13:41 DEBUG o.s.b.f.s.DefaultListableBeanFactory [main] - Autowiring by type from bean name 'namedParameterJdbcTemplate' via factory method to bean named 'jdbcTemplate'
2026-01-22 16:13:41 DEBUG o.s.b.f.s.DefaultListableBeanFactory [main] - Creating shared instance of singleton bean 'org.springframework.boot.autoconfigure.jdbc.JdbcTemplateAutoConfiguration'
2026-01-22 16:13:41 DEBUG o.s.b.f.s.DefaultListableBeanFactory [main] - Creating shared instance of singleton bean 'org.springframework.boot.autoconfigure.jdbc.JdbcClientAutoConfiguration'
2026-01-22 16:13:41 DEBUG o.s.b.f.s.DefaultListableBeanFactory [main] - Creating shared instance of singleton bean 'jdbcClient'
2026-01-22 16:13:41 DEBUG o.s.b.f.s.DefaultListableBeanFactory [main] - Autowiring by type from bean name 'jdbcClient' via factory method to bean named 'namedParameterJdbcTemplate'
2026-01-22 16:13:41 DEBUG o.s.b.f.s.DefaultListableBeanFactory [main] - Creating shared instance of singleton bean 'org.springframework.boot.autoconfigure.netty.NettyAutoConfiguration'
2026-01-22 16:13:41 DEBUG o.s.b.f.s.DefaultListableBeanFactory [main] - Creating shared instance of singleton bean 'spring.netty-org.springframework.boot.autoconfigure.netty.NettyProperties'
2026-01-22 16:13:41 DEBUG o.s.b.f.s.DefaultListableBeanFactory [main] - Autowiring by type from bean name 'org.springframework.boot.autoconfigure.netty.NettyAutoConfiguration' via constructor to bean named 'spring.netty-org.springframework.boot.autoconfigure.netty.NettyProperties'
2026-01-22 16:13:41 DEBUG o.s.b.f.s.DefaultListableBeanFactory [main] - Creating shared instance of singleton bean 'org.springframework.boot.autoconfigure.reactor.ReactorAutoConfiguration'
2026-01-22 16:13:41 DEBUG o.s.b.f.s.DefaultListableBeanFactory [main] - Creating shared instance of singleton bean 'spring.reactor-org.springframework.boot.autoconfigure.reactor.ReactorProperties'
2026-01-22 16:13:41 DEBUG o.s.b.f.s.DefaultListableBeanFactory [main] - Autowiring by type from bean name 'org.springframework.boot.autoconfigure.reactor.ReactorAutoConfiguration' via constructor to bean named 'spring.reactor-org.springframework.boot.autoconfigure.reactor.ReactorProperties'
2026-01-22 16:13:41 DEBUG o.s.b.f.s.DefaultListableBeanFactory [main] - Creating shared instance of singleton bean 'org.springframework.boot.autoconfigure.sql.init.SqlInitializationAutoConfiguration'
2026-01-22 16:13:41 DEBUG o.s.b.f.s.DefaultListableBeanFactory [main] - Creating shared instance of singleton bean 'org.springframework.boot.autoconfigure.task.TaskSchedulingConfigurations$ThreadPoolTaskSchedulerBuilderConfiguration'
2026-01-22 16:13:41 DEBUG o.s.b.f.s.DefaultListableBeanFactory [main] - Creating shared instance of singleton bean 'threadPoolTaskSchedulerBuilder'
2026-01-22 16:13:41 DEBUG o.s.b.f.s.DefaultListableBeanFactory [main] - Creating shared instance of singleton bean 'spring.task.scheduling-org.springframework.boot.autoconfigure.task.TaskSchedulingProperties'
2026-01-22 16:13:41 DEBUG o.s.b.f.s.DefaultListableBeanFactory [main] - Autowiring by type from bean name 'threadPoolTaskSchedulerBuilder' via factory method to bean named 'spring.task.scheduling-org.springframework.boot.autoconfigure.task.TaskSchedulingProperties'
2026-01-22 16:13:41 DEBUG o.s.b.f.s.DefaultListableBeanFactory [main] - Creating shared instance of singleton bean 'org.springframework.boot.autoconfigure.task.TaskSchedulingConfigurations$TaskSchedulerBuilderConfiguration'
2026-01-22 16:13:41 DEBUG o.s.b.f.s.DefaultListableBeanFactory [main] - Creating shared instance of singleton bean 'taskSchedulerBuilder'
2026-01-22 16:13:41 DEBUG o.s.b.f.s.DefaultListableBeanFactory [main] - Autowiring by type from bean name 'taskSchedulerBuilder' via factory method to bean named 'spring.task.scheduling-org.springframework.boot.autoconfigure.task.TaskSchedulingProperties'
2026-01-22 16:13:41 DEBUG o.s.b.f.s.DefaultListableBeanFactory [main] - Creating shared instance of singleton bean 'org.springframework.boot.autoconfigure.task.TaskSchedulingConfigurations$SimpleAsyncTaskSchedulerBuilderConfiguration'
2026-01-22 16:13:41 DEBUG o.s.b.f.s.DefaultListableBeanFactory [main] - Autowiring by type from bean name 'org.springframework.boot.autoconfigure.task.TaskSchedulingConfigurations$SimpleAsyncTaskSchedulerBuilderConfiguration' via constructor to bean named 'spring.task.scheduling-org.springframework.boot.autoconfigure.task.TaskSchedulingProperties'
2026-01-22 16:13:41 DEBUG o.s.b.f.s.DefaultListableBeanFactory [main] - Creating shared instance of singleton bean 'simpleAsyncTaskSchedulerBuilder'
2026-01-22 16:13:41 DEBUG o.s.b.f.s.DefaultListableBeanFactory [main] - Creating shared instance of singleton bean 'org.springframework.boot.autoconfigure.task.TaskSchedulingConfigurations$TaskSchedulerConfiguration'
2026-01-22 16:13:41 DEBUG o.s.b.f.s.DefaultListableBeanFactory [main] - Creating shared instance of singleton bean 'taskScheduler'
2026-01-22 16:13:41 DEBUG o.s.b.f.s.DefaultListableBeanFactory [main] - Autowiring by type from bean name 'taskScheduler' via factory method to bean named 'taskSchedulerBuilder'
2026-01-22 16:13:41 DEBUG o.s.s.c.ThreadPoolTaskScheduler [main] - Initializing ExecutorService 'taskScheduler'
2026-01-22 16:13:41 DEBUG o.s.b.f.s.DefaultListableBeanFactory [main] - Creating shared instance of singleton bean 'org.springframework.boot.autoconfigure.task.TaskSchedulingAutoConfiguration'
2026-01-22 16:13:41 DEBUG o.s.b.f.s.DefaultListableBeanFactory [main] - Creating shared instance of singleton bean 'scheduledBeanLazyInitializationExcludeFilter'
2026-01-22 16:13:41 DEBUG o.s.b.f.s.DefaultListableBeanFactory [main] - Creating shared instance of singleton bean 'org.springframework.boot.autoconfigure.jdbc.DataSourceTransactionManagerAutoConfiguration$JdbcTransactionManagerConfiguration'
2026-01-22 16:13:41 DEBUG o.s.b.f.s.DefaultListableBeanFactory [main] - Creating shared instance of singleton bean 'org.springframework.boot.autoconfigure.jdbc.DataSourceTransactionManagerAutoConfiguration'
2026-01-22 16:13:41 DEBUG o.s.b.f.s.DefaultListableBeanFactory [main] - Creating shared instance of singleton bean 'org.springframework.boot.autoconfigure.transaction.TransactionAutoConfiguration$EnableTransactionManagementConfiguration$CglibAutoProxyConfiguration'
2026-01-22 16:13:41 DEBUG o.s.b.f.s.DefaultListableBeanFactory [main] - Creating shared instance of singleton bean 'org.springframework.boot.autoconfigure.transaction.TransactionAutoConfiguration$EnableTransactionManagementConfiguration'
2026-01-22 16:13:41 DEBUG o.s.b.f.s.DefaultListableBeanFactory [main] - Creating shared instance of singleton bean 'org.springframework.boot.autoconfigure.transaction.TransactionAutoConfiguration$TransactionTemplateConfiguration'
2026-01-22 16:13:41 DEBUG o.s.b.f.s.DefaultListableBeanFactory [main] - Creating shared instance of singleton bean 'transactionTemplate'
2026-01-22 16:13:41 DEBUG o.s.b.f.s.DefaultListableBeanFactory [main] - Autowiring by type from bean name 'transactionTemplate' via factory method to bean named 'transactionManager'
2026-01-22 16:13:41 DEBUG o.s.b.f.s.DefaultListableBeanFactory [main] - Creating shared instance of singleton bean 'org.springframework.boot.autoconfigure.transaction.TransactionAutoConfiguration'
2026-01-22 16:13:41 DEBUG o.s.b.f.s.DefaultListableBeanFactory [main] - Creating shared instance of singleton bean 'org.springframework.boot.autoconfigure.web.client.RestClientAutoConfiguration'
2026-01-22 16:13:41 DEBUG o.s.b.f.s.DefaultListableBeanFactory [main] - Creating shared instance of singleton bean 'httpMessageConvertersRestClientCustomizer'
2026-01-22 16:13:41 DEBUG o.s.b.f.s.DefaultListableBeanFactory [main] - Creating shared instance of singleton bean 'restClientSsl'
2026-01-22 16:13:41 DEBUG o.s.b.f.s.DefaultListableBeanFactory [main] - Autowiring by type from bean name 'restClientSsl' via factory method to bean named 'sslBundleRegistry'
2026-01-22 16:13:41 DEBUG o.s.b.f.s.DefaultListableBeanFactory [main] - Creating shared instance of singleton bean 'restClientBuilderConfigurer'
2026-01-22 16:13:41 DEBUG o.s.b.f.s.DefaultListableBeanFactory [main] - Creating shared instance of singleton bean 'org.springframework.boot.autoconfigure.web.client.RestTemplateAutoConfiguration'
2026-01-22 16:13:41 DEBUG o.s.b.f.s.DefaultListableBeanFactory [main] - Creating shared instance of singleton bean 'org.springframework.boot.autoconfigure.web.embedded.EmbeddedWebServerFactoryCustomizerAutoConfiguration'
2026-01-22 16:13:41 DEBUG o.s.b.f.s.DefaultListableBeanFactory [main] - Creating shared instance of singleton bean 'webClientSsl'
2026-01-22 16:13:41 DEBUG o.s.b.f.s.DefaultListableBeanFactory [main] - Autowiring by type from bean name 'webClientSsl' via factory method to bean named 'reactorClientHttpConnectorFactory'
2026-01-22 16:13:41 DEBUG o.s.b.f.s.DefaultListableBeanFactory [main] - Autowiring by type from bean name 'webClientSsl' via factory method to bean named 'sslBundleRegistry'
2026-01-22 16:13:41 DEBUG o.s.b.f.s.DefaultListableBeanFactory [main] - Creating shared instance of singleton bean 'multipartResolver'
2026-01-22 16:13:41 DEBUG o.s.c.s.DefaultLifecycleProcessor [main] - Starting beans in phase -2147483648
2026-01-22 16:13:41 DEBUG o.s.c.s.DefaultLifecycleProcessor [main] - Successfully started bean 'rabbitConnectionFactory'
2026-01-22 16:13:41 DEBUG o.s.c.s.DefaultLifecycleProcessor [main] - Starting beans in phase -2147483647
2026-01-22 16:13:41 DEBUG o.s.c.s.DefaultLifecycleProcessor [main] - Successfully started bean 'springBootLoggingLifecycle'
2026-01-22 16:13:41 DEBUG o.s.c.s.DefaultLifecycleProcessor [main] - Starting beans in phase 2147481599
2026-01-22 16:13:41 INFO  o.a.coyote.http11.Http11NioProtocol [main] - Starting ProtocolHandler ["http-nio-8090"]
2026-01-22 16:13:41 INFO  o.s.b.w.e.tomcat.TomcatWebServer [main] - Tomcat started on port 8090 (http) with context path ''
2026-01-22 16:13:41 DEBUG o.s.c.s.DefaultLifecycleProcessor [main] - Successfully started bean 'webServerStartStop'
2026-01-22 16:13:41 DEBUG o.s.c.s.DefaultLifecycleProcessor [main] - Starting beans in phase 2147482623
2026-01-22 16:13:41 DEBUG o.s.c.s.DefaultLifecycleProcessor [main] - Successfully started bean 'webServerGracefulShutdown'
2026-01-22 16:13:41 DEBUG o.s.c.s.DefaultLifecycleProcessor [main] - Starting beans in phase 2147483647
2026-01-22 16:13:41 DEBUG o.s.c.s.DefaultLifecycleProcessor [main] - Successfully started bean 'org.springframework.amqp.rabbit.config.internalRabbitListenerEndpointRegistry'
2026-01-22 16:13:41 DEBUG o.s.b.a.l.ConditionEvaluationReportLogger [main] - 


============================
CONDITIONS EVALUATION REPORT
============================


Positive matches:
-----------------

   AopAutoConfiguration matched:
      - @ConditionalOnProperty (spring.aop.auto=true) matched (OnPropertyCondition)

   AopAutoConfiguration.AspectJAutoProxyingConfiguration matched:
      - @ConditionalOnClass found required class 'org.aspectj.weaver.Advice' (OnClassCondition)

   AopAutoConfiguration.AspectJAutoProxyingConfiguration.CglibAutoProxyConfiguration matched:
      - @ConditionalOnProperty (spring.aop.proxy-target-class=true) matched (OnPropertyCondition)

   ApplicationAvailabilityAutoConfiguration#applicationAvailability matched:
      - @ConditionalOnMissingBean (types: org.springframework.boot.availability.ApplicationAvailability; SearchStrategy: all) did not find any beans (OnBeanCondition)

   ClientHttpConnectorAutoConfiguration matched:
      - @ConditionalOnClass found required class 'org.springframework.web.reactive.function.client.WebClient' (OnClassCondition)

   ClientHttpConnectorAutoConfiguration#webClientHttpConnector matched:
      - @ConditionalOnMissingBean (types: org.springframework.http.client.reactive.ClientHttpConnector; SearchStrategy: all) did not find any beans (OnBeanCondition)

   ClientHttpConnectorAutoConfiguration#webClientHttpConnectorCustomizer matched:
      - @ConditionalOnBean (types: org.springframework.http.client.reactive.ClientHttpConnector; SearchStrategy: all) found bean 'webClientHttpConnector' (OnBeanCondition)

   ClientHttpConnectorFactoryConfiguration.ReactorNetty matched:
      - @ConditionalOnClass found required class 'reactor.netty.http.client.HttpClient' (OnClassCondition)
      - @ConditionalOnMissingBean (types: org.springframework.boot.autoconfigure.web.reactive.function.client.ClientHttpConnectorFactory; SearchStrategy: all) did not find any beans (OnBeanCondition)

   CodecsAutoConfiguration matched:
      - @ConditionalOnClass found required classes 'org.springframework.http.codec.CodecConfigurer', 'org.springframework.web.reactive.function.client.WebClient' (OnClassCondition)

   CodecsAutoConfiguration.JacksonCodecConfiguration matched:
      - @ConditionalOnClass found required class 'com.fasterxml.jackson.databind.ObjectMapper' (OnClassCondition)

   CodecsAutoConfiguration.JacksonCodecConfiguration#jacksonCodecCustomizer matched:
      - @ConditionalOnBean (types: com.fasterxml.jackson.databind.ObjectMapper; SearchStrategy: all) found bean 'jacksonObjectMapper' (OnBeanCondition)

   DataSourceAutoConfiguration matched:
      - @ConditionalOnClass found required classes 'javax.sql.DataSource', 'org.springframework.jdbc.datasource.embedded.EmbeddedDatabaseType' (OnClassCondition)
      - @ConditionalOnMissingBean (types: io.r2dbc.spi.ConnectionFactory; SearchStrategy: all) did not find any beans (OnBeanCondition)

   DataSourceAutoConfiguration.PooledDataSourceConfiguration matched:
      - AnyNestedCondition 1 matched 1 did not; NestedCondition on DataSourceAutoConfiguration.PooledDataSourceCondition.PooledDataSourceAvailable PooledDataSource found supported DataSource; NestedCondition on DataSourceAutoConfiguration.PooledDataSourceCondition.ExplicitType @ConditionalOnProperty (spring.datasource.type) did not find property 'type' (DataSourceAutoConfiguration.PooledDataSourceCondition)
      - @ConditionalOnMissingBean (types: javax.sql.DataSource,javax.sql.XADataSource; SearchStrategy: all) did not find any beans (OnBeanCondition)

   DataSourceAutoConfiguration.PooledDataSourceConfiguration#jdbcConnectionDetails matched:
      - @ConditionalOnMissingBean (types: org.springframework.boot.autoconfigure.jdbc.JdbcConnectionDetails; SearchStrategy: all) did not find any beans (OnBeanCondition)

   DataSourceConfiguration.Hikari matched:
      - @ConditionalOnClass found required class 'com.zaxxer.hikari.HikariDataSource' (OnClassCondition)
      - @ConditionalOnProperty (spring.datasource.type=com.zaxxer.hikari.HikariDataSource) matched (OnPropertyCondition)
      - @ConditionalOnMissingBean (types: javax.sql.DataSource; SearchStrategy: all) did not find any beans (OnBeanCondition)

   DataSourceInitializationConfiguration matched:
      - @ConditionalOnClass found required class 'org.springframework.jdbc.datasource.init.DatabasePopulator' (OnClassCondition)
      - @ConditionalOnSingleCandidate (types: javax.sql.DataSource; SearchStrategy: all) found a single bean 'dataSource'; @ConditionalOnMissingBean (types: org.springframework.boot.autoconfigure.sql.init.SqlDataSourceScriptDatabaseInitializer,org.springframework.boot.autoconfigure.sql.init.SqlR2dbcScriptDatabaseInitializer; SearchStrategy: all) did not find any beans (OnBeanCondition)

   DataSourceJmxConfiguration matched:
      - @ConditionalOnProperty (spring.jmx.enabled=true) matched (OnPropertyCondition)

   DataSourceJmxConfiguration.Hikari matched:
      - @ConditionalOnClass found required class 'com.zaxxer.hikari.HikariDataSource' (OnClassCondition)
      - @ConditionalOnSingleCandidate (types: javax.sql.DataSource; SearchStrategy: all) found a single bean 'dataSource' (OnBeanCondition)

   DataSourcePoolMetadataProvidersConfiguration.HikariPoolDataSourceMetadataProviderConfiguration matched:
      - @ConditionalOnClass found required class 'com.zaxxer.hikari.HikariDataSource' (OnClassCondition)

   DataSourceTransactionManagerAutoConfiguration matched:
      - @ConditionalOnClass found required classes 'org.springframework.jdbc.core.JdbcTemplate', 'org.springframework.transaction.TransactionManager' (OnClassCondition)

   DataSourceTransactionManagerAutoConfiguration.JdbcTransactionManagerConfiguration matched:
      - @ConditionalOnSingleCandidate (types: javax.sql.DataSource; SearchStrategy: all) found a single bean 'dataSource' (OnBeanCondition)

   DispatcherServletAutoConfiguration matched:
      - @ConditionalOnClass found required class 'org.springframework.web.servlet.DispatcherServlet' (OnClassCondition)
      - found 'session' scope (OnWebApplicationCondition)

   DispatcherServletAutoConfiguration.DispatcherServletConfiguration matched:
      - @ConditionalOnClass found required class 'jakarta.servlet.ServletRegistration' (OnClassCondition)
      - Default DispatcherServlet did not find dispatcher servlet beans (DispatcherServletAutoConfiguration.DefaultDispatcherServletCondition)

   DispatcherServletAutoConfiguration.DispatcherServletRegistrationConfiguration matched:
      - @ConditionalOnClass found required class 'jakarta.servlet.ServletRegistration' (OnClassCondition)
      - DispatcherServlet Registration did not find servlet registration bean (DispatcherServletAutoConfiguration.DispatcherServletRegistrationCondition)

   DispatcherServletAutoConfiguration.DispatcherServletRegistrationConfiguration#dispatcherServletRegistration matched:
      - @ConditionalOnBean (names: dispatcherServlet types: org.springframework.web.servlet.DispatcherServlet; SearchStrategy: all) found bean 'dispatcherServlet' (OnBeanCondition)

   EmbeddedWebServerFactoryCustomizerAutoConfiguration matched:
      - @ConditionalOnWebApplication (required) found 'session' scope (OnWebApplicationCondition)
      - @ConditionalOnWarDeployment the application is not deployed as a WAR file. (OnWarDeploymentCondition)

   EmbeddedWebServerFactoryCustomizerAutoConfiguration.NettyWebServerFactoryCustomizerConfiguration matched:
      - @ConditionalOnClass found required class 'reactor.netty.http.server.HttpServer' (OnClassCondition)

   EmbeddedWebServerFactoryCustomizerAutoConfiguration.TomcatWebServerFactoryCustomizerConfiguration matched:
      - @ConditionalOnClass found required classes 'org.apache.catalina.startup.Tomcat', 'org.apache.coyote.UpgradeProtocol' (OnClassCondition)

   ErrorMvcAutoConfiguration matched:
      - @ConditionalOnClass found required classes 'jakarta.servlet.Servlet', 'org.springframework.web.servlet.DispatcherServlet' (OnClassCondition)
      - found 'session' scope (OnWebApplicationCondition)

   ErrorMvcAutoConfiguration#basicErrorController matched:
      - @ConditionalOnMissingBean (types: org.springframework.boot.web.servlet.error.ErrorController; SearchStrategy: current) did not find any beans (OnBeanCondition)

   ErrorMvcAutoConfiguration#errorAttributes matched:
      - @ConditionalOnMissingBean (types: org.springframework.boot.web.servlet.error.ErrorAttributes; SearchStrategy: current) did not find any beans (OnBeanCondition)

   ErrorMvcAutoConfiguration.DefaultErrorViewResolverConfiguration#conventionErrorViewResolver matched:
      - @ConditionalOnBean (types: org.springframework.web.servlet.DispatcherServlet; SearchStrategy: all) found bean 'dispatcherServlet'; @ConditionalOnMissingBean (types: org.springframework.boot.autoconfigure.web.servlet.error.ErrorViewResolver; SearchStrategy: all) did not find any beans (OnBeanCondition)

   ErrorMvcAutoConfiguration.WhitelabelErrorViewConfiguration matched:
      - @ConditionalOnProperty (server.error.whitelabel.enabled) matched (OnPropertyCondition)
      - ErrorTemplate Missing did not find error template view (ErrorMvcAutoConfiguration.ErrorTemplateMissingCondition)

   ErrorMvcAutoConfiguration.WhitelabelErrorViewConfiguration#beanNameViewResolver matched:
      - @ConditionalOnMissingBean (types: org.springframework.web.servlet.view.BeanNameViewResolver; SearchStrategy: all) did not find any beans (OnBeanCondition)

   ErrorMvcAutoConfiguration.WhitelabelErrorViewConfiguration#defaultErrorView matched:
      - @ConditionalOnMissingBean (names: error; SearchStrategy: all) did not find any beans (OnBeanCondition)

   GenericCacheConfiguration matched:
      - Cache org.springframework.boot.autoconfigure.cache.GenericCacheConfiguration automatic cache type (CacheCondition)

   GsonAutoConfiguration matched:
      - @ConditionalOnClass found required class 'com.google.gson.Gson' (OnClassCondition)

   GsonAutoConfiguration#gson matched:
      - @ConditionalOnMissingBean (types: com.google.gson.Gson; SearchStrategy: all) did not find any beans (OnBeanCondition)

   GsonAutoConfiguration#gsonBuilder matched:
      - @ConditionalOnMissingBean (types: com.google.gson.GsonBuilder; SearchStrategy: all) did not find any beans (OnBeanCondition)

   GsonHttpMessageConvertersConfiguration matched:
      - @ConditionalOnClass found required class 'com.google.gson.Gson' (OnClassCondition)

   H2ConsoleAutoConfiguration matched:
      - @ConditionalOnClass found required class 'org.h2.server.web.JakartaWebServlet' (OnClassCondition)
      - found 'session' scope (OnWebApplicationCondition)
      - @ConditionalOnProperty (spring.h2.console.enabled=true) matched (OnPropertyCondition)

   HibernateJpaAutoConfiguration matched:
      - @ConditionalOnClass found required classes 'org.springframework.orm.jpa.LocalContainerEntityManagerFactoryBean', 'jakarta.persistence.EntityManager', 'org.hibernate.engine.spi.SessionImplementor' (OnClassCondition)

   HibernateJpaConfiguration matched:
      - @ConditionalOnSingleCandidate (types: javax.sql.DataSource; SearchStrategy: all) found a single bean 'dataSource' (OnBeanCondition)

   HttpEncodingAutoConfiguration matched:
      - @ConditionalOnClass found required class 'org.springframework.web.filter.CharacterEncodingFilter' (OnClassCondition)
      - found 'session' scope (OnWebApplicationCondition)
      - @ConditionalOnProperty (server.servlet.encoding.enabled) matched (OnPropertyCondition)

   HttpEncodingAutoConfiguration#characterEncodingFilter matched:
      - @ConditionalOnMissingBean (types: org.springframework.web.filter.CharacterEncodingFilter; SearchStrategy: all) did not find any beans (OnBeanCondition)

   HttpMessageConvertersAutoConfiguration matched:
      - @ConditionalOnClass found required class 'org.springframework.http.converter.HttpMessageConverter' (OnClassCondition)
      - NoneNestedConditions 0 matched 1 did not; NestedCondition on HttpMessageConvertersAutoConfiguration.NotReactiveWebApplicationCondition.ReactiveWebApplication not a reactive web application (HttpMessageConvertersAutoConfiguration.NotReactiveWebApplicationCondition)

   HttpMessageConvertersAutoConfiguration#messageConverters matched:
      - @ConditionalOnMissingBean (types: org.springframework.boot.autoconfigure.http.HttpMessageConverters; SearchStrategy: all) did not find any beans (OnBeanCondition)

   HttpMessageConvertersAutoConfiguration.StringHttpMessageConverterConfiguration matched:
      - @ConditionalOnClass found required class 'org.springframework.http.converter.StringHttpMessageConverter' (OnClassCondition)

   HttpMessageConvertersAutoConfiguration.StringHttpMessageConverterConfiguration#stringHttpMessageConverter matched:
      - @ConditionalOnMissingBean (types: org.springframework.http.converter.StringHttpMessageConverter; SearchStrategy: all) did not find any beans (OnBeanCondition)

   HypermediaAutoConfiguration matched:
      - @ConditionalOnClass found required classes 'org.springframework.hateoas.EntityModel', 'org.springframework.web.bind.annotation.RequestMapping', 'org.springframework.web.servlet.mvc.method.annotation.RequestMappingHandlerAdapter', 'org.springframework.plugin.core.Plugin' (OnClassCondition)
      - @ConditionalOnWebApplication (required) found 'session' scope (OnWebApplicationCondition)

   HypermediaAutoConfiguration#applicationJsonHalConfiguration matched:
      - @ConditionalOnClass found required class 'com.fasterxml.jackson.databind.ObjectMapper' (OnClassCondition)
      - @ConditionalOnProperty (spring.hateoas.use-hal-as-default-json-media-type) matched (OnPropertyCondition)
      - @ConditionalOnMissingBean (types: org.springframework.hateoas.mediatype.hal.HalConfiguration; SearchStrategy: all) did not find any beans (OnBeanCondition)

   JacksonAutoConfiguration matched:
      - @ConditionalOnClass found required class 'com.fasterxml.jackson.databind.ObjectMapper' (OnClassCondition)

   JacksonAutoConfiguration.Jackson2ObjectMapperBuilderCustomizerConfiguration matched:
      - @ConditionalOnClass found required class 'org.springframework.http.converter.json.Jackson2ObjectMapperBuilder' (OnClassCondition)

   JacksonAutoConfiguration.JacksonObjectMapperBuilderConfiguration matched:
      - @ConditionalOnClass found required class 'org.springframework.http.converter.json.Jackson2ObjectMapperBuilder' (OnClassCondition)

   JacksonAutoConfiguration.JacksonObjectMapperBuilderConfiguration#jacksonObjectMapperBuilder matched:
      - @ConditionalOnMissingBean (types: org.springframework.http.converter.json.Jackson2ObjectMapperBuilder; SearchStrategy: all) did not find any beans (OnBeanCondition)

   JacksonAutoConfiguration.JacksonObjectMapperConfiguration matched:
      - @ConditionalOnClass found required class 'org.springframework.http.converter.json.Jackson2ObjectMapperBuilder' (OnClassCondition)

   JacksonAutoConfiguration.JacksonObjectMapperConfiguration#jacksonObjectMapper matched:
      - @ConditionalOnMissingBean (types: com.fasterxml.jackson.databind.ObjectMapper; SearchStrategy: all) did not find any beans (OnBeanCondition)

   JacksonAutoConfiguration.ParameterNamesModuleConfiguration matched:
      - @ConditionalOnClass found required class 'com.fasterxml.jackson.module.paramnames.ParameterNamesModule' (OnClassCondition)

   JacksonAutoConfiguration.ParameterNamesModuleConfiguration#parameterNamesModule matched:
      - @ConditionalOnMissingBean (types: com.fasterxml.jackson.module.paramnames.ParameterNamesModule; SearchStrategy: all) did not find any beans (OnBeanCondition)

   JacksonHttpMessageConvertersConfiguration.MappingJackson2HttpMessageConverterConfiguration matched:
      - @ConditionalOnClass found required class 'com.fasterxml.jackson.databind.ObjectMapper' (OnClassCondition)
      - @ConditionalOnProperty (spring.mvc.converters.preferred-json-mapper=jackson) matched (OnPropertyCondition)
      - @ConditionalOnBean (types: com.fasterxml.jackson.databind.ObjectMapper; SearchStrategy: all) found bean 'jacksonObjectMapper' (OnBeanCondition)

   JacksonHttpMessageConvertersConfiguration.MappingJackson2HttpMessageConverterConfiguration#mappingJackson2HttpMessageConverter matched:
      - @ConditionalOnMissingBean (types: org.springframework.http.converter.json.MappingJackson2HttpMessageConverter ignored: org.springframework.hateoas.server.mvc.TypeConstrainedMappingJackson2HttpMessageConverter,org.springframework.data.rest.webmvc.alps.AlpsJsonHttpMessageConverter; SearchStrategy: all) did not find any beans (OnBeanCondition)

   JdbcClientAutoConfiguration matched:
      - @ConditionalOnSingleCandidate (types: org.springframework.jdbc.core.namedparam.NamedParameterJdbcTemplate; SearchStrategy: all) found a single bean 'namedParameterJdbcTemplate'; @ConditionalOnMissingBean (types: org.springframework.jdbc.core.simple.JdbcClient; SearchStrategy: all) did not find any beans (OnBeanCondition)

   JdbcTemplateAutoConfiguration matched:
      - @ConditionalOnClass found required classes 'javax.sql.DataSource', 'org.springframework.jdbc.core.JdbcTemplate' (OnClassCondition)
      - @ConditionalOnSingleCandidate (types: javax.sql.DataSource; SearchStrategy: all) found a single bean 'dataSource' (OnBeanCondition)

   JdbcTemplateConfiguration matched:
      - @ConditionalOnMissingBean (types: org.springframework.jdbc.core.JdbcOperations; SearchStrategy: all) did not find any beans (OnBeanCondition)

   JpaBaseConfiguration#entityManagerFactory matched:
      - @ConditionalOnMissingBean (types: org.springframework.orm.jpa.LocalContainerEntityManagerFactoryBean,jakarta.persistence.EntityManagerFactory; SearchStrategy: all) did not find any beans (OnBeanCondition)

   JpaBaseConfiguration#entityManagerFactoryBuilder matched:
      - @ConditionalOnMissingBean (types: org.springframework.boot.orm.jpa.EntityManagerFactoryBuilder; SearchStrategy: all) did not find any beans (OnBeanCondition)

   JpaBaseConfiguration#jpaVendorAdapter matched:
      - @ConditionalOnMissingBean (types: org.springframework.orm.jpa.JpaVendorAdapter; SearchStrategy: all) did not find any beans (OnBeanCondition)

   JpaBaseConfiguration#transactionManager matched:
      - @ConditionalOnMissingBean (types: org.springframework.transaction.TransactionManager; SearchStrategy: all) did not find any beans (OnBeanCondition)

   JpaBaseConfiguration.JpaWebConfiguration matched:
      - @ConditionalOnClass found required class 'org.springframework.web.servlet.config.annotation.WebMvcConfigurer' (OnClassCondition)
      - found 'session' scope (OnWebApplicationCondition)
      - @ConditionalOnProperty (spring.jpa.open-in-view=true) matched (OnPropertyCondition)
      - @ConditionalOnMissingBean (types: org.springframework.orm.jpa.support.OpenEntityManagerInViewInterceptor,org.springframework.orm.jpa.support.OpenEntityManagerInViewFilter; SearchStrategy: all) did not find any beans (OnBeanCondition)

   JpaBaseConfiguration.PersistenceManagedTypesConfiguration matched:
      - @ConditionalOnMissingBean (types: org.springframework.orm.jpa.LocalContainerEntityManagerFactoryBean,jakarta.persistence.EntityManagerFactory; SearchStrategy: all) did not find any beans (OnBeanCondition)

   JpaBaseConfiguration.PersistenceManagedTypesConfiguration#persistenceManagedTypes matched:
      - @ConditionalOnMissingBean (types: org.springframework.orm.jpa.persistenceunit.PersistenceManagedTypes; SearchStrategy: all) did not find any beans (OnBeanCondition)

   JpaRepositoriesAutoConfiguration matched:
      - @ConditionalOnClass found required class 'org.springframework.data.jpa.repository.JpaRepository' (OnClassCondition)
      - @ConditionalOnProperty (spring.data.jpa.repositories.enabled=true) matched (OnPropertyCondition)
      - @ConditionalOnBean (types: javax.sql.DataSource; SearchStrategy: all) found bean 'dataSource'; @ConditionalOnMissingBean (types: org.springframework.data.jpa.repository.support.JpaRepositoryFactoryBean,org.springframework.data.jpa.repository.config.JpaRepositoryConfigExtension; SearchStrategy: all) did not find any beans (OnBeanCondition)

   JtaAutoConfiguration matched:
      - @ConditionalOnClass found required class 'jakarta.transaction.Transaction' (OnClassCondition)
      - @ConditionalOnProperty (spring.jta.enabled) matched (OnPropertyCondition)

   LifecycleAutoConfiguration#defaultLifecycleProcessor matched:
      - @ConditionalOnMissingBean (names: lifecycleProcessor; SearchStrategy: current) did not find any beans (OnBeanCondition)

   MultipartAutoConfiguration matched:
      - @ConditionalOnClass found required classes 'jakarta.servlet.Servlet', 'org.springframework.web.multipart.support.StandardServletMultipartResolver', 'jakarta.servlet.MultipartConfigElement' (OnClassCondition)
      - found 'session' scope (OnWebApplicationCondition)
      - @ConditionalOnProperty (spring.servlet.multipart.enabled) matched (OnPropertyCondition)

   MultipartAutoConfiguration#multipartConfigElement matched:
      - @ConditionalOnMissingBean (types: jakarta.servlet.MultipartConfigElement; SearchStrategy: all) did not find any beans (OnBeanCondition)

   MultipartAutoConfiguration#multipartResolver matched:
      - @ConditionalOnMissingBean (types: org.springframework.web.multipart.MultipartResolver; SearchStrategy: all) did not find any beans (OnBeanCondition)

   NamedParameterJdbcTemplateConfiguration matched:
      - @ConditionalOnSingleCandidate (types: org.springframework.jdbc.core.JdbcTemplate; SearchStrategy: all) found a single bean 'jdbcTemplate'; @ConditionalOnMissingBean (types: org.springframework.jdbc.core.namedparam.NamedParameterJdbcOperations; SearchStrategy: all) did not find any beans (OnBeanCondition)

   NettyAutoConfiguration matched:
      - @ConditionalOnClass found required class 'io.netty.util.NettyRuntime' (OnClassCondition)

   NoOpCacheConfiguration matched:
      - Cache org.springframework.boot.autoconfigure.cache.NoOpCacheConfiguration automatic cache type (CacheCondition)

   PersistenceExceptionTranslationAutoConfiguration matched:
      - @ConditionalOnClass found required class 'org.springframework.dao.annotation.PersistenceExceptionTranslationPostProcessor' (OnClassCondition)

   PersistenceExceptionTranslationAutoConfiguration#persistenceExceptionTranslationPostProcessor matched:
      - @ConditionalOnProperty (spring.dao.exceptiontranslation.enabled) matched (OnPropertyCondition)
      - @ConditionalOnMissingBean (types: org.springframework.dao.annotation.PersistenceExceptionTranslationPostProcessor; SearchStrategy: all) did not find any beans (OnBeanCondition)

   PropertyPlaceholderAutoConfiguration#propertySourcesPlaceholderConfigurer matched:
      - @ConditionalOnMissingBean (types: org.springframework.context.support.PropertySourcesPlaceholderConfigurer; SearchStrategy: current) did not find any beans (OnBeanCondition)

   RabbitAnnotationDrivenConfiguration matched:
      - @ConditionalOnClass found required class 'org.springframework.amqp.rabbit.annotation.EnableRabbit' (OnClassCondition)

   RabbitAnnotationDrivenConfiguration#directRabbitListenerContainerFactoryConfigurer matched:
      - @ConditionalOnMissingBean (types: org.springframework.boot.autoconfigure.amqp.DirectRabbitListenerContainerFactoryConfigurer; SearchStrategy: all) did not find any beans (OnBeanCondition)
      - @ConditionalOnThreading found PLATFORM (OnThreadingCondition)

   RabbitAnnotationDrivenConfiguration#simpleRabbitListenerContainerFactory matched:
      - @ConditionalOnProperty (spring.rabbitmq.listener.type=simple) matched (OnPropertyCondition)
      - @ConditionalOnMissingBean (names: rabbitListenerContainerFactory; SearchStrategy: all) did not find any beans (OnBeanCondition)

   RabbitAnnotationDrivenConfiguration#simpleRabbitListenerContainerFactoryConfigurer matched:
      - @ConditionalOnMissingBean (types: org.springframework.boot.autoconfigure.amqp.SimpleRabbitListenerContainerFactoryConfigurer; SearchStrategy: all) did not find any beans (OnBeanCondition)
      - @ConditionalOnThreading found PLATFORM (OnThreadingCondition)

   RabbitAnnotationDrivenConfiguration.EnableRabbitConfiguration matched:
      - @ConditionalOnMissingBean (names: org.springframework.amqp.rabbit.config.internalRabbitListenerAnnotationProcessor; SearchStrategy: all) did not find any beans (OnBeanCondition)

   RabbitAutoConfiguration matched:
      - @ConditionalOnClass found required classes 'org.springframework.amqp.rabbit.core.RabbitTemplate', 'com.rabbitmq.client.Channel' (OnClassCondition)

   RabbitAutoConfiguration.MessagingTemplateConfiguration matched:
      - @ConditionalOnClass found required class 'org.springframework.amqp.rabbit.core.RabbitMessagingTemplate' (OnClassCondition)
      - @ConditionalOnMissingBean (types: org.springframework.amqp.rabbit.core.RabbitMessagingTemplate; SearchStrategy: all) did not find any beans (OnBeanCondition)

   RabbitAutoConfiguration.MessagingTemplateConfiguration#rabbitMessagingTemplate matched:
      - @ConditionalOnSingleCandidate (types: org.springframework.amqp.rabbit.core.RabbitTemplate; SearchStrategy: all) found a single bean 'rabbitTemplate' (OnBeanCondition)

   RabbitAutoConfiguration.RabbitConnectionFactoryCreator#rabbitConnectionDetails matched:
      - @ConditionalOnMissingBean (types: org.springframework.boot.autoconfigure.amqp.RabbitConnectionDetails; SearchStrategy: all) did not find any beans (OnBeanCondition)

   RabbitAutoConfiguration.RabbitConnectionFactoryCreator#rabbitConnectionFactory matched:
      - @ConditionalOnMissingBean (types: org.springframework.amqp.rabbit.connection.ConnectionFactory; SearchStrategy: all) did not find any beans (OnBeanCondition)

   RabbitAutoConfiguration.RabbitConnectionFactoryCreator#rabbitConnectionFactoryBeanConfigurer matched:
      - @ConditionalOnMissingBean (types: org.springframework.boot.autoconfigure.amqp.RabbitConnectionFactoryBeanConfigurer; SearchStrategy: all) did not find any beans (OnBeanCondition)

   RabbitAutoConfiguration.RabbitConnectionFactoryCreator#rabbitConnectionFactoryConfigurer matched:
      - @ConditionalOnMissingBean (types: org.springframework.boot.autoconfigure.amqp.CachingConnectionFactoryConfigurer; SearchStrategy: all) did not find any beans (OnBeanCondition)

   RabbitAutoConfiguration.RabbitTemplateConfiguration#amqpAdmin matched:
      - @ConditionalOnProperty (spring.rabbitmq.dynamic) matched (OnPropertyCondition)
      - @ConditionalOnSingleCandidate (types: org.springframework.amqp.rabbit.connection.ConnectionFactory; SearchStrategy: all) found a single bean 'rabbitConnectionFactory'; @ConditionalOnMissingBean (types: org.springframework.amqp.core.AmqpAdmin; SearchStrategy: all) did not find any beans (OnBeanCondition)

   RabbitAutoConfiguration.RabbitTemplateConfiguration#rabbitTemplate matched:
      - @ConditionalOnSingleCandidate (types: org.springframework.amqp.rabbit.connection.ConnectionFactory; SearchStrategy: all) found a single bean 'rabbitConnectionFactory'; @ConditionalOnMissingBean (types: org.springframework.amqp.rabbit.core.RabbitOperations; SearchStrategy: all) did not find any beans (OnBeanCondition)

   RabbitAutoConfiguration.RabbitTemplateConfiguration#rabbitTemplateConfigurer matched:
      - @ConditionalOnMissingBean (types: org.springframework.boot.autoconfigure.amqp.RabbitTemplateConfigurer; SearchStrategy: all) did not find any beans (OnBeanCondition)

   ReactorAutoConfiguration matched:
      - @ConditionalOnClass found required class 'reactor.core.publisher.Hooks' (OnClassCondition)

   ReactorNettyConfigurations.ReactorResourceFactoryConfiguration#reactorResourceFactory matched:
      - @ConditionalOnMissingBean (types: org.springframework.http.client.ReactorResourceFactory; SearchStrategy: all) did not find any beans (OnBeanCondition)

   RepositoryRestMvcAutoConfiguration matched:
      - @ConditionalOnClass found required class 'org.springframework.data.rest.webmvc.config.RepositoryRestMvcConfiguration' (OnClassCondition)
      - found 'session' scope (OnWebApplicationCondition)
      - @ConditionalOnMissingBean (types: org.springframework.data.rest.webmvc.config.RepositoryRestMvcConfiguration; SearchStrategy: all) did not find any beans (OnBeanCondition)

   RestClientAutoConfiguration matched:
      - @ConditionalOnClass found required class 'org.springframework.web.client.RestClient' (OnClassCondition)
      - NoneNestedConditions 0 matched 1 did not; NestedCondition on NotReactiveWebApplicationCondition.ReactiveWebApplication not a reactive web application (NotReactiveWebApplicationCondition)

   RestClientAutoConfiguration#httpMessageConvertersRestClientCustomizer matched:
      - @ConditionalOnMissingBean (types: org.springframework.boot.autoconfigure.web.client.HttpMessageConvertersRestClientCustomizer; SearchStrategy: all) did not find any beans (OnBeanCondition)

   RestClientAutoConfiguration#restClientBuilder matched:
      - @ConditionalOnMissingBean (types: org.springframework.web.client.RestClient$Builder; SearchStrategy: all) did not find any beans (OnBeanCondition)

   RestClientAutoConfiguration#restClientBuilderConfigurer matched:
      - @ConditionalOnMissingBean (types: org.springframework.boot.autoconfigure.web.client.RestClientBuilderConfigurer; SearchStrategy: all) did not find any beans (OnBeanCondition)

   RestClientAutoConfiguration#restClientSsl matched:
      - @ConditionalOnBean (types: org.springframework.boot.ssl.SslBundles; SearchStrategy: all) found bean 'sslBundleRegistry'; @ConditionalOnMissingBean (types: org.springframework.boot.autoconfigure.web.client.RestClientSsl; SearchStrategy: all) did not find any beans (OnBeanCondition)

   RestTemplateAutoConfiguration matched:
      - @ConditionalOnClass found required class 'org.springframework.web.client.RestTemplate' (OnClassCondition)
      - NoneNestedConditions 0 matched 1 did not; NestedCondition on NotReactiveWebApplicationCondition.ReactiveWebApplication not a reactive web application (NotReactiveWebApplicationCondition)

   RestTemplateAutoConfiguration#restTemplateBuilder matched:
      - @ConditionalOnMissingBean (types: org.springframework.boot.web.client.RestTemplateBuilder; SearchStrategy: all) did not find any beans (OnBeanCondition)

   ServletWebServerFactoryAutoConfiguration matched:
      - @ConditionalOnClass found required class 'jakarta.servlet.ServletRequest' (OnClassCondition)
      - found 'session' scope (OnWebApplicationCondition)

   ServletWebServerFactoryAutoConfiguration#tomcatServletWebServerFactoryCustomizer matched:
      - @ConditionalOnClass found required class 'org.apache.catalina.startup.Tomcat' (OnClassCondition)

   SimpleCacheConfiguration matched:
      - Cache org.springframework.boot.autoconfigure.cache.SimpleCacheConfiguration automatic cache type (CacheCondition)

   SqlInitializationAutoConfiguration matched:
      - @ConditionalOnProperty (spring.sql.init.enabled) matched (OnPropertyCondition)
      - NoneNestedConditions 0 matched 1 did not; NestedCondition on SqlInitializationAutoConfiguration.SqlInitializationModeCondition.ModeIsNever @ConditionalOnProperty (spring.sql.init.mode=never) did not find property 'mode' (SqlInitializationAutoConfiguration.SqlInitializationModeCondition)

   SslAutoConfiguration#sslBundleRegistry matched:
      - @ConditionalOnMissingBean (types: org.springframework.boot.ssl.SslBundleRegistry,org.springframework.boot.ssl.SslBundles; SearchStrategy: all) did not find any beans (OnBeanCondition)

   TaskExecutionAutoConfiguration matched:
      - @ConditionalOnClass found required class 'org.springframework.scheduling.concurrent.ThreadPoolTaskExecutor' (OnClassCondition)

   TaskExecutorConfigurations.SimpleAsyncTaskExecutorBuilderConfiguration#simpleAsyncTaskExecutorBuilder matched:
      - @ConditionalOnMissingBean (types: org.springframework.boot.task.SimpleAsyncTaskExecutorBuilder; SearchStrategy: all) did not find any beans (OnBeanCondition)
      - @ConditionalOnThreading found PLATFORM (OnThreadingCondition)

   TaskExecutorConfigurations.TaskExecutorBuilderConfiguration#taskExecutorBuilder matched:
      - @ConditionalOnMissingBean (types: org.springframework.boot.task.TaskExecutorBuilder; SearchStrategy: all) did not find any beans (OnBeanCondition)

   TaskExecutorConfigurations.TaskExecutorConfiguration matched:
      - @ConditionalOnMissingBean (types: java.util.concurrent.Executor; SearchStrategy: all) did not find any beans (OnBeanCondition)

   TaskExecutorConfigurations.TaskExecutorConfiguration#applicationTaskExecutor matched:
      - @ConditionalOnThreading found PLATFORM (OnThreadingCondition)

   TaskExecutorConfigurations.ThreadPoolTaskExecutorBuilderConfiguration#threadPoolTaskExecutorBuilder matched:
      - @ConditionalOnMissingBean (types: org.springframework.boot.task.TaskExecutorBuilder,org.springframework.boot.task.ThreadPoolTaskExecutorBuilder; SearchStrategy: all) did not find any beans (OnBeanCondition)

   TaskSchedulingAutoConfiguration matched:
      - @ConditionalOnClass found required class 'org.springframework.scheduling.concurrent.ThreadPoolTaskScheduler' (OnClassCondition)

   TaskSchedulingAutoConfiguration#scheduledBeanLazyInitializationExcludeFilter matched:
      - @ConditionalOnBean (names: org.springframework.context.annotation.internalScheduledAnnotationProcessor; SearchStrategy: all) found bean 'org.springframework.context.annotation.internalScheduledAnnotationProcessor' (OnBeanCondition)

   TaskSchedulingConfigurations.SimpleAsyncTaskSchedulerBuilderConfiguration#simpleAsyncTaskSchedulerBuilder matched:
      - @ConditionalOnMissingBean (types: org.springframework.boot.task.SimpleAsyncTaskSchedulerBuilder; SearchStrategy: all) did not find any beans (OnBeanCondition)
      - @ConditionalOnThreading found PLATFORM (OnThreadingCondition)

   TaskSchedulingConfigurations.TaskSchedulerBuilderConfiguration#taskSchedulerBuilder matched:
      - @ConditionalOnMissingBean (types: org.springframework.boot.task.TaskSchedulerBuilder; SearchStrategy: all) did not find any beans (OnBeanCondition)

   TaskSchedulingConfigurations.TaskSchedulerConfiguration matched:
      - @ConditionalOnBean (names: org.springframework.context.annotation.internalScheduledAnnotationProcessor; SearchStrategy: all) found bean 'org.springframework.context.annotation.internalScheduledAnnotationProcessor'; @ConditionalOnMissingBean (types: org.springframework.scheduling.TaskScheduler,java.util.concurrent.ScheduledExecutorService; SearchStrategy: all) did not find any beans (OnBeanCondition)

   TaskSchedulingConfigurations.TaskSchedulerConfiguration#taskScheduler matched:
      - @ConditionalOnThreading found PLATFORM (OnThreadingCondition)

   TaskSchedulingConfigurations.ThreadPoolTaskSchedulerBuilderConfiguration#threadPoolTaskSchedulerBuilder matched:
      - @ConditionalOnMissingBean (types: org.springframework.boot.task.TaskSchedulerBuilder,org.springframework.boot.task.ThreadPoolTaskSchedulerBuilder; SearchStrategy: all) did not find any beans (OnBeanCondition)

   TransactionAutoConfiguration matched:
      - @ConditionalOnClass found required class 'org.springframework.transaction.PlatformTransactionManager' (OnClassCondition)

   TransactionAutoConfiguration.EnableTransactionManagementConfiguration matched:
      - @ConditionalOnBean (types: org.springframework.transaction.TransactionManager; SearchStrategy: all) found bean 'transactionManager'; @ConditionalOnMissingBean (types: org.springframework.transaction.annotation.AbstractTransactionManagementConfiguration; SearchStrategy: all) did not find any beans (OnBeanCondition)

   TransactionAutoConfiguration.EnableTransactionManagementConfiguration.CglibAutoProxyConfiguration matched:
      - @ConditionalOnProperty (spring.aop.proxy-target-class=true) matched (OnPropertyCondition)

   TransactionAutoConfiguration.TransactionTemplateConfiguration matched:
      - @ConditionalOnSingleCandidate (types: org.springframework.transaction.PlatformTransactionManager; SearchStrategy: all) found a single bean 'transactionManager' (OnBeanCondition)

   TransactionAutoConfiguration.TransactionTemplateConfiguration#transactionTemplate matched:
      - @ConditionalOnMissingBean (types: org.springframework.transaction.support.TransactionOperations; SearchStrategy: all) did not find any beans (OnBeanCondition)

   TransactionManagerCustomizationAutoConfiguration matched:
      - @ConditionalOnClass found required class 'org.springframework.transaction.PlatformTransactionManager' (OnClassCondition)

   TransactionManagerCustomizationAutoConfiguration#platformTransactionManagerCustomizers matched:
      - @ConditionalOnMissingBean (types: org.springframework.boot.autoconfigure.transaction.TransactionManagerCustomizers; SearchStrategy: all) did not find any beans (OnBeanCondition)

   WebClientAutoConfiguration matched:
      - @ConditionalOnClass found required class 'org.springframework.web.reactive.function.client.WebClient' (OnClassCondition)

   WebClientAutoConfiguration#webClientBuilder matched:
      - @ConditionalOnMissingBean (types: org.springframework.web.reactive.function.client.WebClient$Builder; SearchStrategy: all) did not find any beans (OnBeanCondition)

   WebClientAutoConfiguration#webClientSsl matched:
      - @ConditionalOnBean (types: org.springframework.boot.ssl.SslBundles; SearchStrategy: all) found bean 'sslBundleRegistry'; @ConditionalOnMissingBean (types: org.springframework.boot.autoconfigure.web.reactive.function.client.WebClientSsl; SearchStrategy: all) did not find any beans (OnBeanCondition)

   WebClientAutoConfiguration.WebClientCodecsConfiguration matched:
      - @ConditionalOnBean (types: org.springframework.boot.web.codec.CodecCustomizer; SearchStrategy: all) found beans 'jacksonCodecCustomizer', 'defaultCodecCustomizer' (OnBeanCondition)

   WebClientAutoConfiguration.WebClientCodecsConfiguration#exchangeStrategiesCustomizer matched:
      - @ConditionalOnMissingBean (types: org.springframework.boot.autoconfigure.web.reactive.function.client.WebClientCodecCustomizer; SearchStrategy: all) did not find any beans (OnBeanCondition)

   WebMvcAutoConfiguration matched:
      - @ConditionalOnClass found required classes 'jakarta.servlet.Servlet', 'org.springframework.web.servlet.DispatcherServlet', 'org.springframework.web.servlet.config.annotation.WebMvcConfigurer' (OnClassCondition)
      - found 'session' scope (OnWebApplicationCondition)
      - @ConditionalOnMissingBean (types: org.springframework.web.servlet.config.annotation.WebMvcConfigurationSupport; SearchStrategy: all) did not find any beans (OnBeanCondition)

   WebMvcAutoConfiguration#formContentFilter matched:
      - @ConditionalOnProperty (spring.mvc.formcontent.filter.enabled) matched (OnPropertyCondition)
      - @ConditionalOnMissingBean (types: org.springframework.web.filter.FormContentFilter; SearchStrategy: all) did not find any beans (OnBeanCondition)

   WebMvcAutoConfiguration.EnableWebMvcConfiguration#flashMapManager matched:
      - @ConditionalOnMissingBean (names: flashMapManager; SearchStrategy: all) did not find any beans (OnBeanCondition)

   WebMvcAutoConfiguration.EnableWebMvcConfiguration#localeResolver matched:
      - @ConditionalOnMissingBean (names: localeResolver; SearchStrategy: all) did not find any beans (OnBeanCondition)

   WebMvcAutoConfiguration.EnableWebMvcConfiguration#themeResolver matched:
      - @ConditionalOnMissingBean (names: themeResolver; SearchStrategy: all) did not find any beans (OnBeanCondition)

   WebMvcAutoConfiguration.WebMvcAutoConfigurationAdapter#defaultViewResolver matched:
      - @ConditionalOnMissingBean (types: org.springframework.web.servlet.view.InternalResourceViewResolver; SearchStrategy: all) did not find any beans (OnBeanCondition)

   WebMvcAutoConfiguration.WebMvcAutoConfigurationAdapter#requestContextFilter matched:
      - @ConditionalOnMissingBean (types: org.springframework.web.context.request.RequestContextListener,org.springframework.web.filter.RequestContextFilter; SearchStrategy: all) did not find any beans (OnBeanCondition)

   WebMvcAutoConfiguration.WebMvcAutoConfigurationAdapter#viewResolver matched:
      - @ConditionalOnBean (types: org.springframework.web.servlet.ViewResolver; SearchStrategy: all) found beans 'defaultViewResolver', 'beanNameViewResolver', 'mvcViewResolver'; @ConditionalOnMissingBean (names: viewResolver types: org.springframework.web.servlet.view.ContentNegotiatingViewResolver; SearchStrategy: all) did not find any beans (OnBeanCondition)

   WebSocketServletAutoConfiguration matched:
      - @ConditionalOnClass found required classes 'jakarta.servlet.Servlet', 'jakarta.websocket.server.ServerContainer' (OnClassCondition)
      - found 'session' scope (OnWebApplicationCondition)

   WebSocketServletAutoConfiguration.TomcatWebSocketConfiguration matched:
      - @ConditionalOnClass found required classes 'org.apache.catalina.startup.Tomcat', 'org.apache.tomcat.websocket.server.WsSci' (OnClassCondition)

   WebSocketServletAutoConfiguration.TomcatWebSocketConfiguration#websocketServletWebServerCustomizer matched:
      - @ConditionalOnMissingBean (names: websocketServletWebServerCustomizer; SearchStrategy: all) did not find any beans (OnBeanCondition)


Negative matches:
-----------------

   ActiveMQAutoConfiguration:
      Did not match:
         - @ConditionalOnClass did not find required class 'jakarta.jms.ConnectionFactory' (OnClassCondition)

   AopAutoConfiguration.AspectJAutoProxyingConfiguration.JdkDynamicAutoProxyConfiguration:
      Did not match:
         - @ConditionalOnProperty (spring.aop.proxy-target-class=false) did not find property 'proxy-target-class' (OnPropertyCondition)

   AopAutoConfiguration.ClassProxyingConfiguration:
      Did not match:
         - @ConditionalOnMissingClass found unwanted class 'org.aspectj.weaver.Advice' (OnClassCondition)

   ArtemisAutoConfiguration:
      Did not match:
         - @ConditionalOnClass did not find required class 'jakarta.jms.ConnectionFactory' (OnClassCondition)

   BatchAutoConfiguration:
      Did not match:
         - @ConditionalOnClass did not find required class 'org.springframework.batch.core.launch.JobLauncher' (OnClassCondition)

   Cache2kCacheConfiguration:
      Did not match:
         - @ConditionalOnClass did not find required class 'org.cache2k.Cache2kBuilder' (OnClassCondition)

   CacheAutoConfiguration:
      Did not match:
         - @ConditionalOnBean (types: org.springframework.cache.interceptor.CacheAspectSupport; SearchStrategy: all) did not find any beans of type org.springframework.cache.interceptor.CacheAspectSupport (OnBeanCondition)
      Matched:
         - @ConditionalOnClass found required class 'org.springframework.cache.CacheManager' (OnClassCondition)

   CacheAutoConfiguration.CacheManagerEntityManagerFactoryDependsOnPostProcessor:
      Did not match:
         - Ancestor org.springframework.boot.autoconfigure.cache.CacheAutoConfiguration did not match (ConditionEvaluationReport.AncestorsMatchedCondition)
      Matched:
         - @ConditionalOnClass found required class 'org.springframework.orm.jpa.LocalContainerEntityManagerFactoryBean' (OnClassCondition)

   CaffeineCacheConfiguration:
      Did not match:
         - @ConditionalOnClass did not find required class 'com.github.benmanes.caffeine.cache.Caffeine' (OnClassCondition)

   CassandraAutoConfiguration:
      Did not match:
         - @ConditionalOnClass did not find required class 'com.datastax.oss.driver.api.core.CqlSession' (OnClassCondition)

   CassandraDataAutoConfiguration:
      Did not match:
         - @ConditionalOnClass did not find required class 'com.datastax.oss.driver.api.core.CqlSession' (OnClassCondition)

   CassandraReactiveDataAutoConfiguration:
      Did not match:
         - @ConditionalOnClass did not find required class 'com.datastax.oss.driver.api.core.CqlSession' (OnClassCondition)

   CassandraReactiveRepositoriesAutoConfiguration:
      Did not match:
         - @ConditionalOnClass did not find required class 'org.springframework.data.cassandra.ReactiveSession' (OnClassCondition)

   CassandraRepositoriesAutoConfiguration:
      Did not match:
         - @ConditionalOnClass did not find required class 'com.datastax.oss.driver.api.core.CqlSession' (OnClassCondition)

   ClientHttpConnectorFactoryConfiguration.HttpClient5:
      Did not match:
         - @ConditionalOnClass did not find required classes 'org.apache.hc.client5.http.impl.async.HttpAsyncClients', 'org.apache.hc.core5.http.nio.AsyncRequestProducer', 'org.apache.hc.core5.reactive.ReactiveResponseConsumer' (OnClassCondition)

   ClientHttpConnectorFactoryConfiguration.JdkClient:
      Did not match:
         - @ConditionalOnMissingBean (types: org.springframework.boot.autoconfigure.web.reactive.function.client.ClientHttpConnectorFactory; SearchStrategy: all) found beans of type 'org.springframework.boot.autoconfigure.web.reactive.function.client.ClientHttpConnectorFactory' reactorClientHttpConnectorFactory (OnBeanCondition)
      Matched:
         - @ConditionalOnClass found required class 'java.net.http.HttpClient' (OnClassCondition)

   CouchbaseAutoConfiguration:
      Did not match:
         - @ConditionalOnClass did not find required class 'com.couchbase.client.java.Cluster' (OnClassCondition)

   CouchbaseCacheConfiguration:
      Did not match:
         - @ConditionalOnClass did not find required class 'com.couchbase.client.java.Cluster' (OnClassCondition)

   CouchbaseDataAutoConfiguration:
      Did not match:
         - @ConditionalOnClass did not find required class 'com.couchbase.client.java.Bucket' (OnClassCondition)

   CouchbaseReactiveDataAutoConfiguration:
      Did not match:
         - @ConditionalOnClass did not find required class 'com.couchbase.client.java.Cluster' (OnClassCondition)

   CouchbaseReactiveRepositoriesAutoConfiguration:
      Did not match:
         - @ConditionalOnClass did not find required class 'com.couchbase.client.java.Cluster' (OnClassCondition)

   CouchbaseRepositoriesAutoConfiguration:
      Did not match:
         - @ConditionalOnClass did not find required class 'com.couchbase.client.java.Bucket' (OnClassCondition)

   DataSourceAutoConfiguration.EmbeddedDatabaseConfiguration:
      Did not match:
         - EmbeddedDataSource spring.datasource.url is set (DataSourceAutoConfiguration.EmbeddedDatabaseCondition)

   DataSourceCheckpointRestoreConfiguration:
      Did not match:
         - @ConditionalOnClass did not find required class 'org.crac.Resource' (OnClassCondition)

   DataSourceConfiguration.Dbcp2:
      Did not match:
         - @ConditionalOnClass did not find required class 'org.apache.commons.dbcp2.BasicDataSource' (OnClassCondition)

   DataSourceConfiguration.Generic:
      Did not match:
         - @ConditionalOnProperty (spring.datasource.type) did not find property 'spring.datasource.type' (OnPropertyCondition)

   DataSourceConfiguration.OracleUcp:
      Did not match:
         - @ConditionalOnClass did not find required classes 'oracle.ucp.jdbc.PoolDataSourceImpl', 'oracle.jdbc.OracleConnection' (OnClassCondition)

   DataSourceConfiguration.Tomcat:
      Did not match:
         - @ConditionalOnClass did not find required class 'org.apache.tomcat.jdbc.pool.DataSource' (OnClassCondition)

   DataSourceJmxConfiguration.TomcatDataSourceJmxConfiguration:
      Did not match:
         - @ConditionalOnClass did not find required class 'org.apache.tomcat.jdbc.pool.DataSourceProxy' (OnClassCondition)

   DataSourcePoolMetadataProvidersConfiguration.CommonsDbcp2PoolDataSourceMetadataProviderConfiguration:
      Did not match:
         - @ConditionalOnClass did not find required class 'org.apache.commons.dbcp2.BasicDataSource' (OnClassCondition)

   DataSourcePoolMetadataProvidersConfiguration.OracleUcpPoolDataSourceMetadataProviderConfiguration:
      Did not match:
         - @ConditionalOnClass did not find required classes 'oracle.ucp.jdbc.PoolDataSource', 'oracle.jdbc.OracleConnection' (OnClassCondition)

   DataSourcePoolMetadataProvidersConfiguration.TomcatDataSourcePoolMetadataProviderConfiguration:
      Did not match:
         - @ConditionalOnClass did not find required class 'org.apache.tomcat.jdbc.pool.DataSource' (OnClassCondition)

   DataSourceTransactionManagerAutoConfiguration.JdbcTransactionManagerConfiguration#transactionManager:
      Did not match:
         - @ConditionalOnMissingBean (types: org.springframework.transaction.TransactionManager; SearchStrategy: all) found beans of type 'org.springframework.transaction.TransactionManager' transactionManager (OnBeanCondition)

   DispatcherServletAutoConfiguration.DispatcherServletConfiguration#multipartResolver:
      Did not match:
         - @ConditionalOnBean (types: org.springframework.web.multipart.MultipartResolver; SearchStrategy: all) did not find any beans of type org.springframework.web.multipart.MultipartResolver (OnBeanCondition)

   ElasticsearchClientAutoConfiguration:
      Did not match:
         - @ConditionalOnClass did not find required class 'co.elastic.clients.elasticsearch.ElasticsearchClient' (OnClassCondition)

   ElasticsearchDataAutoConfiguration:
      Did not match:
         - @ConditionalOnClass did not find required class 'org.springframework.data.elasticsearch.client.elc.ElasticsearchTemplate' (OnClassCondition)

   ElasticsearchRepositoriesAutoConfiguration:
      Did not match:
         - @ConditionalOnClass did not find required class 'org.springframework.data.elasticsearch.repository.ElasticsearchRepository' (OnClassCondition)

   ElasticsearchRestClientAutoConfiguration:
      Did not match:
         - @ConditionalOnClass did not find required class 'org.elasticsearch.client.RestClientBuilder' (OnClassCondition)

   EmbeddedLdapAutoConfiguration:
      Did not match:
         - @ConditionalOnClass did not find required class 'com.unboundid.ldap.listener.InMemoryDirectoryServer' (OnClassCondition)

   EmbeddedWebServerFactoryCustomizerAutoConfiguration.JettyWebServerFactoryCustomizerConfiguration:
      Did not match:
         - @ConditionalOnClass did not find required classes 'org.eclipse.jetty.server.Server', 'org.eclipse.jetty.util.Loader', 'org.eclipse.jetty.ee10.webapp.WebAppContext' (OnClassCondition)

   EmbeddedWebServerFactoryCustomizerAutoConfiguration.TomcatWebServerFactoryCustomizerConfiguration#tomcatVirtualThreadsProtocolHandlerCustomizer:
      Did not match:
         - @ConditionalOnThreading did not find VIRTUAL (OnThreadingCondition)

   EmbeddedWebServerFactoryCustomizerAutoConfiguration.UndertowWebServerFactoryCustomizerConfiguration:
      Did not match:
         - @ConditionalOnClass did not find required classes 'io.undertow.Undertow', 'org.xnio.SslClientAuthMode' (OnClassCondition)

   ErrorWebFluxAutoConfiguration:
      Did not match:
         - not a reactive web application (OnWebApplicationCondition)
      Matched:
         - @ConditionalOnClass found required class 'org.springframework.web.reactive.config.WebFluxConfigurer' (OnClassCondition)

   FlywayAutoConfiguration:
      Did not match:
         - @ConditionalOnClass did not find required class 'org.flywaydb.core.Flyway' (OnClassCondition)

   FreeMarkerAutoConfiguration:
      Did not match:
         - @ConditionalOnClass did not find required class 'freemarker.template.Configuration' (OnClassCondition)

   GraphQlAutoConfiguration:
      Did not match:
         - @ConditionalOnClass did not find required class 'graphql.GraphQL' (OnClassCondition)

   GraphQlQueryByExampleAutoConfiguration:
      Did not match:
         - @ConditionalOnClass did not find required class 'graphql.GraphQL' (OnClassCondition)

   GraphQlQuerydslAutoConfiguration:
      Did not match:
         - @ConditionalOnClass did not find required class 'com.querydsl.core.Query' (OnClassCondition)

   GraphQlRSocketAutoConfiguration:
      Did not match:
         - @ConditionalOnClass did not find required class 'graphql.GraphQL' (OnClassCondition)

   GraphQlReactiveQueryByExampleAutoConfiguration:
      Did not match:
         - @ConditionalOnClass did not find required class 'graphql.GraphQL' (OnClassCondition)

   GraphQlReactiveQuerydslAutoConfiguration:
      Did not match:
         - @ConditionalOnClass did not find required class 'com.querydsl.core.Query' (OnClassCondition)

   GraphQlWebFluxAutoConfiguration:
      Did not match:
         - @ConditionalOnClass did not find required class 'graphql.GraphQL' (OnClassCondition)

   GraphQlWebFluxSecurityAutoConfiguration:
      Did not match:
         - @ConditionalOnClass did not find required class 'graphql.GraphQL' (OnClassCondition)

   GraphQlWebMvcAutoConfiguration:
      Did not match:
         - @ConditionalOnClass did not find required class 'graphql.GraphQL' (OnClassCondition)

   GraphQlWebMvcSecurityAutoConfiguration:
      Did not match:
         - @ConditionalOnClass did not find required class 'graphql.GraphQL' (OnClassCondition)

   GroovyTemplateAutoConfiguration:
      Did not match:
         - @ConditionalOnClass did not find required class 'groovy.text.markup.MarkupTemplateEngine' (OnClassCondition)

   GsonHttpMessageConvertersConfiguration.GsonHttpMessageConverterConfiguration:
      Did not match:
         - AnyNestedCondition 0 matched 2 did not; NestedCondition on GsonHttpMessageConvertersConfiguration.PreferGsonOrJacksonAndJsonbUnavailableCondition.JacksonJsonbUnavailable NoneNestedConditions 1 matched 1 did not; NestedCondition on GsonHttpMessageConvertersConfiguration.JacksonAndJsonbUnavailableCondition.JsonbPreferred @ConditionalOnProperty (spring.mvc.converters.preferred-json-mapper=jsonb) did not find property 'spring.mvc.converters.preferred-json-mapper'; NestedCondition on GsonHttpMessageConvertersConfiguration.JacksonAndJsonbUnavailableCondition.JacksonAvailable @ConditionalOnBean (types: org.springframework.http.converter.json.MappingJackson2HttpMessageConverter; SearchStrategy: all) found bean 'mappingJackson2HttpMessageConverter'; NestedCondition on GsonHttpMessageConvertersConfiguration.PreferGsonOrJacksonAndJsonbUnavailableCondition.GsonPreferred @ConditionalOnProperty (spring.mvc.converters.preferred-json-mapper=gson) did not find property 'spring.mvc.converters.preferred-json-mapper' (GsonHttpMessageConvertersConfiguration.PreferGsonOrJacksonAndJsonbUnavailableCondition)

   HazelcastAutoConfiguration:
      Did not match:
         - @ConditionalOnClass did not find required class 'com.hazelcast.core.HazelcastInstance' (OnClassCondition)

   HazelcastCacheConfiguration:
      Did not match:
         - @ConditionalOnClass did not find required class 'com.hazelcast.core.HazelcastInstance' (OnClassCondition)

   HazelcastJpaDependencyAutoConfiguration:
      Did not match:
         - @ConditionalOnClass did not find required class 'com.hazelcast.core.HazelcastInstance' (OnClassCondition)

   HttpHandlerAutoConfiguration:
      Did not match:
         - not a reactive web application (OnWebApplicationCondition)
      Matched:
         - @ConditionalOnClass found required classes 'org.springframework.web.reactive.DispatcherHandler', 'org.springframework.http.server.reactive.HttpHandler' (OnClassCondition)

   HypermediaAutoConfiguration.HypermediaConfiguration:
      Did not match:
         - @ConditionalOnMissingBean (types: org.springframework.hateoas.client.LinkDiscoverers; SearchStrategy: all) found beans of type 'org.springframework.hateoas.client.LinkDiscoverers' linkDiscoverers (OnBeanCondition)
      Matched:
         - @ConditionalOnClass found required class 'com.fasterxml.jackson.databind.ObjectMapper' (OnClassCondition)

   InfinispanCacheConfiguration:
      Did not match:
         - @ConditionalOnClass did not find required class 'org.infinispan.spring.embedded.provider.SpringEmbeddedCacheManager' (OnClassCondition)

   InfluxDbAutoConfiguration:
      Did not match:
         - @ConditionalOnClass did not find required class 'org.influxdb.InfluxDB' (OnClassCondition)

   IntegrationAutoConfiguration:
      Did not match:
         - @ConditionalOnClass did not find required class 'org.springframework.integration.config.EnableIntegration' (OnClassCondition)

   JCacheCacheConfiguration:
      Did not match:
         - @ConditionalOnClass did not find required class 'javax.cache.Caching' (OnClassCondition)

   JacksonHttpMessageConvertersConfiguration.MappingJackson2XmlHttpMessageConverterConfiguration:
      Did not match:
         - @ConditionalOnClass did not find required class 'com.fasterxml.jackson.dataformat.xml.XmlMapper' (OnClassCondition)

   JdbcRepositoriesAutoConfiguration:
      Did not match:
         - @ConditionalOnClass did not find required class 'org.springframework.data.jdbc.repository.config.AbstractJdbcConfiguration' (OnClassCondition)

   JerseyAutoConfiguration:
      Did not match:
         - @ConditionalOnClass did not find required class 'org.glassfish.jersey.server.spring.SpringComponentProvider' (OnClassCondition)

   JmsAutoConfiguration:
      Did not match:
         - @ConditionalOnClass did not find required class 'jakarta.jms.Message' (OnClassCondition)

   JmxAutoConfiguration:
      Did not match:
         - @ConditionalOnProperty (spring.jmx.enabled=true) did not find property 'enabled' (OnPropertyCondition)
      Matched:
         - @ConditionalOnClass found required class 'org.springframework.jmx.export.MBeanExporter' (OnClassCondition)

   JndiConnectionFactoryAutoConfiguration:
      Did not match:
         - @ConditionalOnClass did not find required class 'org.springframework.jms.core.JmsTemplate' (OnClassCondition)

   JndiDataSourceAutoConfiguration:
      Did not match:
         - @ConditionalOnProperty (spring.datasource.jndi-name) did not find property 'jndi-name' (OnPropertyCondition)
      Matched:
         - @ConditionalOnClass found required classes 'javax.sql.DataSource', 'org.springframework.jdbc.datasource.embedded.EmbeddedDatabaseType' (OnClassCondition)

   JndiJtaConfiguration:
      Did not match:
         - @ConditionalOnJndi JNDI environment is not available (OnJndiCondition)
      Matched:
         - @ConditionalOnClass found required class 'org.springframework.transaction.jta.JtaTransactionManager' (OnClassCondition)

   JooqAutoConfiguration:
      Did not match:
         - @ConditionalOnClass did not find required class 'org.jooq.DSLContext' (OnClassCondition)

   JpaRepositoriesAutoConfiguration#entityManagerFactoryBootstrapExecutorCustomizer:
      Did not match:
         - AnyNestedCondition 0 matched 2 did not; NestedCondition on JpaRepositoriesAutoConfiguration.BootstrapExecutorCondition.LazyBootstrapMode @ConditionalOnProperty (spring.data.jpa.repositories.bootstrap-mode=lazy) did not find property 'bootstrap-mode'; NestedCondition on JpaRepositoriesAutoConfiguration.BootstrapExecutorCondition.DeferredBootstrapMode @ConditionalOnProperty (spring.data.jpa.repositories.bootstrap-mode=deferred) did not find property 'bootstrap-mode' (JpaRepositoriesAutoConfiguration.BootstrapExecutorCondition)

   JsonbAutoConfiguration:
      Did not match:
         - @ConditionalOnClass did not find required class 'jakarta.json.bind.Jsonb' (OnClassCondition)

   JsonbHttpMessageConvertersConfiguration:
      Did not match:
         - @ConditionalOnClass did not find required class 'jakarta.json.bind.Jsonb' (OnClassCondition)

   KafkaAutoConfiguration:
      Did not match:
         - @ConditionalOnClass did not find required class 'org.springframework.kafka.core.KafkaTemplate' (OnClassCondition)

   LdapAutoConfiguration:
      Did not match:
         - @ConditionalOnClass did not find required class 'org.springframework.ldap.core.ContextSource' (OnClassCondition)

   LdapRepositoriesAutoConfiguration:
      Did not match:
         - @ConditionalOnClass did not find required class 'org.springframework.data.ldap.repository.LdapRepository' (OnClassCondition)

   LiquibaseAutoConfiguration:
      Did not match:
         - @ConditionalOnClass did not find required class 'liquibase.change.DatabaseChange' (OnClassCondition)

   MailSenderAutoConfiguration:
      Did not match:
         - @ConditionalOnClass did not find required class 'jakarta.mail.internet.MimeMessage' (OnClassCondition)

   MailSenderValidatorAutoConfiguration:
      Did not match:
         - @ConditionalOnSingleCandidate did not find required type 'org.springframework.mail.javamail.JavaMailSenderImpl' (OnBeanCondition)

   MessageSourceAutoConfiguration:
      Did not match:
         - ResourceBundle did not find bundle with basename messages (MessageSourceAutoConfiguration.ResourceBundleCondition)

   MongoAutoConfiguration:
      Did not match:
         - @ConditionalOnClass did not find required class 'com.mongodb.client.MongoClient' (OnClassCondition)

   MongoDataAutoConfiguration:
      Did not match:
         - @ConditionalOnClass did not find required class 'com.mongodb.client.MongoClient' (OnClassCondition)

   MongoReactiveAutoConfiguration:
      Did not match:
         - @ConditionalOnClass did not find required class 'com.mongodb.reactivestreams.client.MongoClient' (OnClassCondition)

   MongoReactiveDataAutoConfiguration:
      Did not match:
         - @ConditionalOnClass did not find required class 'com.mongodb.reactivestreams.client.MongoClient' (OnClassCondition)

   MongoReactiveRepositoriesAutoConfiguration:
      Did not match:
         - @ConditionalOnClass did not find required class 'com.mongodb.reactivestreams.client.MongoClient' (OnClassCondition)

   MongoRepositoriesAutoConfiguration:
      Did not match:
         - @ConditionalOnClass did not find required class 'com.mongodb.client.MongoClient' (OnClassCondition)

   MustacheAutoConfiguration:
      Did not match:
         - @ConditionalOnClass did not find required class 'com.samskivert.mustache.Mustache' (OnClassCondition)

   Neo4jAutoConfiguration:
      Did not match:
         - @ConditionalOnClass did not find required class 'org.neo4j.driver.Driver' (OnClassCondition)

   Neo4jDataAutoConfiguration:
      Did not match:
         - @ConditionalOnClass did not find required class 'org.neo4j.driver.Driver' (OnClassCondition)

   Neo4jReactiveDataAutoConfiguration:
      Did not match:
         - @ConditionalOnClass did not find required class 'org.neo4j.driver.Driver' (OnClassCondition)

   Neo4jReactiveRepositoriesAutoConfiguration:
      Did not match:
         - @ConditionalOnClass did not find required class 'org.neo4j.driver.Driver' (OnClassCondition)

   Neo4jRepositoriesAutoConfiguration:
      Did not match:
         - @ConditionalOnClass did not find required class 'org.neo4j.driver.Driver' (OnClassCondition)

   OAuth2AuthorizationServerAutoConfiguration:
      Did not match:
         - @ConditionalOnClass did not find required class 'org.springframework.security.oauth2.server.authorization.OAuth2Authorization' (OnClassCondition)

   OAuth2AuthorizationServerJwtAutoConfiguration:
      Did not match:
         - @ConditionalOnClass did not find required class 'org.springframework.security.oauth2.server.authorization.OAuth2Authorization' (OnClassCondition)

   OAuth2ClientAutoConfiguration:
      Did not match:
         - @ConditionalOnClass did not find required class 'org.springframework.security.config.annotation.web.configuration.EnableWebSecurity' (OnClassCondition)

   OAuth2ResourceServerAutoConfiguration:
      Did not match:
         - @ConditionalOnClass did not find required class 'org.springframework.security.oauth2.server.resource.authentication.BearerTokenAuthenticationToken' (OnClassCondition)

   ProjectInfoAutoConfiguration#buildProperties:
      Did not match:
         - @ConditionalOnResource did not find resource '${spring.info.build.location:classpath:META-INF/build-info.properties}' (OnResourceCondition)

   ProjectInfoAutoConfiguration#gitProperties:
      Did not match:
         - GitResource did not find git info at classpath:git.properties (ProjectInfoAutoConfiguration.GitResourceAvailableCondition)

   PulsarAutoConfiguration:
      Did not match:
         - @ConditionalOnClass did not find required class 'org.apache.pulsar.client.api.PulsarClient' (OnClassCondition)

   PulsarReactiveAutoConfiguration:
      Did not match:
         - @ConditionalOnClass did not find required class 'org.apache.pulsar.client.api.PulsarClient' (OnClassCondition)

   QuartzAutoConfiguration:
      Did not match:
         - @ConditionalOnClass did not find required class 'org.quartz.Scheduler' (OnClassCondition)

   R2dbcAutoConfiguration:
      Did not match:
         - @ConditionalOnClass did not find required class 'io.r2dbc.spi.ConnectionFactory' (OnClassCondition)

   R2dbcDataAutoConfiguration:
      Did not match:
         - @ConditionalOnClass did not find required class 'org.springframework.data.r2dbc.core.R2dbcEntityTemplate' (OnClassCondition)

   R2dbcInitializationConfiguration:
      Did not match:
         - @ConditionalOnClass did not find required classes 'io.r2dbc.spi.ConnectionFactory', 'org.springframework.r2dbc.connection.init.DatabasePopulator' (OnClassCondition)

   R2dbcRepositoriesAutoConfiguration:
      Did not match:
         - @ConditionalOnClass did not find required class 'io.r2dbc.spi.ConnectionFactory' (OnClassCondition)

   R2dbcTransactionManagerAutoConfiguration:
      Did not match:
         - @ConditionalOnClass did not find required class 'org.springframework.r2dbc.connection.R2dbcTransactionManager' (OnClassCondition)

   RSocketGraphQlClientAutoConfiguration:
      Did not match:
         - @ConditionalOnClass did not find required class 'graphql.GraphQL' (OnClassCondition)

   RSocketMessagingAutoConfiguration:
      Did not match:
         - @ConditionalOnClass did not find required class 'io.rsocket.RSocket' (OnClassCondition)

   RSocketRequesterAutoConfiguration:
      Did not match:
         - @ConditionalOnClass did not find required class 'io.rsocket.RSocket' (OnClassCondition)

   RSocketSecurityAutoConfiguration:
      Did not match:
         - @ConditionalOnClass did not find required class 'org.springframework.security.rsocket.core.SecuritySocketAcceptorInterceptor' (OnClassCondition)

   RSocketServerAutoConfiguration:
      Did not match:
         - @ConditionalOnClass did not find required class 'io.rsocket.core.RSocketServer' (OnClassCondition)

   RSocketStrategiesAutoConfiguration:
      Did not match:
         - @ConditionalOnClass did not find required class 'io.rsocket.RSocket' (OnClassCondition)

   RabbitAnnotationDrivenConfiguration#directRabbitListenerContainerFactory:
      Did not match:
         - @ConditionalOnProperty (spring.rabbitmq.listener.type=direct) did not find property 'type' (OnPropertyCondition)

   RabbitAnnotationDrivenConfiguration#directRabbitListenerContainerFactoryConfigurerVirtualThreads:
      Did not match:
         - @ConditionalOnMissingBean (types: org.springframework.boot.autoconfigure.amqp.DirectRabbitListenerContainerFactoryConfigurer; SearchStrategy: all) found beans of type 'org.springframework.boot.autoconfigure.amqp.DirectRabbitListenerContainerFactoryConfigurer' directRabbitListenerContainerFactoryConfigurer (OnBeanCondition)

   RabbitAnnotationDrivenConfiguration#simpleRabbitListenerContainerFactoryConfigurerVirtualThreads:
      Did not match:
         - @ConditionalOnMissingBean (types: org.springframework.boot.autoconfigure.amqp.SimpleRabbitListenerContainerFactoryConfigurer; SearchStrategy: all) found beans of type 'org.springframework.boot.autoconfigure.amqp.SimpleRabbitListenerContainerFactoryConfigurer' simpleRabbitListenerContainerFactoryConfigurer (OnBeanCondition)

   RabbitStreamConfiguration:
      Did not match:
         - @ConditionalOnClass did not find required class 'org.springframework.rabbit.stream.config.StreamRabbitListenerContainerFactory' (OnClassCondition)

   ReactiveElasticsearchClientAutoConfiguration:
      Did not match:
         - @ConditionalOnClass did not find required class 'co.elastic.clients.transport.ElasticsearchTransport' (OnClassCondition)

   ReactiveElasticsearchRepositoriesAutoConfiguration:
      Did not match:
         - @ConditionalOnClass did not find required class 'org.springframework.data.elasticsearch.client.elc.ReactiveElasticsearchClient' (OnClassCondition)

   ReactiveMultipartAutoConfiguration:
      Did not match:
         - not a reactive web application (OnWebApplicationCondition)
      Matched:
         - @ConditionalOnClass found required classes 'org.springframework.http.codec.multipart.DefaultPartHttpMessageReader', 'org.springframework.web.reactive.config.WebFluxConfigurer' (OnClassCondition)

   ReactiveOAuth2ClientAutoConfiguration:
      Did not match:
         - @ConditionalOnClass did not find required class 'org.springframework.security.config.annotation.web.reactive.EnableWebFluxSecurity' (OnClassCondition)

   ReactiveOAuth2ResourceServerAutoConfiguration:
      Did not match:
         - @ConditionalOnClass did not find required class 'org.springframework.security.config.annotation.web.reactive.EnableWebFluxSecurity' (OnClassCondition)

   ReactiveSecurityAutoConfiguration:
      Did not match:
         - @ConditionalOnClass did not find required class 'org.springframework.security.config.annotation.web.reactive.EnableWebFluxSecurity' (OnClassCondition)

   ReactiveUserDetailsServiceAutoConfiguration:
      Did not match:
         - @ConditionalOnClass did not find required class 'org.springframework.security.authentication.ReactiveAuthenticationManager' (OnClassCondition)

   ReactiveWebServerFactoryAutoConfiguration:
      Did not match:
         - not a reactive web application (OnWebApplicationCondition)
      Matched:
         - @ConditionalOnClass found required class 'org.springframework.http.ReactiveHttpInputMessage' (OnClassCondition)

   RedisAutoConfiguration:
      Did not match:
         - @ConditionalOnClass did not find required class 'org.springframework.data.redis.core.RedisOperations' (OnClassCondition)

   RedisCacheConfiguration:
      Did not match:
         - @ConditionalOnClass did not find required class 'org.springframework.data.redis.connection.RedisConnectionFactory' (OnClassCondition)

   RedisReactiveAutoConfiguration:
      Did not match:
         - @ConditionalOnClass did not find required class 'org.springframework.data.redis.connection.ReactiveRedisConnectionFactory' (OnClassCondition)

   RedisRepositoriesAutoConfiguration:
      Did not match:
         - @ConditionalOnClass did not find required class 'org.springframework.data.redis.repository.configuration.EnableRedisRepositories' (OnClassCondition)

   Saml2RelyingPartyAutoConfiguration:
      Did not match:
         - @ConditionalOnClass did not find required class 'org.springframework.security.saml2.provider.service.registration.RelyingPartyRegistrationRepository' (OnClassCondition)

   SecurityAutoConfiguration:
      Did not match:
         - @ConditionalOnClass did not find required class 'org.springframework.security.authentication.DefaultAuthenticationEventPublisher' (OnClassCondition)

   SecurityFilterAutoConfiguration:
      Did not match:
         - @ConditionalOnClass did not find required class 'org.springframework.security.config.http.SessionCreationPolicy' (OnClassCondition)

   SendGridAutoConfiguration:
      Did not match:
         - @ConditionalOnClass did not find required class 'com.sendgrid.SendGrid' (OnClassCondition)

   ServletWebServerFactoryAutoConfiguration.ForwardedHeaderFilterConfiguration:
      Did not match:
         - @ConditionalOnProperty (server.forward-headers-strategy=framework) did not find property 'server.forward-headers-strategy' (OnPropertyCondition)

   ServletWebServerFactoryConfiguration.EmbeddedJetty:
      Did not match:
         - @ConditionalOnClass did not find required classes 'org.eclipse.jetty.server.Server', 'org.eclipse.jetty.util.Loader', 'org.eclipse.jetty.ee10.webapp.WebAppContext' (OnClassCondition)

   ServletWebServerFactoryConfiguration.EmbeddedTomcat:
      Did not match:
         - @ConditionalOnMissingBean (types: org.springframework.boot.web.servlet.server.ServletWebServerFactory; SearchStrategy: current) found beans of type 'org.springframework.boot.web.servlet.server.ServletWebServerFactory' tomcatFactory (OnBeanCondition)
      Matched:
         - @ConditionalOnClass found required classes 'jakarta.servlet.Servlet', 'org.apache.catalina.startup.Tomcat', 'org.apache.coyote.UpgradeProtocol' (OnClassCondition)

   ServletWebServerFactoryConfiguration.EmbeddedUndertow:
      Did not match:
         - @ConditionalOnClass did not find required classes 'io.undertow.Undertow', 'org.xnio.SslClientAuthMode' (OnClassCondition)

   SessionAutoConfiguration:
      Did not match:
         - @ConditionalOnClass did not find required class 'org.springframework.session.Session' (OnClassCondition)

   SpringApplicationAdminJmxAutoConfiguration:
      Did not match:
         - @ConditionalOnProperty (spring.application.admin.enabled=true) did not find property 'enabled' (OnPropertyCondition)

   SpringDataWebAutoConfiguration:
      Did not match:
         - @ConditionalOnMissingBean (types: org.springframework.data.web.PageableHandlerMethodArgumentResolver; SearchStrategy: all) found beans of type 'org.springframework.data.web.PageableHandlerMethodArgumentResolver' pageableResolver (OnBeanCondition)
      Matched:
         - @ConditionalOnClass found required classes 'org.springframework.data.web.PageableHandlerMethodArgumentResolver', 'org.springframework.web.servlet.config.annotation.WebMvcConfigurer' (OnClassCondition)
         - found 'session' scope (OnWebApplicationCondition)

   TaskExecutorConfigurations.SimpleAsyncTaskExecutorBuilderConfiguration#simpleAsyncTaskExecutorBuilderVirtualThreads:
      Did not match:
         - @ConditionalOnMissingBean (types: org.springframework.boot.task.SimpleAsyncTaskExecutorBuilder; SearchStrategy: all) found beans of type 'org.springframework.boot.task.SimpleAsyncTaskExecutorBuilder' simpleAsyncTaskExecutorBuilder (OnBeanCondition)

   TaskExecutorConfigurations.TaskExecutorConfiguration#applicationTaskExecutorVirtualThreads:
      Did not match:
         - @ConditionalOnThreading did not find VIRTUAL (OnThreadingCondition)

   TaskSchedulingConfigurations.SimpleAsyncTaskSchedulerBuilderConfiguration#simpleAsyncTaskSchedulerBuilderVirtualThreads:
      Did not match:
         - @ConditionalOnMissingBean (types: org.springframework.boot.task.SimpleAsyncTaskSchedulerBuilder; SearchStrategy: all) found beans of type 'org.springframework.boot.task.SimpleAsyncTaskSchedulerBuilder' simpleAsyncTaskSchedulerBuilder (OnBeanCondition)

   TaskSchedulingConfigurations.TaskSchedulerConfiguration#taskSchedulerVirtualThreads:
      Did not match:
         - @ConditionalOnThreading did not find VIRTUAL (OnThreadingCondition)

   ThymeleafAutoConfiguration:
      Did not match:
         - @ConditionalOnClass did not find required class 'org.thymeleaf.spring6.SpringTemplateEngine' (OnClassCondition)

   TransactionAutoConfiguration#transactionalOperator:
      Did not match:
         - @ConditionalOnSingleCandidate (types: org.springframework.transaction.ReactiveTransactionManager; SearchStrategy: all) did not find any beans (OnBeanCondition)

   TransactionAutoConfiguration.AspectJTransactionManagementConfiguration:
      Did not match:
         - @ConditionalOnBean (types: org.springframework.transaction.aspectj.AbstractTransactionAspect; SearchStrategy: all) did not find any beans of type org.springframework.transaction.aspectj.AbstractTransactionAspect (OnBeanCondition)

   TransactionAutoConfiguration.EnableTransactionManagementConfiguration.JdkDynamicAutoProxyConfiguration:
      Did not match:
         - @ConditionalOnProperty (spring.aop.proxy-target-class=false) did not find property 'proxy-target-class' (OnPropertyCondition)

   UserDetailsServiceAutoConfiguration:
      Did not match:
         - @ConditionalOnClass did not find required class 'org.springframework.security.authentication.AuthenticationManager' (OnClassCondition)

   ValidationAutoConfiguration:
      Did not match:
         - @ConditionalOnClass did not find required class 'jakarta.validation.executable.ExecutableValidator' (OnClassCondition)

   WebFluxAutoConfiguration:
      Did not match:
         - not a reactive web application (OnWebApplicationCondition)
      Matched:
         - @ConditionalOnClass found required class 'org.springframework.web.reactive.config.WebFluxConfigurer' (OnClassCondition)

   WebMvcAutoConfiguration#hiddenHttpMethodFilter:
      Did not match:
         - @ConditionalOnProperty (spring.mvc.hiddenmethod.filter.enabled) did not find property 'enabled' (OnPropertyCondition)

   WebMvcAutoConfiguration.ProblemDetailsErrorHandlingConfiguration:
      Did not match:
         - @ConditionalOnProperty (spring.mvc.problemdetails.enabled=true) did not find property 'enabled' (OnPropertyCondition)

   WebMvcAutoConfiguration.ResourceChainCustomizerConfiguration:
      Did not match:
         - @ConditionalOnEnabledResourceChain did not find class org.webjars.WebJarAssetLocator (OnEnabledResourceChainCondition)

   WebMvcAutoConfiguration.WebMvcAutoConfigurationAdapter#beanNameViewResolver:
      Did not match:
         - @ConditionalOnMissingBean (types: org.springframework.web.servlet.view.BeanNameViewResolver; SearchStrategy: all) found beans of type 'org.springframework.web.servlet.view.BeanNameViewResolver' beanNameViewResolver (OnBeanCondition)

   WebServiceTemplateAutoConfiguration:
      Did not match:
         - @ConditionalOnClass did not find required class 'org.springframework.oxm.Marshaller' (OnClassCondition)

   WebServicesAutoConfiguration:
      Did not match:
         - @ConditionalOnClass did not find required class 'org.springframework.ws.transport.http.MessageDispatcherServlet' (OnClassCondition)

   WebSessionIdResolverAutoConfiguration:
      Did not match:
         - not a reactive web application (OnWebApplicationCondition)
      Matched:
         - @ConditionalOnClass found required classes 'org.springframework.web.server.session.WebSessionManager', 'reactor.core.publisher.Mono' (OnClassCondition)

   WebSocketMessagingAutoConfiguration:
      Did not match:
         - @ConditionalOnClass did not find required class 'org.springframework.web.socket.config.annotation.WebSocketMessageBrokerConfigurer' (OnClassCondition)

   WebSocketReactiveAutoConfiguration:
      Did not match:
         - not a reactive web application (OnWebApplicationCondition)
      Matched:
         - @ConditionalOnClass found required classes 'jakarta.servlet.Servlet', 'jakarta.websocket.server.ServerContainer' (OnClassCondition)

   WebSocketServletAutoConfiguration.JettyWebSocketConfiguration:
      Did not match:
         - @ConditionalOnClass did not find required class 'org.eclipse.jetty.ee10.websocket.jakarta.server.config.JakartaWebSocketServletContainerInitializer' (OnClassCondition)

   WebSocketServletAutoConfiguration.UndertowWebSocketConfiguration:
      Did not match:
         - @ConditionalOnClass did not find required class 'io.undertow.websockets.jsr.Bootstrap' (OnClassCondition)

   XADataSourceAutoConfiguration:
      Did not match:
         - @ConditionalOnBean (types: org.springframework.boot.jdbc.XADataSourceWrapper; SearchStrategy: all) did not find any beans of type org.springframework.boot.jdbc.XADataSourceWrapper (OnBeanCondition)
      Matched:
         - @ConditionalOnClass found required classes 'javax.sql.DataSource', 'jakarta.transaction.TransactionManager', 'org.springframework.jdbc.datasource.embedded.EmbeddedDatabaseType' (OnClassCondition)


Exclusions:
-----------

    None


Unconditional classes:
----------------------

    org.springframework.boot.autoconfigure.context.ConfigurationPropertiesAutoConfiguration

    org.springframework.boot.autoconfigure.ssl.SslAutoConfiguration

    org.springframework.boot.autoconfigure.context.PropertyPlaceholderAutoConfiguration

    org.springframework.boot.autoconfigure.context.LifecycleAutoConfiguration

    org.springframework.boot.autoconfigure.availability.ApplicationAvailabilityAutoConfiguration

    org.springframework.boot.autoconfigure.info.ProjectInfoAutoConfiguration



2026-01-22 16:13:41 DEBUG o.s.s.c.ThreadPoolTaskScheduler [main] - Initializing ExecutorService
2026-01-22 16:13:41 DEBUG c.k.v.e.offline.SchedulerConfig [main] - Thread pool initialized with prefix: vscu-thread-
2026-01-22 16:13:41 INFO  com.kra.vsdc.VsdcApplication [main] - Started VsdcApplication in 7.518 seconds (process running for 8.162)
2026-01-22 16:13:41 DEBUG o.s.b.a.ApplicationAvailabilityBean [main] - Application availability state LivenessState changed to CORRECT
2026-01-22 16:13:41 DEBUG o.s.b.a.ApplicationAvailabilityBean [main] - Application availability state ReadinessState changed to ACCEPTING_TRAFFIC
2026-01-22 16:13:41 INFO  com.kra.vsdc.VsdcApplication [main] - <===== VSCU APPLICATION HAS STARTED SUCCESSFULLY =====>
2026-01-22 16:13:41 INFO  com.kra.vsdc.VsdcApplication [main] - -------------------------------------------------------
2026-01-22 16:13:41 INFO  com.kra.vsdc.VsdcApplication [main] - Java Version: v17.0.12
2026-01-22 16:13:41 INFO  com.kra.vsdc.VsdcApplication [main] - Spring Boot Version: v3.2.3
2026-01-22 16:13:41 INFO  com.kra.vsdc.VsdcApplication [main] - Running on Port: 8090
2026-01-22 16:13:41 INFO  com.kra.vsdc.VsdcApplication [main] - Process ID (PID): 21356
2026-01-22 16:13:41 INFO  com.kra.vsdc.VsdcApplication [main] - Active Profiles: sbx
2026-01-22 16:13:41 INFO  com.kra.vsdc.VsdcApplication [main] - Base Endpoint: http://192.168.56.1:8090
2026-01-22 16:13:41 INFO  com.kra.vsdc.VsdcApplication [main] - -------------------------------------------------------
2026-01-22 16:13:42 DEBUG i.m.c.u.i.l.InternalLoggerFactory [vscu-thread-1] - Using SLF4J as the default logging framework
2026-01-22 16:13:42 INFO  c.k.v.execute.offline.ResendSchedule [vscu-thread-1] - Executing Resend Schedule
2026-01-22 16:13:45 INFO  c.k.v.execute.offline.ResendSchedule [vscu-thread-1] - Executing Resend Schedule
2026-01-22 16:13:48 INFO  c.k.v.execute.offline.ResendSchedule [vscu-thread-2] - Executing Resend Schedule
2026-01-22 16:13:51 INFO  c.k.v.execute.offline.ResendSchedule [vscu-thread-2] - Executing Resend Schedule
2026-01-22 16:13:54 INFO  o.a.c.c.C.[Tomcat].[localhost].[/] [http-nio-8090-exec-2] - Initializing Spring DispatcherServlet 'dispatcherServlet'
2026-01-22 16:13:54 INFO  o.s.web.servlet.DispatcherServlet [http-nio-8090-exec-2] - Initializing Servlet 'dispatcherServlet'
2026-01-22 16:13:54 DEBUG o.s.web.servlet.DispatcherServlet [http-nio-8090-exec-2] - Detected StandardServletMultipartResolver
2026-01-22 16:13:54 DEBUG o.s.web.servlet.DispatcherServlet [http-nio-8090-exec-2] - Detected AcceptHeaderLocaleResolver
2026-01-22 16:13:54 DEBUG o.s.web.servlet.DispatcherServlet [http-nio-8090-exec-2] - Detected FixedThemeResolver
2026-01-22 16:13:54 DEBUG o.s.web.servlet.DispatcherServlet [http-nio-8090-exec-2] - Detected org.springframework.web.servlet.view.DefaultRequestToViewNameTranslator@55880c
2026-01-22 16:13:54 DEBUG o.s.web.servlet.DispatcherServlet [http-nio-8090-exec-2] - Detected org.springframework.web.servlet.support.SessionFlashMapManager@61f2bf3a
2026-01-22 16:13:54 DEBUG o.s.web.servlet.DispatcherServlet [http-nio-8090-exec-2] - enableLoggingRequestDetails='false': request parameters and headers will be masked to prevent unsafe logging of potentially sensitive data
2026-01-22 16:13:54 INFO  o.s.web.servlet.DispatcherServlet [http-nio-8090-exec-2] - Completed initialization in 6 ms
2026-01-22 16:13:54 DEBUG o.s.web.servlet.DispatcherServlet [http-nio-8090-exec-2] - POST "/initializer/selectInitInfo", parameters={}
2026-01-22 16:13:54 DEBUG o.s.w.s.m.m.a.RequestMappingHandlerMapping [http-nio-8090-exec-2] - Mapped to com.kra.vsdc.excute.InitializeVsdcExcute#selectInitInfo(InitInfoReq)
2026-01-22 16:13:54 DEBUG o.s.o.j.s.OpenEntityManagerInViewInterceptor [http-nio-8090-exec-2] - Opening JPA EntityManager in OpenEntityManagerInViewInterceptor
2026-01-22 16:13:54 DEBUG o.s.w.s.m.m.a.RequestResponseBodyMethodProcessor [http-nio-8090-exec-2] - Read "application/json;charset=UTF-8" to [com.kra.vsdc.execute.model.InitInfoReq@7daee329]
2026-01-22 16:13:54 DEBUG o.a.c.b.converters.BooleanConverter [http-nio-8090-exec-2] - Setting default value: false
2026-01-22 16:13:54 DEBUG o.a.c.b.converters.BooleanConverter [http-nio-8090-exec-2] - Converting 'Boolean' value 'false' to type 'Boolean'
2026-01-22 16:13:54 DEBUG o.a.c.b.converters.BooleanConverter [http-nio-8090-exec-2] -     No conversion required, value is already a Boolean
2026-01-22 16:13:54 DEBUG o.a.c.b.converters.ByteConverter [http-nio-8090-exec-2] - Setting default value: 0
2026-01-22 16:13:54 DEBUG o.a.c.b.converters.ByteConverter [http-nio-8090-exec-2] - Converting 'Integer' value '0' to type 'Byte'
2026-01-22 16:13:54 DEBUG o.a.c.b.converters.ByteConverter [http-nio-8090-exec-2] -     Converted to Byte value '0'
2026-01-22 16:13:54 DEBUG o.a.c.b.c.CharacterConverter [http-nio-8090-exec-2] - Setting default value:  
2026-01-22 16:13:54 DEBUG o.a.c.b.c.CharacterConverter [http-nio-8090-exec-2] - Converting 'Character' value ' ' to type 'Character'
2026-01-22 16:13:54 DEBUG o.a.c.b.c.CharacterConverter [http-nio-8090-exec-2] -     No conversion required, value is already a Character
2026-01-22 16:13:54 DEBUG o.a.c.b.converters.DoubleConverter [http-nio-8090-exec-2] - Setting default value: 0
2026-01-22 16:13:54 DEBUG o.a.c.b.converters.DoubleConverter [http-nio-8090-exec-2] - Converting 'Integer' value '0' to type 'Double'
2026-01-22 16:13:54 DEBUG o.a.c.b.converters.DoubleConverter [http-nio-8090-exec-2] -     Converted to Double value '0.0'
2026-01-22 16:13:54 DEBUG o.a.c.b.converters.FloatConverter [http-nio-8090-exec-2] - Setting default value: 0
2026-01-22 16:13:54 DEBUG o.a.c.b.converters.FloatConverter [http-nio-8090-exec-2] - Converting 'Integer' value '0' to type 'Float'
2026-01-22 16:13:54 DEBUG o.a.c.b.converters.FloatConverter [http-nio-8090-exec-2] -     Converted to Float value '0.0'
2026-01-22 16:13:54 DEBUG o.a.c.b.converters.IntegerConverter [http-nio-8090-exec-2] - Setting default value: 0
2026-01-22 16:13:54 DEBUG o.a.c.b.converters.IntegerConverter [http-nio-8090-exec-2] - Converting 'Integer' value '0' to type 'Integer'
2026-01-22 16:13:54 DEBUG o.a.c.b.converters.IntegerConverter [http-nio-8090-exec-2] -     No conversion required, value is already a Integer
2026-01-22 16:13:54 DEBUG o.a.c.b.converters.LongConverter [http-nio-8090-exec-2] - Setting default value: 0
2026-01-22 16:13:54 DEBUG o.a.c.b.converters.LongConverter [http-nio-8090-exec-2] - Converting 'Integer' value '0' to type 'Long'
2026-01-22 16:13:54 DEBUG o.a.c.b.converters.LongConverter [http-nio-8090-exec-2] -     Converted to Long value '0'
2026-01-22 16:13:54 DEBUG o.a.c.b.converters.ShortConverter [http-nio-8090-exec-2] - Setting default value: 0
2026-01-22 16:13:54 DEBUG o.a.c.b.converters.ShortConverter [http-nio-8090-exec-2] - Converting 'Integer' value '0' to type 'Short'
2026-01-22 16:13:54 DEBUG o.a.c.b.converters.ShortConverter [http-nio-8090-exec-2] -     Converted to Short value '0'
2026-01-22 16:13:54 DEBUG o.a.c.b.c.BigDecimalConverter [http-nio-8090-exec-2] - Setting default value: 0.0
2026-01-22 16:13:54 DEBUG o.a.c.b.c.BigDecimalConverter [http-nio-8090-exec-2] - Converting 'BigDecimal' value '0.0' to type 'BigDecimal'
2026-01-22 16:13:54 DEBUG o.a.c.b.c.BigDecimalConverter [http-nio-8090-exec-2] -     No conversion required, value is already a BigDecimal
2026-01-22 16:13:54 DEBUG o.a.c.b.c.BigIntegerConverter [http-nio-8090-exec-2] - Setting default value: 0
2026-01-22 16:13:54 DEBUG o.a.c.b.c.BigIntegerConverter [http-nio-8090-exec-2] - Converting 'BigInteger' value '0' to type 'BigInteger'
2026-01-22 16:13:54 DEBUG o.a.c.b.c.BigIntegerConverter [http-nio-8090-exec-2] -     No conversion required, value is already a BigInteger
2026-01-22 16:13:54 DEBUG o.a.c.b.converters.BooleanConverter [http-nio-8090-exec-2] - Setting default value: false
2026-01-22 16:13:54 DEBUG o.a.c.b.converters.BooleanConverter [http-nio-8090-exec-2] - Converting 'Boolean' value 'false' to type 'Boolean'
2026-01-22 16:13:54 DEBUG o.a.c.b.converters.BooleanConverter [http-nio-8090-exec-2] -     No conversion required, value is already a Boolean
2026-01-22 16:13:54 DEBUG o.a.c.b.converters.ByteConverter [http-nio-8090-exec-2] - Setting default value: 0
2026-01-22 16:13:54 DEBUG o.a.c.b.converters.ByteConverter [http-nio-8090-exec-2] - Converting 'Integer' value '0' to type 'Byte'
2026-01-22 16:13:54 DEBUG o.a.c.b.converters.ByteConverter [http-nio-8090-exec-2] -     Converted to Byte value '0'
2026-01-22 16:13:54 DEBUG o.a.c.b.c.CharacterConverter [http-nio-8090-exec-2] - Setting default value:  
2026-01-22 16:13:54 DEBUG o.a.c.b.c.CharacterConverter [http-nio-8090-exec-2] - Converting 'Character' value ' ' to type 'Character'
2026-01-22 16:13:54 DEBUG o.a.c.b.c.CharacterConverter [http-nio-8090-exec-2] -     No conversion required, value is already a Character
2026-01-22 16:13:54 DEBUG o.a.c.b.converters.DoubleConverter [http-nio-8090-exec-2] - Setting default value: 0
2026-01-22 16:13:54 DEBUG o.a.c.b.converters.DoubleConverter [http-nio-8090-exec-2] - Converting 'Integer' value '0' to type 'Double'
2026-01-22 16:13:54 DEBUG o.a.c.b.converters.DoubleConverter [http-nio-8090-exec-2] -     Converted to Double value '0.0'
2026-01-22 16:13:54 DEBUG o.a.c.b.converters.FloatConverter [http-nio-8090-exec-2] - Setting default value: 0
2026-01-22 16:13:54 DEBUG o.a.c.b.converters.FloatConverter [http-nio-8090-exec-2] - Converting 'Integer' value '0' to type 'Float'
2026-01-22 16:13:54 DEBUG o.a.c.b.converters.FloatConverter [http-nio-8090-exec-2] -     Converted to Float value '0.0'
2026-01-22 16:13:54 DEBUG o.a.c.b.converters.IntegerConverter [http-nio-8090-exec-2] - Setting default value: 0
2026-01-22 16:13:54 DEBUG o.a.c.b.converters.IntegerConverter [http-nio-8090-exec-2] - Converting 'Integer' value '0' to type 'Integer'
2026-01-22 16:13:54 DEBUG o.a.c.b.converters.IntegerConverter [http-nio-8090-exec-2] -     No conversion required, value is already a Integer
2026-01-22 16:13:54 DEBUG o.a.c.b.converters.LongConverter [http-nio-8090-exec-2] - Setting default value: 0
2026-01-22 16:13:54 DEBUG o.a.c.b.converters.LongConverter [http-nio-8090-exec-2] - Converting 'Integer' value '0' to type 'Long'
2026-01-22 16:13:54 DEBUG o.a.c.b.converters.LongConverter [http-nio-8090-exec-2] -     Converted to Long value '0'
2026-01-22 16:13:54 DEBUG o.a.c.b.converters.ShortConverter [http-nio-8090-exec-2] - Setting default value: 0
2026-01-22 16:13:54 DEBUG o.a.c.b.converters.ShortConverter [http-nio-8090-exec-2] - Converting 'Integer' value '0' to type 'Short'
2026-01-22 16:13:54 DEBUG o.a.c.b.converters.ShortConverter [http-nio-8090-exec-2] -     Converted to Short value '0'
2026-01-22 16:13:54 DEBUG o.a.c.b.converters.StringConverter [http-nio-8090-exec-2] - Setting default value: 
2026-01-22 16:13:54 DEBUG o.a.c.b.converters.StringConverter [http-nio-8090-exec-2] - Converting 'String' value '' to type 'String'
2026-01-22 16:13:54 DEBUG o.a.c.b.converters.ArrayConverter [http-nio-8090-exec-2] - Setting default value: [Z@4c241eda
2026-01-22 16:13:54 DEBUG o.a.c.b.converters.ArrayConverter [http-nio-8090-exec-2] - Converting 'boolean[]' value '[Z@4c241eda' to type 'boolean[]'
2026-01-22 16:13:54 DEBUG o.a.c.b.converters.ArrayConverter [http-nio-8090-exec-2] -     No conversion required, value is already a boolean[]
2026-01-22 16:13:54 DEBUG o.a.c.b.converters.ArrayConverter [http-nio-8090-exec-2] - Setting default value: [B@5e09bd97
2026-01-22 16:13:54 DEBUG o.a.c.b.converters.ArrayConverter [http-nio-8090-exec-2] - Converting 'byte[]' value '[B@5e09bd97' to type 'byte[]'
2026-01-22 16:13:54 DEBUG o.a.c.b.converters.ArrayConverter [http-nio-8090-exec-2] -     No conversion required, value is already a byte[]
2026-01-22 16:13:54 DEBUG o.a.c.b.converters.ArrayConverter [http-nio-8090-exec-2] - Setting default value: [C@73559018
2026-01-22 16:13:54 DEBUG o.a.c.b.converters.ArrayConverter [http-nio-8090-exec-2] - Converting 'char[]' value '[C@73559018' to type 'char[]'
2026-01-22 16:13:54 DEBUG o.a.c.b.converters.ArrayConverter [http-nio-8090-exec-2] -     No conversion required, value is already a char[]
2026-01-22 16:13:54 INFO  c.k.v.execute.offline.ResendSchedule [vscu-thread-2] - Executing Resend Schedule
2026-01-22 16:13:54 DEBUG o.a.c.b.converters.ArrayConverter [http-nio-8090-exec-2] - Setting default value: [D@6ba51ec2
2026-01-22 16:13:54 DEBUG o.a.c.b.converters.ArrayConverter [http-nio-8090-exec-2] - Converting 'double[]' value '[D@6ba51ec2' to type 'double[]'
2026-01-22 16:13:54 DEBUG o.a.c.b.converters.ArrayConverter [http-nio-8090-exec-2] -     No conversion required, value is already a double[]
2026-01-22 16:13:54 DEBUG o.a.c.b.converters.ArrayConverter [http-nio-8090-exec-2] - Setting default value: [F@79b1fa2
2026-01-22 16:13:54 DEBUG o.a.c.b.converters.ArrayConverter [http-nio-8090-exec-2] - Converting 'float[]' value '[F@79b1fa2' to type 'float[]'
2026-01-22 16:13:54 DEBUG o.a.c.b.converters.ArrayConverter [http-nio-8090-exec-2] -     No conversion required, value is already a float[]
2026-01-22 16:13:54 DEBUG o.a.c.b.converters.ArrayConverter [http-nio-8090-exec-2] - Setting default value: [I@14edffc3
2026-01-22 16:13:54 DEBUG o.a.c.b.converters.ArrayConverter [http-nio-8090-exec-2] - Converting 'int[]' value '[I@14edffc3' to type 'int[]'
2026-01-22 16:13:54 DEBUG o.a.c.b.converters.ArrayConverter [http-nio-8090-exec-2] -     No conversion required, value is already a int[]
2026-01-22 16:13:54 DEBUG o.a.c.b.converters.ArrayConverter [http-nio-8090-exec-2] - Setting default value: [J@4be76816
2026-01-22 16:13:54 DEBUG o.a.c.b.converters.ArrayConverter [http-nio-8090-exec-2] - Converting 'long[]' value '[J@4be76816' to type 'long[]'
2026-01-22 16:13:54 DEBUG o.a.c.b.converters.ArrayConverter [http-nio-8090-exec-2] -     No conversion required, value is already a long[]
2026-01-22 16:13:54 DEBUG o.a.c.b.converters.ArrayConverter [http-nio-8090-exec-2] - Setting default value: [S@8773ca6
2026-01-22 16:13:54 DEBUG o.a.c.b.converters.ArrayConverter [http-nio-8090-exec-2] - Converting 'short[]' value '[S@8773ca6' to type 'short[]'
2026-01-22 16:13:54 DEBUG o.a.c.b.converters.ArrayConverter [http-nio-8090-exec-2] -     No conversion required, value is already a short[]
2026-01-22 16:13:54 DEBUG o.a.c.b.converters.ArrayConverter [http-nio-8090-exec-2] - Setting default value: [Ljava.math.BigDecimal;@57ce4405
2026-01-22 16:13:54 DEBUG o.a.c.b.converters.ArrayConverter [http-nio-8090-exec-2] - Converting 'BigDecimal[]' value '[Ljava.math.BigDecimal;@57ce4405' to type 'BigDecimal[]'
2026-01-22 16:13:54 DEBUG o.a.c.b.converters.ArrayConverter [http-nio-8090-exec-2] -     No conversion required, value is already a BigDecimal[]
2026-01-22 16:13:54 DEBUG o.a.c.b.converters.ArrayConverter [http-nio-8090-exec-2] - Setting default value: [Ljava.math.BigInteger;@5cf1d092
2026-01-22 16:13:54 DEBUG o.a.c.b.converters.ArrayConverter [http-nio-8090-exec-2] - Converting 'BigInteger[]' value '[Ljava.math.BigInteger;@5cf1d092' to type 'BigInteger[]'
2026-01-22 16:13:54 DEBUG o.a.c.b.converters.ArrayConverter [http-nio-8090-exec-2] -     No conversion required, value is already a BigInteger[]
2026-01-22 16:13:54 DEBUG o.a.c.b.converters.ArrayConverter [http-nio-8090-exec-2] - Setting default value: [Ljava.lang.Boolean;@4899ca65
2026-01-22 16:13:54 DEBUG o.a.c.b.converters.ArrayConverter [http-nio-8090-exec-2] - Converting 'Boolean[]' value '[Ljava.lang.Boolean;@4899ca65' to type 'Boolean[]'
2026-01-22 16:13:54 DEBUG o.a.c.b.converters.ArrayConverter [http-nio-8090-exec-2] -     No conversion required, value is already a Boolean[]
2026-01-22 16:13:54 DEBUG o.a.c.b.converters.ArrayConverter [http-nio-8090-exec-2] - Setting default value: [Ljava.lang.Byte;@3d76638
2026-01-22 16:13:54 DEBUG o.a.c.b.converters.ArrayConverter [http-nio-8090-exec-2] - Converting 'Byte[]' value '[Ljava.lang.Byte;@3d76638' to type 'Byte[]'
2026-01-22 16:13:54 DEBUG o.a.c.b.converters.ArrayConverter [http-nio-8090-exec-2] -     No conversion required, value is already a Byte[]
2026-01-22 16:13:54 DEBUG o.a.c.b.converters.ArrayConverter [http-nio-8090-exec-2] - Setting default value: [Ljava.lang.Character;@7a9bdb8c
2026-01-22 16:13:54 DEBUG o.a.c.b.converters.ArrayConverter [http-nio-8090-exec-2] - Converting 'Character[]' value '[Ljava.lang.Character;@7a9bdb8c' to type 'Character[]'
2026-01-22 16:13:54 DEBUG o.a.c.b.converters.ArrayConverter [http-nio-8090-exec-2] -     No conversion required, value is already a Character[]
2026-01-22 16:13:54 DEBUG o.a.c.b.converters.ArrayConverter [http-nio-8090-exec-2] - Setting default value: [Ljava.lang.Double;@11284642
2026-01-22 16:13:54 DEBUG o.a.c.b.converters.ArrayConverter [http-nio-8090-exec-2] - Converting 'Double[]' value '[Ljava.lang.Double;@11284642' to type 'Double[]'
2026-01-22 16:13:54 DEBUG o.a.c.b.converters.ArrayConverter [http-nio-8090-exec-2] -     No conversion required, value is already a Double[]
2026-01-22 16:13:54 DEBUG o.a.c.b.converters.ArrayConverter [http-nio-8090-exec-2] - Setting default value: [Ljava.lang.Float;@76bbe56e
2026-01-22 16:13:54 DEBUG o.a.c.b.converters.ArrayConverter [http-nio-8090-exec-2] - Converting 'Float[]' value '[Ljava.lang.Float;@76bbe56e' to type 'Float[]'
2026-01-22 16:13:54 DEBUG o.a.c.b.converters.ArrayConverter [http-nio-8090-exec-2] -     No conversion required, value is already a Float[]
2026-01-22 16:13:54 DEBUG o.a.c.b.converters.ArrayConverter [http-nio-8090-exec-2] - Setting default value: [Ljava.lang.Integer;@3c02c035
2026-01-22 16:13:54 DEBUG o.a.c.b.converters.ArrayConverter [http-nio-8090-exec-2] - Converting 'Integer[]' value '[Ljava.lang.Integer;@3c02c035' to type 'Integer[]'
2026-01-22 16:13:54 DEBUG o.a.c.b.converters.ArrayConverter [http-nio-8090-exec-2] -     No conversion required, value is already a Integer[]
2026-01-22 16:13:54 DEBUG o.a.c.b.converters.ArrayConverter [http-nio-8090-exec-2] - Setting default value: [Ljava.lang.Long;@2e501434
2026-01-22 16:13:54 DEBUG o.a.c.b.converters.ArrayConverter [http-nio-8090-exec-2] - Converting 'Long[]' value '[Ljava.lang.Long;@2e501434' to type 'Long[]'
2026-01-22 16:13:54 DEBUG o.a.c.b.converters.ArrayConverter [http-nio-8090-exec-2] -     No conversion required, value is already a Long[]
2026-01-22 16:13:54 DEBUG o.a.c.b.converters.ArrayConverter [http-nio-8090-exec-2] - Setting default value: [Ljava.lang.Short;@341f80e1
2026-01-22 16:13:54 DEBUG o.a.c.b.converters.ArrayConverter [http-nio-8090-exec-2] - Converting 'Short[]' value '[Ljava.lang.Short;@341f80e1' to type 'Short[]'
2026-01-22 16:13:54 DEBUG o.a.c.b.converters.ArrayConverter [http-nio-8090-exec-2] -     No conversion required, value is already a Short[]
2026-01-22 16:13:54 DEBUG o.a.c.b.converters.ArrayConverter [http-nio-8090-exec-2] - Setting default value: [Ljava.lang.String;@3069ab79
2026-01-22 16:13:54 DEBUG o.a.c.b.converters.ArrayConverter [http-nio-8090-exec-2] - Converting 'String[]' value '[Ljava.lang.String;@3069ab79' to type 'String[]'
2026-01-22 16:13:54 DEBUG o.a.c.b.converters.ArrayConverter [http-nio-8090-exec-2] -     No conversion required, value is already a String[]
2026-01-22 16:13:54 DEBUG o.a.c.b.converters.ArrayConverter [http-nio-8090-exec-2] - Setting default value: [Ljava.lang.Class;@7f6f584d
2026-01-22 16:13:54 DEBUG o.a.c.b.converters.ArrayConverter [http-nio-8090-exec-2] - Converting 'Class[]' value '[Ljava.lang.Class;@7f6f584d' to type 'Class[]'
2026-01-22 16:13:54 DEBUG o.a.c.b.converters.ArrayConverter [http-nio-8090-exec-2] -     No conversion required, value is already a Class[]
2026-01-22 16:13:54 DEBUG o.a.c.b.converters.ArrayConverter [http-nio-8090-exec-2] - Setting default value: [Ljava.util.Date;@373fd7c9
2026-01-22 16:13:54 DEBUG o.a.c.b.converters.ArrayConverter [http-nio-8090-exec-2] - Converting 'Date[]' value '[Ljava.util.Date;@373fd7c9' to type 'Date[]'
2026-01-22 16:13:54 DEBUG o.a.c.b.converters.ArrayConverter [http-nio-8090-exec-2] -     No conversion required, value is already a Date[]
2026-01-22 16:13:54 DEBUG o.a.c.b.converters.ArrayConverter [http-nio-8090-exec-2] - Setting default value: [Ljava.util.Calendar;@638659d7
2026-01-22 16:13:54 DEBUG o.a.c.b.converters.ArrayConverter [http-nio-8090-exec-2] - Converting 'Calendar[]' value '[Ljava.util.Calendar;@638659d7' to type 'Calendar[]'
2026-01-22 16:13:54 DEBUG o.a.c.b.converters.ArrayConverter [http-nio-8090-exec-2] -     No conversion required, value is already a Calendar[]
2026-01-22 16:13:54 DEBUG o.a.c.b.converters.ArrayConverter [http-nio-8090-exec-2] - Setting default value: [Ljava.io.File;@2f66ca59
2026-01-22 16:13:54 DEBUG o.a.c.b.converters.ArrayConverter [http-nio-8090-exec-2] - Converting 'java.io.File[]' value '[Ljava.io.File;@2f66ca59' to type 'java.io.File[]'
2026-01-22 16:13:54 DEBUG o.a.c.b.converters.ArrayConverter [http-nio-8090-exec-2] -     No conversion required, value is already a java.io.File[]
2026-01-22 16:13:54 DEBUG o.a.c.b.converters.ArrayConverter [http-nio-8090-exec-2] - Setting default value: [Ljava.sql.Date;@2838d318
2026-01-22 16:13:54 DEBUG o.a.c.b.converters.ArrayConverter [http-nio-8090-exec-2] - Converting 'java.sql.Date[]' value '[Ljava.sql.Date;@2838d318' to type 'java.sql.Date[]'
2026-01-22 16:13:54 DEBUG o.a.c.b.converters.ArrayConverter [http-nio-8090-exec-2] -     No conversion required, value is already a java.sql.Date[]
2026-01-22 16:13:54 DEBUG o.a.c.b.converters.ArrayConverter [http-nio-8090-exec-2] - Setting default value: [Ljava.sql.Time;@216d879e
2026-01-22 16:13:54 DEBUG o.a.c.b.converters.ArrayConverter [http-nio-8090-exec-2] - Converting 'java.sql.Time[]' value '[Ljava.sql.Time;@216d879e' to type 'java.sql.Time[]'
2026-01-22 16:13:54 DEBUG o.a.c.b.converters.ArrayConverter [http-nio-8090-exec-2] -     No conversion required, value is already a java.sql.Time[]
2026-01-22 16:13:54 DEBUG o.a.c.b.converters.ArrayConverter [http-nio-8090-exec-2] - Setting default value: [Ljava.sql.Timestamp;@3d581675
2026-01-22 16:13:54 DEBUG o.a.c.b.converters.ArrayConverter [http-nio-8090-exec-2] - Converting 'java.sql.Timestamp[]' value '[Ljava.sql.Timestamp;@3d581675' to type 'java.sql.Timestamp[]'
2026-01-22 16:13:54 DEBUG o.a.c.b.converters.ArrayConverter [http-nio-8090-exec-2] -     No conversion required, value is already a java.sql.Timestamp[]
2026-01-22 16:13:54 DEBUG o.a.c.b.converters.ArrayConverter [http-nio-8090-exec-2] - Setting default value: [Ljava.net.URL;@4d8f1f36
2026-01-22 16:13:54 DEBUG o.a.c.b.converters.ArrayConverter [http-nio-8090-exec-2] - Converting 'java.net.URL[]' value '[Ljava.net.URL;@4d8f1f36' to type 'java.net.URL[]'
2026-01-22 16:13:54 DEBUG o.a.c.b.converters.ArrayConverter [http-nio-8090-exec-2] -     No conversion required, value is already a java.net.URL[]
2026-01-22 16:13:54 DEBUG o.apache.commons.beanutils.BeanUtils [http-nio-8090-exec-2] - BeanUtils.copyProperties(com.kra.vsdc.execute.model.InitInfoReqBody@499f4454, com.kra.vsdc.execute.model.InitInfoReq@7daee329)
2026-01-22 16:13:54 DEBUG o.a.c.b.converters.StringConverter [http-nio-8090-exec-2] - Converting 'String' value '5CD4525275' to type 'String'
2026-01-22 16:13:54 DEBUG o.a.c.b.converters.StringConverter [http-nio-8090-exec-2] - Converting 'String' value 'P600002264A' to type 'String'
2026-01-22 16:13:54 DEBUG o.a.c.b.converters.StringConverter [http-nio-8090-exec-2] - Converting 'String' value '00' to type 'String'
2026-01-22 16:13:54 DEBUG o.a.h.c.protocol.RequestAddCookies [http-nio-8090-exec-2] - CookieSpec selected: default
2026-01-22 16:13:54 DEBUG o.a.h.c.protocol.RequestAddCookies [http-nio-8090-exec-2] - CookieSpec selected: default
2026-01-22 16:13:54 DEBUG o.a.h.c.protocol.RequestAuthCache [http-nio-8090-exec-2] - Auth cache not set in the context
2026-01-22 16:13:54 DEBUG o.a.h.c.protocol.RequestAuthCache [http-nio-8090-exec-2] - Auth cache not set in the context
2026-01-22 16:13:54 DEBUG o.a.h.i.c.PoolingHttpClientConnectionManager [http-nio-8090-exec-2] - Connection request: [route: {s}->https://etims-api-sbx2.kra.go.ke:443][total available: 0; route allocated: 0 of 2; total allocated: 0 of 20]
2026-01-22 16:13:54 DEBUG o.a.h.i.c.PoolingHttpClientConnectionManager [http-nio-8090-exec-2] - Connection request: [route: {s}->https://etims-api-sbx2.kra.go.ke:443][total available: 0; route allocated: 0 of 2; total allocated: 0 of 20]
2026-01-22 16:13:54 DEBUG o.a.h.i.c.PoolingHttpClientConnectionManager [http-nio-8090-exec-2] - Connection leased: [id: 0][route: {s}->https://etims-api-sbx2.kra.go.ke:443][total available: 0; route allocated: 1 of 2; total allocated: 1 of 20]
2026-01-22 16:13:54 DEBUG o.a.h.i.c.PoolingHttpClientConnectionManager [http-nio-8090-exec-2] - Connection leased: [id: 0][route: {s}->https://etims-api-sbx2.kra.go.ke:443][total available: 0; route allocated: 1 of 2; total allocated: 1 of 20]
2026-01-22 16:13:54 DEBUG o.a.h.impl.execchain.MainClientExec [http-nio-8090-exec-2] - Opening connection {s}->https://etims-api-sbx2.kra.go.ke:443
2026-01-22 16:13:54 DEBUG o.a.h.impl.execchain.MainClientExec [http-nio-8090-exec-2] - Opening connection {s}->https://etims-api-sbx2.kra.go.ke:443
2026-01-22 16:13:54 DEBUG o.a.h.i.c.DefaultHttpClientConnectionOperator [http-nio-8090-exec-2] - Connecting to etims-api-sbx2.kra.go.ke/196.61.52.69:443
2026-01-22 16:13:54 DEBUG o.a.h.i.c.DefaultHttpClientConnectionOperator [http-nio-8090-exec-2] - Connecting to etims-api-sbx2.kra.go.ke/196.61.52.69:443
2026-01-22 16:13:54 DEBUG o.a.h.c.s.SSLConnectionSocketFactory [http-nio-8090-exec-2] - Connecting socket to etims-api-sbx2.kra.go.ke/196.61.52.69:443 with timeout 0
2026-01-22 16:13:54 DEBUG o.a.h.c.s.SSLConnectionSocketFactory [http-nio-8090-exec-2] - Connecting socket to etims-api-sbx2.kra.go.ke/196.61.52.69:443 with timeout 0
2026-01-22 16:13:55 DEBUG o.a.h.c.s.SSLConnectionSocketFactory [http-nio-8090-exec-2] - Enabled protocols: [TLSv1.3, TLSv1.2]
2026-01-22 16:13:55 DEBUG o.a.h.c.s.SSLConnectionSocketFactory [http-nio-8090-exec-2] - Enabled protocols: [TLSv1.3, TLSv1.2]
2026-01-22 16:13:55 DEBUG o.a.h.c.s.SSLConnectionSocketFactory [http-nio-8090-exec-2] - Enabled cipher suites:[TLS_AES_256_GCM_SHA384, TLS_AES_128_GCM_SHA256, TLS_CHACHA20_POLY1305_SHA256, TLS_ECDHE_ECDSA_WITH_AES_256_GCM_SHA384, TLS_ECDHE_ECDSA_WITH_AES_128_GCM_SHA256, TLS_ECDHE_ECDSA_WITH_CHACHA20_POLY1305_SHA256, TLS_ECDHE_RSA_WITH_AES_256_GCM_SHA384, TLS_ECDHE_RSA_WITH_CHACHA20_POLY1305_SHA256, TLS_ECDHE_RSA_WITH_AES_128_GCM_SHA256, TLS_DHE_RSA_WITH_AES_256_GCM_SHA384, TLS_DHE_RSA_WITH_CHACHA20_POLY1305_SHA256, TLS_DHE_DSS_WITH_AES_256_GCM_SHA384, TLS_DHE_RSA_WITH_AES_128_GCM_SHA256, TLS_DHE_DSS_WITH_AES_128_GCM_SHA256, TLS_ECDHE_ECDSA_WITH_AES_256_CBC_SHA384, TLS_ECDHE_RSA_WITH_AES_256_CBC_SHA384, TLS_ECDHE_ECDSA_WITH_AES_128_CBC_SHA256, TLS_ECDHE_RSA_WITH_AES_128_CBC_SHA256, TLS_DHE_RSA_WITH_AES_256_CBC_SHA256, TLS_DHE_DSS_WITH_AES_256_CBC_SHA256, TLS_DHE_RSA_WITH_AES_128_CBC_SHA256, TLS_DHE_DSS_WITH_AES_128_CBC_SHA256, TLS_ECDH_ECDSA_WITH_AES_256_GCM_SHA384, TLS_ECDH_RSA_WITH_AES_256_GCM_SHA384, TLS_ECDH_ECDSA_WITH_AES_128_GCM_SHA256, TLS_ECDH_RSA_WITH_AES_128_GCM_SHA256, TLS_ECDH_ECDSA_WITH_AES_256_CBC_SHA384, TLS_ECDH_RSA_WITH_AES_256_CBC_SHA384, TLS_ECDH_ECDSA_WITH_AES_128_CBC_SHA256, TLS_ECDH_RSA_WITH_AES_128_CBC_SHA256, TLS_ECDHE_ECDSA_WITH_AES_256_CBC_SHA, TLS_ECDHE_RSA_WITH_AES_256_CBC_SHA, TLS_ECDHE_ECDSA_WITH_AES_128_CBC_SHA, TLS_ECDHE_RSA_WITH_AES_128_CBC_SHA, TLS_DHE_RSA_WITH_AES_256_CBC_SHA, TLS_DHE_DSS_WITH_AES_256_CBC_SHA, TLS_DHE_RSA_WITH_AES_128_CBC_SHA, TLS_DHE_DSS_WITH_AES_128_CBC_SHA, TLS_ECDH_ECDSA_WITH_AES_256_CBC_SHA, TLS_ECDH_RSA_WITH_AES_256_CBC_SHA, TLS_ECDH_ECDSA_WITH_AES_128_CBC_SHA, TLS_ECDH_RSA_WITH_AES_128_CBC_SHA, TLS_RSA_WITH_AES_256_GCM_SHA384, TLS_RSA_WITH_AES_128_GCM_SHA256, TLS_RSA_WITH_AES_256_CBC_SHA256, TLS_RSA_WITH_AES_128_CBC_SHA256, TLS_RSA_WITH_AES_256_CBC_SHA, TLS_RSA_WITH_AES_128_CBC_SHA, TLS_EMPTY_RENEGOTIATION_INFO_SCSV]
2026-01-22 16:13:55 DEBUG o.a.h.c.s.SSLConnectionSocketFactory [http-nio-8090-exec-2] - Enabled cipher suites:[TLS_AES_256_GCM_SHA384, TLS_AES_128_GCM_SHA256, TLS_CHACHA20_POLY1305_SHA256, TLS_ECDHE_ECDSA_WITH_AES_256_GCM_SHA384, TLS_ECDHE_ECDSA_WITH_AES_128_GCM_SHA256, TLS_ECDHE_ECDSA_WITH_CHACHA20_POLY1305_SHA256, TLS_ECDHE_RSA_WITH_AES_256_GCM_SHA384, TLS_ECDHE_RSA_WITH_CHACHA20_POLY1305_SHA256, TLS_ECDHE_RSA_WITH_AES_128_GCM_SHA256, TLS_DHE_RSA_WITH_AES_256_GCM_SHA384, TLS_DHE_RSA_WITH_CHACHA20_POLY1305_SHA256, TLS_DHE_DSS_WITH_AES_256_GCM_SHA384, TLS_DHE_RSA_WITH_AES_128_GCM_SHA256, TLS_DHE_DSS_WITH_AES_128_GCM_SHA256, TLS_ECDHE_ECDSA_WITH_AES_256_CBC_SHA384, TLS_ECDHE_RSA_WITH_AES_256_CBC_SHA384, TLS_ECDHE_ECDSA_WITH_AES_128_CBC_SHA256, TLS_ECDHE_RSA_WITH_AES_128_CBC_SHA256, TLS_DHE_RSA_WITH_AES_256_CBC_SHA256, TLS_DHE_DSS_WITH_AES_256_CBC_SHA256, TLS_DHE_RSA_WITH_AES_128_CBC_SHA256, TLS_DHE_DSS_WITH_AES_128_CBC_SHA256, TLS_ECDH_ECDSA_WITH_AES_256_GCM_SHA384, TLS_ECDH_RSA_WITH_AES_256_GCM_SHA384, TLS_ECDH_ECDSA_WITH_AES_128_GCM_SHA256, TLS_ECDH_RSA_WITH_AES_128_GCM_SHA256, TLS_ECDH_ECDSA_WITH_AES_256_CBC_SHA384, TLS_ECDH_RSA_WITH_AES_256_CBC_SHA384, TLS_ECDH_ECDSA_WITH_AES_128_CBC_SHA256, TLS_ECDH_RSA_WITH_AES_128_CBC_SHA256, TLS_ECDHE_ECDSA_WITH_AES_256_CBC_SHA, TLS_ECDHE_RSA_WITH_AES_256_CBC_SHA, TLS_ECDHE_ECDSA_WITH_AES_128_CBC_SHA, TLS_ECDHE_RSA_WITH_AES_128_CBC_SHA, TLS_DHE_RSA_WITH_AES_256_CBC_SHA, TLS_DHE_DSS_WITH_AES_256_CBC_SHA, TLS_DHE_RSA_WITH_AES_128_CBC_SHA, TLS_DHE_DSS_WITH_AES_128_CBC_SHA, TLS_ECDH_ECDSA_WITH_AES_256_CBC_SHA, TLS_ECDH_RSA_WITH_AES_256_CBC_SHA, TLS_ECDH_ECDSA_WITH_AES_128_CBC_SHA, TLS_ECDH_RSA_WITH_AES_128_CBC_SHA, TLS_RSA_WITH_AES_256_GCM_SHA384, TLS_RSA_WITH_AES_128_GCM_SHA256, TLS_RSA_WITH_AES_256_CBC_SHA256, TLS_RSA_WITH_AES_128_CBC_SHA256, TLS_RSA_WITH_AES_256_CBC_SHA, TLS_RSA_WITH_AES_128_CBC_SHA, TLS_EMPTY_RENEGOTIATION_INFO_SCSV]
2026-01-22 16:13:55 DEBUG o.a.h.c.s.SSLConnectionSocketFactory [http-nio-8090-exec-2] - Starting handshake
2026-01-22 16:13:55 DEBUG o.a.h.c.s.SSLConnectionSocketFactory [http-nio-8090-exec-2] - Starting handshake
2026-01-22 16:13:56 DEBUG o.a.h.c.s.SSLConnectionSocketFactory [http-nio-8090-exec-2] - Secure session established
2026-01-22 16:13:56 DEBUG o.a.h.c.s.SSLConnectionSocketFactory [http-nio-8090-exec-2] - Secure session established
2026-01-22 16:13:56 DEBUG o.a.h.c.s.SSLConnectionSocketFactory [http-nio-8090-exec-2] -  negotiated protocol: TLSv1.2
2026-01-22 16:13:56 DEBUG o.a.h.c.s.SSLConnectionSocketFactory [http-nio-8090-exec-2] -  negotiated protocol: TLSv1.2
2026-01-22 16:13:56 DEBUG o.a.h.c.s.SSLConnectionSocketFactory [http-nio-8090-exec-2] -  negotiated cipher suite: TLS_ECDHE_RSA_WITH_AES_128_GCM_SHA256
2026-01-22 16:13:56 DEBUG o.a.h.c.s.SSLConnectionSocketFactory [http-nio-8090-exec-2] -  negotiated cipher suite: TLS_ECDHE_RSA_WITH_AES_128_GCM_SHA256
2026-01-22 16:13:56 DEBUG o.a.h.c.s.SSLConnectionSocketFactory [http-nio-8090-exec-2] -  peer principal: CN=*.kra.go.ke, O=Kenya Revenue Authority, L=Nairobi, C=KE
2026-01-22 16:13:56 DEBUG o.a.h.c.s.SSLConnectionSocketFactory [http-nio-8090-exec-2] -  peer principal: CN=*.kra.go.ke, O=Kenya Revenue Authority, L=Nairobi, C=KE
2026-01-22 16:13:56 DEBUG o.a.h.c.s.SSLConnectionSocketFactory [http-nio-8090-exec-2] -  peer alternative names: [*.kra.go.ke]
2026-01-22 16:13:56 DEBUG o.a.h.c.s.SSLConnectionSocketFactory [http-nio-8090-exec-2] -  peer alternative names: [*.kra.go.ke]
2026-01-22 16:13:56 DEBUG o.a.h.c.s.SSLConnectionSocketFactory [http-nio-8090-exec-2] -  issuer principal: CN=DigiCert Global G2 TLS RSA SHA256 2020 CA1, O=DigiCert Inc, C=US
2026-01-22 16:13:56 DEBUG o.a.h.c.s.SSLConnectionSocketFactory [http-nio-8090-exec-2] -  issuer principal: CN=DigiCert Global G2 TLS RSA SHA256 2020 CA1, O=DigiCert Inc, C=US
2026-01-22 16:13:56 DEBUG o.a.h.i.c.DefaultHttpClientConnectionOperator [http-nio-8090-exec-2] - Connection established 192.168.4.138:49673<->196.61.52.69:443
2026-01-22 16:13:56 DEBUG o.a.h.i.c.DefaultHttpClientConnectionOperator [http-nio-8090-exec-2] - Connection established 192.168.4.138:49673<->196.61.52.69:443
2026-01-22 16:13:56 DEBUG o.a.h.impl.execchain.MainClientExec [http-nio-8090-exec-2] - Executing request POST /etims-api/selectInitVsdcInfo HTTP/1.1
2026-01-22 16:13:56 DEBUG o.a.h.impl.execchain.MainClientExec [http-nio-8090-exec-2] - Executing request POST /etims-api/selectInitVsdcInfo HTTP/1.1
2026-01-22 16:13:56 DEBUG o.a.h.impl.execchain.MainClientExec [http-nio-8090-exec-2] - Target auth state: UNCHALLENGED
2026-01-22 16:13:56 DEBUG o.a.h.impl.execchain.MainClientExec [http-nio-8090-exec-2] - Target auth state: UNCHALLENGED
2026-01-22 16:13:56 DEBUG o.a.h.impl.execchain.MainClientExec [http-nio-8090-exec-2] - Proxy auth state: UNCHALLENGED
2026-01-22 16:13:56 DEBUG o.a.h.impl.execchain.MainClientExec [http-nio-8090-exec-2] - Proxy auth state: UNCHALLENGED
2026-01-22 16:13:56 DEBUG org.apache.http.headers [http-nio-8090-exec-2] - http-outgoing-0 >> POST /etims-api/selectInitVsdcInfo HTTP/1.1
2026-01-22 16:13:56 DEBUG org.apache.http.headers [http-nio-8090-exec-2] - http-outgoing-0 >> POST /etims-api/selectInitVsdcInfo HTTP/1.1
2026-01-22 16:13:56 DEBUG org.apache.http.headers [http-nio-8090-exec-2] - http-outgoing-0 >> X-Route-Id: VSCU
2026-01-22 16:13:56 DEBUG org.apache.http.headers [http-nio-8090-exec-2] - http-outgoing-0 >> X-Route-Id: VSCU
2026-01-22 16:13:56 DEBUG org.apache.http.headers [http-nio-8090-exec-2] - http-outgoing-0 >> Content-Type: application/json
2026-01-22 16:13:56 DEBUG org.apache.http.headers [http-nio-8090-exec-2] - http-outgoing-0 >> Content-Type: application/json
2026-01-22 16:13:56 DEBUG org.apache.http.headers [http-nio-8090-exec-2] - http-outgoing-0 >> Content-Length: 58
2026-01-22 16:13:56 DEBUG org.apache.http.headers [http-nio-8090-exec-2] - http-outgoing-0 >> Content-Length: 58
2026-01-22 16:13:56 DEBUG org.apache.http.headers [http-nio-8090-exec-2] - http-outgoing-0 >> Host: etims-api-sbx2.kra.go.ke
2026-01-22 16:13:56 DEBUG org.apache.http.headers [http-nio-8090-exec-2] - http-outgoing-0 >> Host: etims-api-sbx2.kra.go.ke
2026-01-22 16:13:56 DEBUG org.apache.http.headers [http-nio-8090-exec-2] - http-outgoing-0 >> Connection: Keep-Alive
2026-01-22 16:13:56 DEBUG org.apache.http.headers [http-nio-8090-exec-2] - http-outgoing-0 >> Connection: Keep-Alive
2026-01-22 16:13:56 DEBUG org.apache.http.headers [http-nio-8090-exec-2] - http-outgoing-0 >> User-Agent: Apache-HttpClient/4.5.13 (Java/17.0.12)
2026-01-22 16:13:56 DEBUG org.apache.http.headers [http-nio-8090-exec-2] - http-outgoing-0 >> User-Agent: Apache-HttpClient/4.5.13 (Java/17.0.12)
2026-01-22 16:13:56 DEBUG org.apache.http.headers [http-nio-8090-exec-2] - http-outgoing-0 >> Accept-Encoding: gzip,deflate
2026-01-22 16:13:56 DEBUG org.apache.http.headers [http-nio-8090-exec-2] - http-outgoing-0 >> Accept-Encoding: gzip,deflate
2026-01-22 16:13:56 DEBUG org.apache.http.wire [http-nio-8090-exec-2] - http-outgoing-0 >> "POST /etims-api/selectInitVsdcInfo HTTP/1.1[\r][\n]"
2026-01-22 16:13:56 DEBUG org.apache.http.wire [http-nio-8090-exec-2] - http-outgoing-0 >> "POST /etims-api/selectInitVsdcInfo HTTP/1.1[\r][\n]"
2026-01-22 16:13:56 DEBUG org.apache.http.wire [http-nio-8090-exec-2] - http-outgoing-0 >> "POST /etims-api/selectInitVsdcInfo HTTP/1.1[\r][\n]"
2026-01-22 16:13:56 DEBUG org.apache.http.wire [http-nio-8090-exec-2] - http-outgoing-0 >> "X-Route-Id: VSCU[\r][\n]"
2026-01-22 16:13:56 DEBUG org.apache.http.wire [http-nio-8090-exec-2] - http-outgoing-0 >> "X-Route-Id: VSCU[\r][\n]"
2026-01-22 16:13:56 DEBUG org.apache.http.wire [http-nio-8090-exec-2] - http-outgoing-0 >> "X-Route-Id: VSCU[\r][\n]"
2026-01-22 16:13:56 DEBUG org.apache.http.wire [http-nio-8090-exec-2] - http-outgoing-0 >> "Content-Type: application/json[\r][\n]"
2026-01-22 16:13:56 DEBUG org.apache.http.wire [http-nio-8090-exec-2] - http-outgoing-0 >> "Content-Type: application/json[\r][\n]"
2026-01-22 16:13:56 DEBUG org.apache.http.wire [http-nio-8090-exec-2] - http-outgoing-0 >> "Content-Type: application/json[\r][\n]"
2026-01-22 16:13:56 DEBUG org.apache.http.wire [http-nio-8090-exec-2] - http-outgoing-0 >> "Content-Length: 58[\r][\n]"
2026-01-22 16:13:56 DEBUG org.apache.http.wire [http-nio-8090-exec-2] - http-outgoing-0 >> "Content-Length: 58[\r][\n]"
2026-01-22 16:13:56 DEBUG org.apache.http.wire [http-nio-8090-exec-2] - http-outgoing-0 >> "Content-Length: 58[\r][\n]"
2026-01-22 16:13:56 DEBUG org.apache.http.wire [http-nio-8090-exec-2] - http-outgoing-0 >> "Host: etims-api-sbx2.kra.go.ke[\r][\n]"
2026-01-22 16:13:56 DEBUG org.apache.http.wire [http-nio-8090-exec-2] - http-outgoing-0 >> "Host: etims-api-sbx2.kra.go.ke[\r][\n]"
2026-01-22 16:13:56 DEBUG org.apache.http.wire [http-nio-8090-exec-2] - http-outgoing-0 >> "Host: etims-api-sbx2.kra.go.ke[\r][\n]"
2026-01-22 16:13:56 DEBUG org.apache.http.wire [http-nio-8090-exec-2] - http-outgoing-0 >> "Connection: Keep-Alive[\r][\n]"
2026-01-22 16:13:56 DEBUG org.apache.http.wire [http-nio-8090-exec-2] - http-outgoing-0 >> "Connection: Keep-Alive[\r][\n]"
2026-01-22 16:13:56 DEBUG org.apache.http.wire [http-nio-8090-exec-2] - http-outgoing-0 >> "Connection: Keep-Alive[\r][\n]"
2026-01-22 16:13:56 DEBUG org.apache.http.wire [http-nio-8090-exec-2] - http-outgoing-0 >> "User-Agent: Apache-HttpClient/4.5.13 (Java/17.0.12)[\r][\n]"
2026-01-22 16:13:56 DEBUG org.apache.http.wire [http-nio-8090-exec-2] - http-outgoing-0 >> "User-Agent: Apache-HttpClient/4.5.13 (Java/17.0.12)[\r][\n]"
2026-01-22 16:13:56 DEBUG org.apache.http.wire [http-nio-8090-exec-2] - http-outgoing-0 >> "User-Agent: Apache-HttpClient/4.5.13 (Java/17.0.12)[\r][\n]"
2026-01-22 16:13:56 DEBUG org.apache.http.wire [http-nio-8090-exec-2] - http-outgoing-0 >> "Accept-Encoding: gzip,deflate[\r][\n]"
2026-01-22 16:13:56 DEBUG org.apache.http.wire [http-nio-8090-exec-2] - http-outgoing-0 >> "Accept-Encoding: gzip,deflate[\r][\n]"
2026-01-22 16:13:56 DEBUG org.apache.http.wire [http-nio-8090-exec-2] - http-outgoing-0 >> "Accept-Encoding: gzip,deflate[\r][\n]"
2026-01-22 16:13:56 DEBUG org.apache.http.wire [http-nio-8090-exec-2] - http-outgoing-0 >> "[\r][\n]"
2026-01-22 16:13:56 DEBUG org.apache.http.wire [http-nio-8090-exec-2] - http-outgoing-0 >> "[\r][\n]"
2026-01-22 16:13:56 DEBUG org.apache.http.wire [http-nio-8090-exec-2] - http-outgoing-0 >> "[\r][\n]"
2026-01-22 16:13:56 DEBUG org.apache.http.wire [http-nio-8090-exec-2] - http-outgoing-0 >> "{"tin":"P600002264A","bhfId":"00","dvcSrlNo":"5CD4525275"}"
2026-01-22 16:13:56 DEBUG org.apache.http.wire [http-nio-8090-exec-2] - http-outgoing-0 >> "{"tin":"P600002264A","bhfId":"00","dvcSrlNo":"5CD4525275"}"
2026-01-22 16:13:56 DEBUG org.apache.http.wire [http-nio-8090-exec-2] - http-outgoing-0 >> "{"tin":"P600002264A","bhfId":"00","dvcSrlNo":"5CD4525275"}"
2026-01-22 16:13:56 DEBUG org.apache.http.wire [http-nio-8090-exec-2] - http-outgoing-0 << "HTTP/1.1 200 [\r][\n]"
2026-01-22 16:13:56 DEBUG org.apache.http.wire [http-nio-8090-exec-2] - http-outgoing-0 << "HTTP/1.1 200 [\r][\n]"
2026-01-22 16:13:56 DEBUG org.apache.http.wire [http-nio-8090-exec-2] - http-outgoing-0 << "HTTP/1.1 200 [\r][\n]"
2026-01-22 16:13:56 DEBUG org.apache.http.wire [http-nio-8090-exec-2] - http-outgoing-0 << "Set-Cookie: JSESSIONID=ACCD9F2CEAB640685859AED24BDD352F; Path=/etims-api; HttpOnly[\r][\n]"
2026-01-22 16:13:56 DEBUG org.apache.http.wire [http-nio-8090-exec-2] - http-outgoing-0 << "Set-Cookie: JSESSIONID=ACCD9F2CEAB640685859AED24BDD352F; Path=/etims-api; HttpOnly[\r][\n]"
2026-01-22 16:13:56 DEBUG org.apache.http.wire [http-nio-8090-exec-2] - http-outgoing-0 << "Set-Cookie: JSESSIONID=ACCD9F2CEAB640685859AED24BDD352F; Path=/etims-api; HttpOnly[\r][\n]"
2026-01-22 16:13:56 DEBUG org.apache.http.wire [http-nio-8090-exec-2] - http-outgoing-0 << "Content-Type: application/json;charset=UTF-8[\r][\n]"
2026-01-22 16:13:56 DEBUG org.apache.http.wire [http-nio-8090-exec-2] - http-outgoing-0 << "Content-Type: application/json;charset=UTF-8[\r][\n]"
2026-01-22 16:13:56 DEBUG org.apache.http.wire [http-nio-8090-exec-2] - http-outgoing-0 << "Content-Type: application/json;charset=UTF-8[\r][\n]"
2026-01-22 16:13:56 DEBUG org.apache.http.wire [http-nio-8090-exec-2] - http-outgoing-0 << "Transfer-Encoding: chunked[\r][\n]"
2026-01-22 16:13:56 DEBUG org.apache.http.wire [http-nio-8090-exec-2] - http-outgoing-0 << "Transfer-Encoding: chunked[\r][\n]"
2026-01-22 16:13:56 DEBUG org.apache.http.wire [http-nio-8090-exec-2] - http-outgoing-0 << "Transfer-Encoding: chunked[\r][\n]"
2026-01-22 16:13:56 DEBUG org.apache.http.wire [http-nio-8090-exec-2] - http-outgoing-0 << "Date: Thu, 22 Jan 2026 13:13:56 GMT[\r][\n]"
2026-01-22 16:13:56 DEBUG org.apache.http.wire [http-nio-8090-exec-2] - http-outgoing-0 << "Date: Thu, 22 Jan 2026 13:13:56 GMT[\r][\n]"
2026-01-22 16:13:56 DEBUG org.apache.http.wire [http-nio-8090-exec-2] - http-outgoing-0 << "Date: Thu, 22 Jan 2026 13:13:56 GMT[\r][\n]"
2026-01-22 16:13:56 DEBUG org.apache.http.wire [http-nio-8090-exec-2] - http-outgoing-0 << "Keep-Alive: timeout=20[\r][\n]"
2026-01-22 16:13:56 DEBUG org.apache.http.wire [http-nio-8090-exec-2] - http-outgoing-0 << "Keep-Alive: timeout=20[\r][\n]"
2026-01-22 16:13:56 DEBUG org.apache.http.wire [http-nio-8090-exec-2] - http-outgoing-0 << "Keep-Alive: timeout=20[\r][\n]"
2026-01-22 16:13:56 DEBUG org.apache.http.wire [http-nio-8090-exec-2] - http-outgoing-0 << "Connection: keep-alive[\r][\n]"
2026-01-22 16:13:56 DEBUG org.apache.http.wire [http-nio-8090-exec-2] - http-outgoing-0 << "Connection: keep-alive[\r][\n]"
2026-01-22 16:13:56 DEBUG org.apache.http.wire [http-nio-8090-exec-2] - http-outgoing-0 << "Connection: keep-alive[\r][\n]"
2026-01-22 16:13:56 DEBUG org.apache.http.wire [http-nio-8090-exec-2] - http-outgoing-0 << "Set-Cookie: BIGipServer~k8sprd02~Shared~etims_api_apig_svc_8080_etims_sandbox_etims_api_sbx2_kra_go_ke=840162314.36895.0000; path=/; Httponly; Secure[\r][\n]"
2026-01-22 16:13:56 DEBUG org.apache.http.wire [http-nio-8090-exec-2] - http-outgoing-0 << "Set-Cookie: BIGipServer~k8sprd02~Shared~etims_api_apig_svc_8080_etims_sandbox_etims_api_sbx2_kra_go_ke=840162314.36895.0000; path=/; Httponly; Secure[\r][\n]"
2026-01-22 16:13:56 DEBUG org.apache.http.wire [http-nio-8090-exec-2] - http-outgoing-0 << "Set-Cookie: BIGipServer~k8sprd02~Shared~etims_api_apig_svc_8080_etims_sandbox_etims_api_sbx2_kra_go_ke=840162314.36895.0000; path=/; Httponly; Secure[\r][\n]"
2026-01-22 16:13:56 DEBUG org.apache.http.wire [http-nio-8090-exec-2] - http-outgoing-0 << "[\r][\n]"
2026-01-22 16:13:56 DEBUG org.apache.http.wire [http-nio-8090-exec-2] - http-outgoing-0 << "[\r][\n]"
2026-01-22 16:13:56 DEBUG org.apache.http.wire [http-nio-8090-exec-2] - http-outgoing-0 << "[\r][\n]"
2026-01-22 16:13:56 DEBUG org.apache.http.wire [http-nio-8090-exec-2] - http-outgoing-0 << "5f[\r][\n]"
2026-01-22 16:13:56 DEBUG org.apache.http.wire [http-nio-8090-exec-2] - http-outgoing-0 << "5f[\r][\n]"
2026-01-22 16:13:56 DEBUG org.apache.http.wire [http-nio-8090-exec-2] - http-outgoing-0 << "5f[\r][\n]"
2026-01-22 16:13:56 DEBUG org.apache.http.wire [http-nio-8090-exec-2] - http-outgoing-0 << "{"resultCd":"901","resultMsg":"It is not valid device","resultDt":"20260122161356","data":null}[\r][\n]"
2026-01-22 16:13:56 DEBUG org.apache.http.wire [http-nio-8090-exec-2] - http-outgoing-0 << "{"resultCd":"901","resultMsg":"It is not valid device","resultDt":"20260122161356","data":null}[\r][\n]"
2026-01-22 16:13:56 DEBUG org.apache.http.wire [http-nio-8090-exec-2] - http-outgoing-0 << "{"resultCd":"901","resultMsg":"It is not valid device","resultDt":"20260122161356","data":null}[\r][\n]"
2026-01-22 16:13:56 DEBUG org.apache.http.headers [http-nio-8090-exec-2] - http-outgoing-0 << HTTP/1.1 200 
2026-01-22 16:13:56 DEBUG org.apache.http.headers [http-nio-8090-exec-2] - http-outgoing-0 << HTTP/1.1 200 
2026-01-22 16:13:56 DEBUG org.apache.http.headers [http-nio-8090-exec-2] - http-outgoing-0 << Set-Cookie: JSESSIONID=ACCD9F2CEAB640685859AED24BDD352F; Path=/etims-api; HttpOnly
2026-01-22 16:13:56 DEBUG org.apache.http.headers [http-nio-8090-exec-2] - http-outgoing-0 << Set-Cookie: JSESSIONID=ACCD9F2CEAB640685859AED24BDD352F; Path=/etims-api; HttpOnly
2026-01-22 16:13:56 DEBUG org.apache.http.headers [http-nio-8090-exec-2] - http-outgoing-0 << Content-Type: application/json;charset=UTF-8
2026-01-22 16:13:56 DEBUG org.apache.http.headers [http-nio-8090-exec-2] - http-outgoing-0 << Content-Type: application/json;charset=UTF-8
2026-01-22 16:13:56 DEBUG org.apache.http.headers [http-nio-8090-exec-2] - http-outgoing-0 << Transfer-Encoding: chunked
2026-01-22 16:13:56 DEBUG org.apache.http.headers [http-nio-8090-exec-2] - http-outgoing-0 << Transfer-Encoding: chunked
2026-01-22 16:13:56 DEBUG org.apache.http.headers [http-nio-8090-exec-2] - http-outgoing-0 << Date: Thu, 22 Jan 2026 13:13:56 GMT
2026-01-22 16:13:56 DEBUG org.apache.http.headers [http-nio-8090-exec-2] - http-outgoing-0 << Date: Thu, 22 Jan 2026 13:13:56 GMT
2026-01-22 16:13:56 DEBUG org.apache.http.headers [http-nio-8090-exec-2] - http-outgoing-0 << Keep-Alive: timeout=20
2026-01-22 16:13:56 DEBUG org.apache.http.headers [http-nio-8090-exec-2] - http-outgoing-0 << Keep-Alive: timeout=20
2026-01-22 16:13:56 DEBUG org.apache.http.headers [http-nio-8090-exec-2] - http-outgoing-0 << Connection: keep-alive
2026-01-22 16:13:56 DEBUG org.apache.http.headers [http-nio-8090-exec-2] - http-outgoing-0 << Connection: keep-alive
2026-01-22 16:13:56 DEBUG org.apache.http.headers [http-nio-8090-exec-2] - http-outgoing-0 << Set-Cookie: BIGipServer~k8sprd02~Shared~etims_api_apig_svc_8080_etims_sandbox_etims_api_sbx2_kra_go_ke=840162314.36895.0000; path=/; Httponly; Secure
2026-01-22 16:13:56 DEBUG org.apache.http.headers [http-nio-8090-exec-2] - http-outgoing-0 << Set-Cookie: BIGipServer~k8sprd02~Shared~etims_api_apig_svc_8080_etims_sandbox_etims_api_sbx2_kra_go_ke=840162314.36895.0000; path=/; Httponly; Secure
2026-01-22 16:13:56 DEBUG o.a.h.impl.execchain.MainClientExec [http-nio-8090-exec-2] - Connection can be kept alive for 20000 MILLISECONDS
2026-01-22 16:13:56 DEBUG o.a.h.impl.execchain.MainClientExec [http-nio-8090-exec-2] - Connection can be kept alive for 20000 MILLISECONDS
2026-01-22 16:13:56 DEBUG o.a.h.c.p.ResponseProcessCookies [http-nio-8090-exec-2] - Cookie accepted [JSESSIONID="ACCD9F2CEAB640685859AED24BDD352F", version:0, domain:etims-api-sbx2.kra.go.ke, path:/etims-api, expiry:null]
2026-01-22 16:13:56 DEBUG o.a.h.c.p.ResponseProcessCookies [http-nio-8090-exec-2] - Cookie accepted [JSESSIONID="ACCD9F2CEAB640685859AED24BDD352F", version:0, domain:etims-api-sbx2.kra.go.ke, path:/etims-api, expiry:null]
2026-01-22 16:13:56 DEBUG o.a.h.c.p.ResponseProcessCookies [http-nio-8090-exec-2] - Cookie accepted [BIGipServer~k8sprd02~Shared~etims_api_apig_svc_8080_etims_sandbox_etims_api_sbx2_kra_go_ke="840162314.36895.0000", version:0, domain:etims-api-sbx2.kra.go.ke, path:/, expiry:null]
2026-01-22 16:13:56 DEBUG o.a.h.c.p.ResponseProcessCookies [http-nio-8090-exec-2] - Cookie accepted [BIGipServer~k8sprd02~Shared~etims_api_apig_svc_8080_etims_sandbox_etims_api_sbx2_kra_go_ke="840162314.36895.0000", version:0, domain:etims-api-sbx2.kra.go.ke, path:/, expiry:null]
2026-01-22 16:13:57 INFO  c.k.v.execute.offline.ResendSchedule [vscu-thread-2] - Executing Resend Schedule
2026-01-22 16:13:57 DEBUG org.apache.http.wire [http-nio-8090-exec-2] - http-outgoing-0 << "0[\r][\n]"
2026-01-22 16:13:57 DEBUG org.apache.http.wire [http-nio-8090-exec-2] - http-outgoing-0 << "0[\r][\n]"
2026-01-22 16:13:57 DEBUG org.apache.http.wire [http-nio-8090-exec-2] - http-outgoing-0 << "0[\r][\n]"
2026-01-22 16:13:57 DEBUG org.apache.http.wire [http-nio-8090-exec-2] - http-outgoing-0 << "[\r][\n]"
2026-01-22 16:13:57 DEBUG org.apache.http.wire [http-nio-8090-exec-2] - http-outgoing-0 << "[\r][\n]"
2026-01-22 16:13:57 DEBUG org.apache.http.wire [http-nio-8090-exec-2] - http-outgoing-0 << "[\r][\n]"
2026-01-22 16:13:57 DEBUG o.a.h.i.c.PoolingHttpClientConnectionManager [http-nio-8090-exec-2] - Connection [id: 0][route: {s}->https://etims-api-sbx2.kra.go.ke:443] can be kept alive for 20.0 seconds
2026-01-22 16:13:57 DEBUG o.a.h.i.c.PoolingHttpClientConnectionManager [http-nio-8090-exec-2] - Connection [id: 0][route: {s}->https://etims-api-sbx2.kra.go.ke:443] can be kept alive for 20.0 seconds
2026-01-22 16:13:57 DEBUG o.a.h.i.c.DefaultManagedHttpClientConnection [http-nio-8090-exec-2] - http-outgoing-0: set socket timeout to 0
2026-01-22 16:13:57 DEBUG o.a.h.i.c.DefaultManagedHttpClientConnection [http-nio-8090-exec-2] - http-outgoing-0: set socket timeout to 0
2026-01-22 16:13:57 DEBUG o.a.h.i.c.PoolingHttpClientConnectionManager [http-nio-8090-exec-2] - Connection released: [id: 0][route: {s}->https://etims-api-sbx2.kra.go.ke:443][total available: 1; route allocated: 1 of 2; total allocated: 1 of 20]
2026-01-22 16:13:57 DEBUG o.a.h.i.c.PoolingHttpClientConnectionManager [http-nio-8090-exec-2] - Connection released: [id: 0][route: {s}->https://etims-api-sbx2.kra.go.ke:443][total available: 1; route allocated: 1 of 2; total allocated: 1 of 20]
2026-01-22 16:13:57 DEBUG o.a.h.impl.execchain.MainClientExec [http-nio-8090-exec-2] - Cancelling request execution
2026-01-22 16:13:57 DEBUG o.a.h.impl.execchain.MainClientExec [http-nio-8090-exec-2] - Cancelling request execution
2026-01-22 16:13:57 DEBUG o.a.h.i.c.PoolingHttpClientConnectionManager [http-nio-8090-exec-2] - Connection manager is shutting down
2026-01-22 16:13:57 DEBUG o.a.h.i.c.PoolingHttpClientConnectionManager [http-nio-8090-exec-2] - Connection manager is shutting down
2026-01-22 16:13:57 DEBUG o.a.h.i.c.DefaultManagedHttpClientConnection [http-nio-8090-exec-2] - http-outgoing-0: Close connection
2026-01-22 16:13:57 DEBUG o.a.h.i.c.DefaultManagedHttpClientConnection [http-nio-8090-exec-2] - http-outgoing-0: Close connection
2026-01-22 16:13:58 DEBUG o.a.h.i.c.PoolingHttpClientConnectionManager [http-nio-8090-exec-2] - Connection manager shut down
2026-01-22 16:13:58 DEBUG o.a.h.i.c.PoolingHttpClientConnectionManager [http-nio-8090-exec-2] - Connection manager shut down
2026-01-22 16:13:58 DEBUG o.s.w.s.m.m.a.RequestResponseBodyMethodProcessor [http-nio-8090-exec-2] - Using 'application/json', given [*/*] and supported [application/json, application/*+json]
2026-01-22 16:13:58 DEBUG o.s.w.s.m.m.a.RequestResponseBodyMethodProcessor [http-nio-8090-exec-2] - Writing [com.kra.vsdc.execute.model.InitInfoRes@6d731d79]
2026-01-22 16:13:58 DEBUG o.s.o.j.s.OpenEntityManagerInViewInterceptor [http-nio-8090-exec-2] - Closing JPA EntityManager in OpenEntityManagerInViewInterceptor
2026-01-22 16:13:58 DEBUG o.s.web.servlet.DispatcherServlet [http-nio-8090-exec-2] - Completed 200 OK
2026-01-22 16:14:00 INFO  c.k.v.execute.offline.ResendSchedule [vscu-thread-2] - Executing Resend Schedule
2026-01-22 16:14:03 INFO  c.k.v.execute.offline.ResendSchedule [vscu-thread-2] - Executing Resend Schedule
2026-01-22 16:14:06 INFO  c.k.v.execute.offline.ResendSchedule [vscu-thread-2] - Executing Resend Schedule
2026-01-22 16:14:07 DEBUG com.zaxxer.hikari.pool.HikariPool [HikariPool-1 housekeeper] - HikariPool-1 - Pool stats (total=20, active=0, idle=20, waiting=0)
2026-01-22 16:14:07 DEBUG com.zaxxer.hikari.pool.HikariPool [HikariPool-1 housekeeper] - HikariPool-1 - Fill pool skipped, pool has sufficient level or currently being filled (queueDepth=0).
2026-01-22 16:14:09 INFO  c.k.v.execute.offline.ResendSchedule [vscu-thread-2] - Executing Resend Schedule
2026-01-22 16:14:12 INFO  c.k.v.execute.offline.ResendSchedule [vscu-thread-2] - Executing Resend Schedule
2026-01-22 16:14:15 INFO  c.k.v.execute.offline.ResendSchedule [vscu-thread-2] - Executing Resend Schedule
2026-01-22 16:14:18 INFO  c.k.v.execute.offline.ResendSchedule [vscu-thread-2] - Executing Resend Schedule
2026-01-22 16:14:21 INFO  c.k.v.execute.offline.ResendSchedule [vscu-thread-2] - Executing Resend Schedule
2026-01-22 16:14:24 INFO  c.k.v.execute.offline.ResendSchedule [vscu-thread-2] - Executing Resend Schedule
2026-01-22 16:14:27 INFO  c.k.v.execute.offline.ResendSchedule [vscu-thread-2] - Executing Resend Schedule
2026-01-22 16:14:30 DEBUG o.s.web.servlet.DispatcherServlet [http-nio-8090-exec-5] - POST "/initializer/selectInitInfo", parameters={}
2026-01-22 16:14:30 DEBUG o.s.w.s.m.m.a.RequestMappingHandlerMapping [http-nio-8090-exec-5] - Mapped to com.kra.vsdc.excute.InitializeVsdcExcute#selectInitInfo(InitInfoReq)
2026-01-22 16:14:30 DEBUG o.s.o.j.s.OpenEntityManagerInViewInterceptor [http-nio-8090-exec-5] - Opening JPA EntityManager in OpenEntityManagerInViewInterceptor
2026-01-22 16:14:30 DEBUG o.s.w.s.m.m.a.RequestResponseBodyMethodProcessor [http-nio-8090-exec-5] - Read "application/json;charset=UTF-8" to [com.kra.vsdc.execute.model.InitInfoReq@4dca7869]
2026-01-22 16:14:30 DEBUG o.apache.commons.beanutils.BeanUtils [http-nio-8090-exec-5] - BeanUtils.copyProperties(com.kra.vsdc.execute.model.InitInfoReqBody@230859b, com.kra.vsdc.execute.model.InitInfoReq@4dca7869)
2026-01-22 16:14:30 DEBUG o.a.c.b.converters.StringConverter [http-nio-8090-exec-5] - Converting 'String' value '5CD4525275' to type 'String'
2026-01-22 16:14:30 DEBUG o.a.c.b.converters.StringConverter [http-nio-8090-exec-5] - Converting 'String' value 'P600002364A' to type 'String'
2026-01-22 16:14:30 DEBUG o.a.c.b.converters.StringConverter [http-nio-8090-exec-5] - Converting 'String' value '00' to type 'String'
2026-01-22 16:14:30 DEBUG o.a.h.c.protocol.RequestAddCookies [http-nio-8090-exec-5] - CookieSpec selected: default
2026-01-22 16:14:30 DEBUG o.a.h.c.protocol.RequestAddCookies [http-nio-8090-exec-5] - CookieSpec selected: default
2026-01-22 16:14:30 DEBUG o.a.h.c.protocol.RequestAuthCache [http-nio-8090-exec-5] - Auth cache not set in the context
2026-01-22 16:14:30 DEBUG o.a.h.c.protocol.RequestAuthCache [http-nio-8090-exec-5] - Auth cache not set in the context
2026-01-22 16:14:30 DEBUG o.a.h.i.c.PoolingHttpClientConnectionManager [http-nio-8090-exec-5] - Connection request: [route: {s}->https://etims-api-sbx2.kra.go.ke:443][total available: 0; route allocated: 0 of 2; total allocated: 0 of 20]
2026-01-22 16:14:30 DEBUG o.a.h.i.c.PoolingHttpClientConnectionManager [http-nio-8090-exec-5] - Connection request: [route: {s}->https://etims-api-sbx2.kra.go.ke:443][total available: 0; route allocated: 0 of 2; total allocated: 0 of 20]
2026-01-22 16:14:30 DEBUG o.a.h.i.c.PoolingHttpClientConnectionManager [http-nio-8090-exec-5] - Connection leased: [id: 1][route: {s}->https://etims-api-sbx2.kra.go.ke:443][total available: 0; route allocated: 1 of 2; total allocated: 1 of 20]
2026-01-22 16:14:30 DEBUG o.a.h.i.c.PoolingHttpClientConnectionManager [http-nio-8090-exec-5] - Connection leased: [id: 1][route: {s}->https://etims-api-sbx2.kra.go.ke:443][total available: 0; route allocated: 1 of 2; total allocated: 1 of 20]
2026-01-22 16:14:30 DEBUG o.a.h.impl.execchain.MainClientExec [http-nio-8090-exec-5] - Opening connection {s}->https://etims-api-sbx2.kra.go.ke:443
2026-01-22 16:14:30 DEBUG o.a.h.impl.execchain.MainClientExec [http-nio-8090-exec-5] - Opening connection {s}->https://etims-api-sbx2.kra.go.ke:443
2026-01-22 16:14:30 DEBUG o.a.h.i.c.DefaultHttpClientConnectionOperator [http-nio-8090-exec-5] - Connecting to etims-api-sbx2.kra.go.ke/196.61.52.69:443
2026-01-22 16:14:30 DEBUG o.a.h.i.c.DefaultHttpClientConnectionOperator [http-nio-8090-exec-5] - Connecting to etims-api-sbx2.kra.go.ke/196.61.52.69:443
2026-01-22 16:14:30 DEBUG o.a.h.c.s.SSLConnectionSocketFactory [http-nio-8090-exec-5] - Connecting socket to etims-api-sbx2.kra.go.ke/196.61.52.69:443 with timeout 0
2026-01-22 16:14:30 DEBUG o.a.h.c.s.SSLConnectionSocketFactory [http-nio-8090-exec-5] - Connecting socket to etims-api-sbx2.kra.go.ke/196.61.52.69:443 with timeout 0
2026-01-22 16:14:30 INFO  c.k.v.execute.offline.ResendSchedule [vscu-thread-2] - Executing Resend Schedule
2026-01-22 16:14:30 DEBUG o.a.h.c.s.SSLConnectionSocketFactory [http-nio-8090-exec-5] - Enabled protocols: [TLSv1.3, TLSv1.2]
2026-01-22 16:14:30 DEBUG o.a.h.c.s.SSLConnectionSocketFactory [http-nio-8090-exec-5] - Enabled protocols: [TLSv1.3, TLSv1.2]
2026-01-22 16:14:30 DEBUG o.a.h.c.s.SSLConnectionSocketFactory [http-nio-8090-exec-5] - Enabled cipher suites:[TLS_AES_256_GCM_SHA384, TLS_AES_128_GCM_SHA256, TLS_CHACHA20_POLY1305_SHA256, TLS_ECDHE_ECDSA_WITH_AES_256_GCM_SHA384, TLS_ECDHE_ECDSA_WITH_AES_128_GCM_SHA256, TLS_ECDHE_ECDSA_WITH_CHACHA20_POLY1305_SHA256, TLS_ECDHE_RSA_WITH_AES_256_GCM_SHA384, TLS_ECDHE_RSA_WITH_CHACHA20_POLY1305_SHA256, TLS_ECDHE_RSA_WITH_AES_128_GCM_SHA256, TLS_DHE_RSA_WITH_AES_256_GCM_SHA384, TLS_DHE_RSA_WITH_CHACHA20_POLY1305_SHA256, TLS_DHE_DSS_WITH_AES_256_GCM_SHA384, TLS_DHE_RSA_WITH_AES_128_GCM_SHA256, TLS_DHE_DSS_WITH_AES_128_GCM_SHA256, TLS_ECDHE_ECDSA_WITH_AES_256_CBC_SHA384, TLS_ECDHE_RSA_WITH_AES_256_CBC_SHA384, TLS_ECDHE_ECDSA_WITH_AES_128_CBC_SHA256, TLS_ECDHE_RSA_WITH_AES_128_CBC_SHA256, TLS_DHE_RSA_WITH_AES_256_CBC_SHA256, TLS_DHE_DSS_WITH_AES_256_CBC_SHA256, TLS_DHE_RSA_WITH_AES_128_CBC_SHA256, TLS_DHE_DSS_WITH_AES_128_CBC_SHA256, TLS_ECDH_ECDSA_WITH_AES_256_GCM_SHA384, TLS_ECDH_RSA_WITH_AES_256_GCM_SHA384, TLS_ECDH_ECDSA_WITH_AES_128_GCM_SHA256, TLS_ECDH_RSA_WITH_AES_128_GCM_SHA256, TLS_ECDH_ECDSA_WITH_AES_256_CBC_SHA384, TLS_ECDH_RSA_WITH_AES_256_CBC_SHA384, TLS_ECDH_ECDSA_WITH_AES_128_CBC_SHA256, TLS_ECDH_RSA_WITH_AES_128_CBC_SHA256, TLS_ECDHE_ECDSA_WITH_AES_256_CBC_SHA, TLS_ECDHE_RSA_WITH_AES_256_CBC_SHA, TLS_ECDHE_ECDSA_WITH_AES_128_CBC_SHA, TLS_ECDHE_RSA_WITH_AES_128_CBC_SHA, TLS_DHE_RSA_WITH_AES_256_CBC_SHA, TLS_DHE_DSS_WITH_AES_256_CBC_SHA, TLS_DHE_RSA_WITH_AES_128_CBC_SHA, TLS_DHE_DSS_WITH_AES_128_CBC_SHA, TLS_ECDH_ECDSA_WITH_AES_256_CBC_SHA, TLS_ECDH_RSA_WITH_AES_256_CBC_SHA, TLS_ECDH_ECDSA_WITH_AES_128_CBC_SHA, TLS_ECDH_RSA_WITH_AES_128_CBC_SHA, TLS_RSA_WITH_AES_256_GCM_SHA384, TLS_RSA_WITH_AES_128_GCM_SHA256, TLS_RSA_WITH_AES_256_CBC_SHA256, TLS_RSA_WITH_AES_128_CBC_SHA256, TLS_RSA_WITH_AES_256_CBC_SHA, TLS_RSA_WITH_AES_128_CBC_SHA, TLS_EMPTY_RENEGOTIATION_INFO_SCSV]
2026-01-22 16:14:30 DEBUG o.a.h.c.s.SSLConnectionSocketFactory [http-nio-8090-exec-5] - Enabled cipher suites:[TLS_AES_256_GCM_SHA384, TLS_AES_128_GCM_SHA256, TLS_CHACHA20_POLY1305_SHA256, TLS_ECDHE_ECDSA_WITH_AES_256_GCM_SHA384, TLS_ECDHE_ECDSA_WITH_AES_128_GCM_SHA256, TLS_ECDHE_ECDSA_WITH_CHACHA20_POLY1305_SHA256, TLS_ECDHE_RSA_WITH_AES_256_GCM_SHA384, TLS_ECDHE_RSA_WITH_CHACHA20_POLY1305_SHA256, TLS_ECDHE_RSA_WITH_AES_128_GCM_SHA256, TLS_DHE_RSA_WITH_AES_256_GCM_SHA384, TLS_DHE_RSA_WITH_CHACHA20_POLY1305_SHA256, TLS_DHE_DSS_WITH_AES_256_GCM_SHA384, TLS_DHE_RSA_WITH_AES_128_GCM_SHA256, TLS_DHE_DSS_WITH_AES_128_GCM_SHA256, TLS_ECDHE_ECDSA_WITH_AES_256_CBC_SHA384, TLS_ECDHE_RSA_WITH_AES_256_CBC_SHA384, TLS_ECDHE_ECDSA_WITH_AES_128_CBC_SHA256, TLS_ECDHE_RSA_WITH_AES_128_CBC_SHA256, TLS_DHE_RSA_WITH_AES_256_CBC_SHA256, TLS_DHE_DSS_WITH_AES_256_CBC_SHA256, TLS_DHE_RSA_WITH_AES_128_CBC_SHA256, TLS_DHE_DSS_WITH_AES_128_CBC_SHA256, TLS_ECDH_ECDSA_WITH_AES_256_GCM_SHA384, TLS_ECDH_RSA_WITH_AES_256_GCM_SHA384, TLS_ECDH_ECDSA_WITH_AES_128_GCM_SHA256, TLS_ECDH_RSA_WITH_AES_128_GCM_SHA256, TLS_ECDH_ECDSA_WITH_AES_256_CBC_SHA384, TLS_ECDH_RSA_WITH_AES_256_CBC_SHA384, TLS_ECDH_ECDSA_WITH_AES_128_CBC_SHA256, TLS_ECDH_RSA_WITH_AES_128_CBC_SHA256, TLS_ECDHE_ECDSA_WITH_AES_256_CBC_SHA, TLS_ECDHE_RSA_WITH_AES_256_CBC_SHA, TLS_ECDHE_ECDSA_WITH_AES_128_CBC_SHA, TLS_ECDHE_RSA_WITH_AES_128_CBC_SHA, TLS_DHE_RSA_WITH_AES_256_CBC_SHA, TLS_DHE_DSS_WITH_AES_256_CBC_SHA, TLS_DHE_RSA_WITH_AES_128_CBC_SHA, TLS_DHE_DSS_WITH_AES_128_CBC_SHA, TLS_ECDH_ECDSA_WITH_AES_256_CBC_SHA, TLS_ECDH_RSA_WITH_AES_256_CBC_SHA, TLS_ECDH_ECDSA_WITH_AES_128_CBC_SHA, TLS_ECDH_RSA_WITH_AES_128_CBC_SHA, TLS_RSA_WITH_AES_256_GCM_SHA384, TLS_RSA_WITH_AES_128_GCM_SHA256, TLS_RSA_WITH_AES_256_CBC_SHA256, TLS_RSA_WITH_AES_128_CBC_SHA256, TLS_RSA_WITH_AES_256_CBC_SHA, TLS_RSA_WITH_AES_128_CBC_SHA, TLS_EMPTY_RENEGOTIATION_INFO_SCSV]
2026-01-22 16:14:30 DEBUG o.a.h.c.s.SSLConnectionSocketFactory [http-nio-8090-exec-5] - Starting handshake
2026-01-22 16:14:30 DEBUG o.a.h.c.s.SSLConnectionSocketFactory [http-nio-8090-exec-5] - Starting handshake
2026-01-22 16:14:31 DEBUG o.a.h.c.s.SSLConnectionSocketFactory [http-nio-8090-exec-5] - Secure session established
2026-01-22 16:14:31 DEBUG o.a.h.c.s.SSLConnectionSocketFactory [http-nio-8090-exec-5] - Secure session established
2026-01-22 16:14:31 DEBUG o.a.h.c.s.SSLConnectionSocketFactory [http-nio-8090-exec-5] -  negotiated protocol: TLSv1.2
2026-01-22 16:14:31 DEBUG o.a.h.c.s.SSLConnectionSocketFactory [http-nio-8090-exec-5] -  negotiated protocol: TLSv1.2
2026-01-22 16:14:31 DEBUG o.a.h.c.s.SSLConnectionSocketFactory [http-nio-8090-exec-5] -  negotiated cipher suite: TLS_ECDHE_RSA_WITH_AES_128_GCM_SHA256
2026-01-22 16:14:31 DEBUG o.a.h.c.s.SSLConnectionSocketFactory [http-nio-8090-exec-5] -  negotiated cipher suite: TLS_ECDHE_RSA_WITH_AES_128_GCM_SHA256
2026-01-22 16:14:31 DEBUG o.a.h.c.s.SSLConnectionSocketFactory [http-nio-8090-exec-5] -  peer principal: CN=*.kra.go.ke, O=Kenya Revenue Authority, L=Nairobi, C=KE
2026-01-22 16:14:31 DEBUG o.a.h.c.s.SSLConnectionSocketFactory [http-nio-8090-exec-5] -  peer principal: CN=*.kra.go.ke, O=Kenya Revenue Authority, L=Nairobi, C=KE
2026-01-22 16:14:31 DEBUG o.a.h.c.s.SSLConnectionSocketFactory [http-nio-8090-exec-5] -  peer alternative names: [*.kra.go.ke]
2026-01-22 16:14:31 DEBUG o.a.h.c.s.SSLConnectionSocketFactory [http-nio-8090-exec-5] -  peer alternative names: [*.kra.go.ke]
2026-01-22 16:14:31 DEBUG o.a.h.c.s.SSLConnectionSocketFactory [http-nio-8090-exec-5] -  issuer principal: CN=DigiCert Global G2 TLS RSA SHA256 2020 CA1, O=DigiCert Inc, C=US
2026-01-22 16:14:31 DEBUG o.a.h.c.s.SSLConnectionSocketFactory [http-nio-8090-exec-5] -  issuer principal: CN=DigiCert Global G2 TLS RSA SHA256 2020 CA1, O=DigiCert Inc, C=US
2026-01-22 16:14:31 DEBUG o.a.h.i.c.DefaultHttpClientConnectionOperator [http-nio-8090-exec-5] - Connection established 192.168.4.138:64678<->196.61.52.69:443
2026-01-22 16:14:31 DEBUG o.a.h.i.c.DefaultHttpClientConnectionOperator [http-nio-8090-exec-5] - Connection established 192.168.4.138:64678<->196.61.52.69:443
2026-01-22 16:14:31 DEBUG o.a.h.impl.execchain.MainClientExec [http-nio-8090-exec-5] - Executing request POST /etims-api/selectInitVsdcInfo HTTP/1.1
2026-01-22 16:14:31 DEBUG o.a.h.impl.execchain.MainClientExec [http-nio-8090-exec-5] - Executing request POST /etims-api/selectInitVsdcInfo HTTP/1.1
2026-01-22 16:14:31 DEBUG o.a.h.impl.execchain.MainClientExec [http-nio-8090-exec-5] - Target auth state: UNCHALLENGED
2026-01-22 16:14:31 DEBUG o.a.h.impl.execchain.MainClientExec [http-nio-8090-exec-5] - Target auth state: UNCHALLENGED
2026-01-22 16:14:31 DEBUG o.a.h.impl.execchain.MainClientExec [http-nio-8090-exec-5] - Proxy auth state: UNCHALLENGED
2026-01-22 16:14:31 DEBUG o.a.h.impl.execchain.MainClientExec [http-nio-8090-exec-5] - Proxy auth state: UNCHALLENGED
2026-01-22 16:14:31 DEBUG org.apache.http.headers [http-nio-8090-exec-5] - http-outgoing-1 >> POST /etims-api/selectInitVsdcInfo HTTP/1.1
2026-01-22 16:14:31 DEBUG org.apache.http.headers [http-nio-8090-exec-5] - http-outgoing-1 >> POST /etims-api/selectInitVsdcInfo HTTP/1.1
2026-01-22 16:14:31 DEBUG org.apache.http.headers [http-nio-8090-exec-5] - http-outgoing-1 >> X-Route-Id: VSCU
2026-01-22 16:14:31 DEBUG org.apache.http.headers [http-nio-8090-exec-5] - http-outgoing-1 >> X-Route-Id: VSCU
2026-01-22 16:14:31 DEBUG org.apache.http.headers [http-nio-8090-exec-5] - http-outgoing-1 >> Content-Type: application/json
2026-01-22 16:14:31 DEBUG org.apache.http.headers [http-nio-8090-exec-5] - http-outgoing-1 >> Content-Type: application/json
2026-01-22 16:14:31 DEBUG org.apache.http.headers [http-nio-8090-exec-5] - http-outgoing-1 >> Content-Length: 58
2026-01-22 16:14:31 DEBUG org.apache.http.headers [http-nio-8090-exec-5] - http-outgoing-1 >> Content-Length: 58
2026-01-22 16:14:31 DEBUG org.apache.http.headers [http-nio-8090-exec-5] - http-outgoing-1 >> Host: etims-api-sbx2.kra.go.ke
2026-01-22 16:14:31 DEBUG org.apache.http.headers [http-nio-8090-exec-5] - http-outgoing-1 >> Host: etims-api-sbx2.kra.go.ke
2026-01-22 16:14:31 DEBUG org.apache.http.headers [http-nio-8090-exec-5] - http-outgoing-1 >> Connection: Keep-Alive
2026-01-22 16:14:31 DEBUG org.apache.http.headers [http-nio-8090-exec-5] - http-outgoing-1 >> Connection: Keep-Alive
2026-01-22 16:14:31 DEBUG org.apache.http.headers [http-nio-8090-exec-5] - http-outgoing-1 >> User-Agent: Apache-HttpClient/4.5.13 (Java/17.0.12)
2026-01-22 16:14:31 DEBUG org.apache.http.headers [http-nio-8090-exec-5] - http-outgoing-1 >> User-Agent: Apache-HttpClient/4.5.13 (Java/17.0.12)
2026-01-22 16:14:31 DEBUG org.apache.http.headers [http-nio-8090-exec-5] - http-outgoing-1 >> Accept-Encoding: gzip,deflate
2026-01-22 16:14:31 DEBUG org.apache.http.headers [http-nio-8090-exec-5] - http-outgoing-1 >> Accept-Encoding: gzip,deflate
2026-01-22 16:14:31 DEBUG org.apache.http.wire [http-nio-8090-exec-5] - http-outgoing-1 >> "POST /etims-api/selectInitVsdcInfo HTTP/1.1[\r][\n]"
2026-01-22 16:14:31 DEBUG org.apache.http.wire [http-nio-8090-exec-5] - http-outgoing-1 >> "POST /etims-api/selectInitVsdcInfo HTTP/1.1[\r][\n]"
2026-01-22 16:14:31 DEBUG org.apache.http.wire [http-nio-8090-exec-5] - http-outgoing-1 >> "POST /etims-api/selectInitVsdcInfo HTTP/1.1[\r][\n]"
2026-01-22 16:14:31 DEBUG org.apache.http.wire [http-nio-8090-exec-5] - http-outgoing-1 >> "X-Route-Id: VSCU[\r][\n]"
2026-01-22 16:14:31 DEBUG org.apache.http.wire [http-nio-8090-exec-5] - http-outgoing-1 >> "X-Route-Id: VSCU[\r][\n]"
2026-01-22 16:14:31 DEBUG org.apache.http.wire [http-nio-8090-exec-5] - http-outgoing-1 >> "X-Route-Id: VSCU[\r][\n]"
2026-01-22 16:14:31 DEBUG org.apache.http.wire [http-nio-8090-exec-5] - http-outgoing-1 >> "Content-Type: application/json[\r][\n]"
2026-01-22 16:14:31 DEBUG org.apache.http.wire [http-nio-8090-exec-5] - http-outgoing-1 >> "Content-Type: application/json[\r][\n]"
2026-01-22 16:14:31 DEBUG org.apache.http.wire [http-nio-8090-exec-5] - http-outgoing-1 >> "Content-Type: application/json[\r][\n]"
2026-01-22 16:14:31 DEBUG org.apache.http.wire [http-nio-8090-exec-5] - http-outgoing-1 >> "Content-Length: 58[\r][\n]"
2026-01-22 16:14:31 DEBUG org.apache.http.wire [http-nio-8090-exec-5] - http-outgoing-1 >> "Content-Length: 58[\r][\n]"
2026-01-22 16:14:31 DEBUG org.apache.http.wire [http-nio-8090-exec-5] - http-outgoing-1 >> "Content-Length: 58[\r][\n]"
2026-01-22 16:14:31 DEBUG org.apache.http.wire [http-nio-8090-exec-5] - http-outgoing-1 >> "Host: etims-api-sbx2.kra.go.ke[\r][\n]"
2026-01-22 16:14:31 DEBUG org.apache.http.wire [http-nio-8090-exec-5] - http-outgoing-1 >> "Host: etims-api-sbx2.kra.go.ke[\r][\n]"
2026-01-22 16:14:31 DEBUG org.apache.http.wire [http-nio-8090-exec-5] - http-outgoing-1 >> "Host: etims-api-sbx2.kra.go.ke[\r][\n]"
2026-01-22 16:14:31 DEBUG org.apache.http.wire [http-nio-8090-exec-5] - http-outgoing-1 >> "Connection: Keep-Alive[\r][\n]"
2026-01-22 16:14:31 DEBUG org.apache.http.wire [http-nio-8090-exec-5] - http-outgoing-1 >> "Connection: Keep-Alive[\r][\n]"
2026-01-22 16:14:31 DEBUG org.apache.http.wire [http-nio-8090-exec-5] - http-outgoing-1 >> "Connection: Keep-Alive[\r][\n]"
2026-01-22 16:14:31 DEBUG org.apache.http.wire [http-nio-8090-exec-5] - http-outgoing-1 >> "User-Agent: Apache-HttpClient/4.5.13 (Java/17.0.12)[\r][\n]"
2026-01-22 16:14:31 DEBUG org.apache.http.wire [http-nio-8090-exec-5] - http-outgoing-1 >> "User-Agent: Apache-HttpClient/4.5.13 (Java/17.0.12)[\r][\n]"
2026-01-22 16:14:31 DEBUG org.apache.http.wire [http-nio-8090-exec-5] - http-outgoing-1 >> "User-Agent: Apache-HttpClient/4.5.13 (Java/17.0.12)[\r][\n]"
2026-01-22 16:14:31 DEBUG org.apache.http.wire [http-nio-8090-exec-5] - http-outgoing-1 >> "Accept-Encoding: gzip,deflate[\r][\n]"
2026-01-22 16:14:31 DEBUG org.apache.http.wire [http-nio-8090-exec-5] - http-outgoing-1 >> "Accept-Encoding: gzip,deflate[\r][\n]"
2026-01-22 16:14:31 DEBUG org.apache.http.wire [http-nio-8090-exec-5] - http-outgoing-1 >> "Accept-Encoding: gzip,deflate[\r][\n]"
2026-01-22 16:14:31 DEBUG org.apache.http.wire [http-nio-8090-exec-5] - http-outgoing-1 >> "[\r][\n]"
2026-01-22 16:14:31 DEBUG org.apache.http.wire [http-nio-8090-exec-5] - http-outgoing-1 >> "[\r][\n]"
2026-01-22 16:14:31 DEBUG org.apache.http.wire [http-nio-8090-exec-5] - http-outgoing-1 >> "[\r][\n]"
2026-01-22 16:14:31 DEBUG org.apache.http.wire [http-nio-8090-exec-5] - http-outgoing-1 >> "{"tin":"P600002364A","bhfId":"00","dvcSrlNo":"5CD4525275"}"
2026-01-22 16:14:31 DEBUG org.apache.http.wire [http-nio-8090-exec-5] - http-outgoing-1 >> "{"tin":"P600002364A","bhfId":"00","dvcSrlNo":"5CD4525275"}"
2026-01-22 16:14:31 DEBUG org.apache.http.wire [http-nio-8090-exec-5] - http-outgoing-1 >> "{"tin":"P600002364A","bhfId":"00","dvcSrlNo":"5CD4525275"}"
2026-01-22 16:14:32 DEBUG org.apache.http.wire [http-nio-8090-exec-5] - http-outgoing-1 << "HTTP/1.1 200 [\r][\n]"
2026-01-22 16:14:32 DEBUG org.apache.http.wire [http-nio-8090-exec-5] - http-outgoing-1 << "HTTP/1.1 200 [\r][\n]"
2026-01-22 16:14:32 DEBUG org.apache.http.wire [http-nio-8090-exec-5] - http-outgoing-1 << "HTTP/1.1 200 [\r][\n]"
2026-01-22 16:14:32 DEBUG org.apache.http.wire [http-nio-8090-exec-5] - http-outgoing-1 << "Set-Cookie: JSESSIONID=E17A2C5662C4A20DA1656AB029F7A61D; Path=/etims-api; HttpOnly[\r][\n]"
2026-01-22 16:14:32 DEBUG org.apache.http.wire [http-nio-8090-exec-5] - http-outgoing-1 << "Set-Cookie: JSESSIONID=E17A2C5662C4A20DA1656AB029F7A61D; Path=/etims-api; HttpOnly[\r][\n]"
2026-01-22 16:14:32 DEBUG org.apache.http.wire [http-nio-8090-exec-5] - http-outgoing-1 << "Set-Cookie: JSESSIONID=E17A2C5662C4A20DA1656AB029F7A61D; Path=/etims-api; HttpOnly[\r][\n]"
2026-01-22 16:14:32 DEBUG org.apache.http.wire [http-nio-8090-exec-5] - http-outgoing-1 << "Content-Type: application/json;charset=UTF-8[\r][\n]"
2026-01-22 16:14:32 DEBUG org.apache.http.wire [http-nio-8090-exec-5] - http-outgoing-1 << "Content-Type: application/json;charset=UTF-8[\r][\n]"
2026-01-22 16:14:32 DEBUG org.apache.http.wire [http-nio-8090-exec-5] - http-outgoing-1 << "Content-Type: application/json;charset=UTF-8[\r][\n]"
2026-01-22 16:14:32 DEBUG org.apache.http.wire [http-nio-8090-exec-5] - http-outgoing-1 << "Transfer-Encoding: chunked[\r][\n]"
2026-01-22 16:14:32 DEBUG org.apache.http.wire [http-nio-8090-exec-5] - http-outgoing-1 << "Transfer-Encoding: chunked[\r][\n]"
2026-01-22 16:14:32 DEBUG org.apache.http.wire [http-nio-8090-exec-5] - http-outgoing-1 << "Transfer-Encoding: chunked[\r][\n]"
2026-01-22 16:14:32 DEBUG org.apache.http.wire [http-nio-8090-exec-5] - http-outgoing-1 << "Date: Thu, 22 Jan 2026 13:14:31 GMT[\r][\n]"
2026-01-22 16:14:32 DEBUG org.apache.http.wire [http-nio-8090-exec-5] - http-outgoing-1 << "Date: Thu, 22 Jan 2026 13:14:31 GMT[\r][\n]"
2026-01-22 16:14:32 DEBUG org.apache.http.wire [http-nio-8090-exec-5] - http-outgoing-1 << "Date: Thu, 22 Jan 2026 13:14:31 GMT[\r][\n]"
2026-01-22 16:14:32 DEBUG org.apache.http.wire [http-nio-8090-exec-5] - http-outgoing-1 << "Keep-Alive: timeout=20[\r][\n]"
2026-01-22 16:14:32 DEBUG org.apache.http.wire [http-nio-8090-exec-5] - http-outgoing-1 << "Keep-Alive: timeout=20[\r][\n]"
2026-01-22 16:14:32 DEBUG org.apache.http.wire [http-nio-8090-exec-5] - http-outgoing-1 << "Keep-Alive: timeout=20[\r][\n]"
2026-01-22 16:14:32 DEBUG org.apache.http.wire [http-nio-8090-exec-5] - http-outgoing-1 << "Connection: keep-alive[\r][\n]"
2026-01-22 16:14:32 DEBUG org.apache.http.wire [http-nio-8090-exec-5] - http-outgoing-1 << "Connection: keep-alive[\r][\n]"
2026-01-22 16:14:32 DEBUG org.apache.http.wire [http-nio-8090-exec-5] - http-outgoing-1 << "Connection: keep-alive[\r][\n]"
2026-01-22 16:14:32 DEBUG org.apache.http.wire [http-nio-8090-exec-5] - http-outgoing-1 << "Set-Cookie: BIGipServer~k8sprd02~Shared~etims_api_apig_svc_8080_etims_sandbox_etims_api_sbx2_kra_go_ke=840162314.36895.0000; path=/; Httponly; Secure[\r][\n]"
2026-01-22 16:14:32 DEBUG org.apache.http.wire [http-nio-8090-exec-5] - http-outgoing-1 << "Set-Cookie: BIGipServer~k8sprd02~Shared~etims_api_apig_svc_8080_etims_sandbox_etims_api_sbx2_kra_go_ke=840162314.36895.0000; path=/; Httponly; Secure[\r][\n]"
2026-01-22 16:14:32 DEBUG org.apache.http.wire [http-nio-8090-exec-5] - http-outgoing-1 << "Set-Cookie: BIGipServer~k8sprd02~Shared~etims_api_apig_svc_8080_etims_sandbox_etims_api_sbx2_kra_go_ke=840162314.36895.0000; path=/; Httponly; Secure[\r][\n]"
2026-01-22 16:14:32 DEBUG org.apache.http.wire [http-nio-8090-exec-5] - http-outgoing-1 << "[\r][\n]"
2026-01-22 16:14:32 DEBUG org.apache.http.wire [http-nio-8090-exec-5] - http-outgoing-1 << "[\r][\n]"
2026-01-22 16:14:32 DEBUG org.apache.http.wire [http-nio-8090-exec-5] - http-outgoing-1 << "[\r][\n]"
2026-01-22 16:14:32 DEBUG org.apache.http.wire [http-nio-8090-exec-5] - http-outgoing-1 << "32c[\r][\n]"
2026-01-22 16:14:32 DEBUG org.apache.http.wire [http-nio-8090-exec-5] - http-outgoing-1 << "32c[\r][\n]"
2026-01-22 16:14:32 DEBUG org.apache.http.wire [http-nio-8090-exec-5] - http-outgoing-1 << "32c[\r][\n]"
2026-01-22 16:14:32 DEBUG org.apache.http.wire [http-nio-8090-exec-5] - http-outgoing-1 << "{"resultCd":"000","resultMsg":"Successful","resultDt":"20260122161431","data":{"info":{"tin":"P600002364A","taxprNm":"Evopay Limited","bsnsActv":"Others","bhfId":"00","bhfNm":"Headquarter","bhfOpenDt":"20240404","prvncNm":"Nairobi","dstrtNm":"Westlands District","sctrNm":"Westlands","locDesc":null,"hqYn":"Y","mgrNm":"Evopay Limited","mgrTelNo":"0712503333","mgrEmail":"CEO@EVOGROUP.AFRICA","dvcId":"447779","sdcId":"KRACU0300003735","mrcNo":"KRA00378871","intrlKey":"CA2DEA193B504F1487CE286FB3065B6C80D21E2A5AAE40F19A5C","signKey":"BFC4566ED3A143CBBB786F04FB48ADF63E214CD0F3FC496E9804","cmcKey":"D75CC1520D5E4B48A301D91D8EE1272585932522522A4286B1A1","lastSaleInvcNo":0,"lastPchsInvcNo":0,"lastSaleRcptNo":0,"lastInvcNo":null,"lastTrainInvcNo":null,"lastProfrmInvcNo":null,"lastCopyInvcNo":null,"vatTyCd":"1"}}}[\r][\n]"
2026-01-22 16:14:32 DEBUG org.apache.http.wire [http-nio-8090-exec-5] - http-outgoing-1 << "{"resultCd":"000","resultMsg":"Successful","resultDt":"20260122161431","data":{"info":{"tin":"P600002364A","taxprNm":"Evopay Limited","bsnsActv":"Others","bhfId":"00","bhfNm":"Headquarter","bhfOpenDt":"20240404","prvncNm":"Nairobi","dstrtNm":"Westlands District","sctrNm":"Westlands","locDesc":null,"hqYn":"Y","mgrNm":"Evopay Limited","mgrTelNo":"0712503333","mgrEmail":"CEO@EVOGROUP.AFRICA","dvcId":"447779","sdcId":"KRACU0300003735","mrcNo":"KRA00378871","intrlKey":"CA2DEA193B504F1487CE286FB3065B6C80D21E2A5AAE40F19A5C","signKey":"BFC4566ED3A143CBBB786F04FB48ADF63E214CD0F3FC496E9804","cmcKey":"D75CC1520D5E4B48A301D91D8EE1272585932522522A4286B1A1","lastSaleInvcNo":0,"lastPchsInvcNo":0,"lastSaleRcptNo":0,"lastInvcNo":null,"lastTrainInvcNo":null,"lastProfrmInvcNo":null,"lastCopyInvcNo":null,"vatTyCd":"1"}}}[\r][\n]"
2026-01-22 16:14:32 DEBUG org.apache.http.wire [http-nio-8090-exec-5] - http-outgoing-1 << "{"resultCd":"000","resultMsg":"Successful","resultDt":"20260122161431","data":{"info":{"tin":"P600002364A","taxprNm":"Evopay Limited","bsnsActv":"Others","bhfId":"00","bhfNm":"Headquarter","bhfOpenDt":"20240404","prvncNm":"Nairobi","dstrtNm":"Westlands District","sctrNm":"Westlands","locDesc":null,"hqYn":"Y","mgrNm":"Evopay Limited","mgrTelNo":"0712503333","mgrEmail":"CEO@EVOGROUP.AFRICA","dvcId":"447779","sdcId":"KRACU0300003735","mrcNo":"KRA00378871","intrlKey":"CA2DEA193B504F1487CE286FB3065B6C80D21E2A5AAE40F19A5C","signKey":"BFC4566ED3A143CBBB786F04FB48ADF63E214CD0F3FC496E9804","cmcKey":"D75CC1520D5E4B48A301D91D8EE1272585932522522A4286B1A1","lastSaleInvcNo":0,"lastPchsInvcNo":0,"lastSaleRcptNo":0,"lastInvcNo":null,"lastTrainInvcNo":null,"lastProfrmInvcNo":null,"lastCopyInvcNo":null,"vatTyCd":"1"}}}[\r][\n]"
2026-01-22 16:14:32 DEBUG org.apache.http.wire [http-nio-8090-exec-5] - http-outgoing-1 << "0[\r][\n]"
2026-01-22 16:14:32 DEBUG org.apache.http.wire [http-nio-8090-exec-5] - http-outgoing-1 << "0[\r][\n]"
2026-01-22 16:14:32 DEBUG org.apache.http.wire [http-nio-8090-exec-5] - http-outgoing-1 << "0[\r][\n]"
2026-01-22 16:14:32 DEBUG org.apache.http.wire [http-nio-8090-exec-5] - http-outgoing-1 << "[\r][\n]"
2026-01-22 16:14:32 DEBUG org.apache.http.wire [http-nio-8090-exec-5] - http-outgoing-1 << "[\r][\n]"
2026-01-22 16:14:32 DEBUG org.apache.http.wire [http-nio-8090-exec-5] - http-outgoing-1 << "[\r][\n]"
2026-01-22 16:14:32 DEBUG org.apache.http.headers [http-nio-8090-exec-5] - http-outgoing-1 << HTTP/1.1 200 
2026-01-22 16:14:32 DEBUG org.apache.http.headers [http-nio-8090-exec-5] - http-outgoing-1 << HTTP/1.1 200 
2026-01-22 16:14:32 DEBUG org.apache.http.headers [http-nio-8090-exec-5] - http-outgoing-1 << Set-Cookie: JSESSIONID=E17A2C5662C4A20DA1656AB029F7A61D; Path=/etims-api; HttpOnly
2026-01-22 16:14:32 DEBUG org.apache.http.headers [http-nio-8090-exec-5] - http-outgoing-1 << Set-Cookie: JSESSIONID=E17A2C5662C4A20DA1656AB029F7A61D; Path=/etims-api; HttpOnly
2026-01-22 16:14:32 DEBUG org.apache.http.headers [http-nio-8090-exec-5] - http-outgoing-1 << Content-Type: application/json;charset=UTF-8
2026-01-22 16:14:32 DEBUG org.apache.http.headers [http-nio-8090-exec-5] - http-outgoing-1 << Content-Type: application/json;charset=UTF-8
2026-01-22 16:14:32 DEBUG org.apache.http.headers [http-nio-8090-exec-5] - http-outgoing-1 << Transfer-Encoding: chunked
2026-01-22 16:14:32 DEBUG org.apache.http.headers [http-nio-8090-exec-5] - http-outgoing-1 << Transfer-Encoding: chunked
2026-01-22 16:14:32 DEBUG org.apache.http.headers [http-nio-8090-exec-5] - http-outgoing-1 << Date: Thu, 22 Jan 2026 13:14:31 GMT
2026-01-22 16:14:32 DEBUG org.apache.http.headers [http-nio-8090-exec-5] - http-outgoing-1 << Date: Thu, 22 Jan 2026 13:14:31 GMT
2026-01-22 16:14:32 DEBUG org.apache.http.headers [http-nio-8090-exec-5] - http-outgoing-1 << Keep-Alive: timeout=20
2026-01-22 16:14:32 DEBUG org.apache.http.headers [http-nio-8090-exec-5] - http-outgoing-1 << Keep-Alive: timeout=20
2026-01-22 16:14:32 DEBUG org.apache.http.headers [http-nio-8090-exec-5] - http-outgoing-1 << Connection: keep-alive
2026-01-22 16:14:32 DEBUG org.apache.http.headers [http-nio-8090-exec-5] - http-outgoing-1 << Connection: keep-alive
2026-01-22 16:14:32 DEBUG org.apache.http.headers [http-nio-8090-exec-5] - http-outgoing-1 << Set-Cookie: BIGipServer~k8sprd02~Shared~etims_api_apig_svc_8080_etims_sandbox_etims_api_sbx2_kra_go_ke=840162314.36895.0000; path=/; Httponly; Secure
2026-01-22 16:14:32 DEBUG org.apache.http.headers [http-nio-8090-exec-5] - http-outgoing-1 << Set-Cookie: BIGipServer~k8sprd02~Shared~etims_api_apig_svc_8080_etims_sandbox_etims_api_sbx2_kra_go_ke=840162314.36895.0000; path=/; Httponly; Secure
2026-01-22 16:14:32 DEBUG o.a.h.impl.execchain.MainClientExec [http-nio-8090-exec-5] - Connection can be kept alive for 20000 MILLISECONDS
2026-01-22 16:14:32 DEBUG o.a.h.impl.execchain.MainClientExec [http-nio-8090-exec-5] - Connection can be kept alive for 20000 MILLISECONDS
2026-01-22 16:14:32 DEBUG o.a.h.c.p.ResponseProcessCookies [http-nio-8090-exec-5] - Cookie accepted [JSESSIONID="E17A2C5662C4A20DA1656AB029F7A61D", version:0, domain:etims-api-sbx2.kra.go.ke, path:/etims-api, expiry:null]
2026-01-22 16:14:32 DEBUG o.a.h.c.p.ResponseProcessCookies [http-nio-8090-exec-5] - Cookie accepted [JSESSIONID="E17A2C5662C4A20DA1656AB029F7A61D", version:0, domain:etims-api-sbx2.kra.go.ke, path:/etims-api, expiry:null]
2026-01-22 16:14:32 DEBUG o.a.h.c.p.ResponseProcessCookies [http-nio-8090-exec-5] - Cookie accepted [BIGipServer~k8sprd02~Shared~etims_api_apig_svc_8080_etims_sandbox_etims_api_sbx2_kra_go_ke="840162314.36895.0000", version:0, domain:etims-api-sbx2.kra.go.ke, path:/, expiry:null]
2026-01-22 16:14:32 DEBUG o.a.h.c.p.ResponseProcessCookies [http-nio-8090-exec-5] - Cookie accepted [BIGipServer~k8sprd02~Shared~etims_api_apig_svc_8080_etims_sandbox_etims_api_sbx2_kra_go_ke="840162314.36895.0000", version:0, domain:etims-api-sbx2.kra.go.ke, path:/, expiry:null]
2026-01-22 16:14:32 DEBUG o.a.h.i.c.PoolingHttpClientConnectionManager [http-nio-8090-exec-5] - Connection [id: 1][route: {s}->https://etims-api-sbx2.kra.go.ke:443] can be kept alive for 20.0 seconds
2026-01-22 16:14:32 DEBUG o.a.h.i.c.PoolingHttpClientConnectionManager [http-nio-8090-exec-5] - Connection [id: 1][route: {s}->https://etims-api-sbx2.kra.go.ke:443] can be kept alive for 20.0 seconds
2026-01-22 16:14:32 DEBUG o.a.h.i.c.DefaultManagedHttpClientConnection [http-nio-8090-exec-5] - http-outgoing-1: set socket timeout to 0
2026-01-22 16:14:32 DEBUG o.a.h.i.c.DefaultManagedHttpClientConnection [http-nio-8090-exec-5] - http-outgoing-1: set socket timeout to 0
2026-01-22 16:14:32 DEBUG o.a.h.i.c.PoolingHttpClientConnectionManager [http-nio-8090-exec-5] - Connection released: [id: 1][route: {s}->https://etims-api-sbx2.kra.go.ke:443][total available: 1; route allocated: 1 of 2; total allocated: 1 of 20]
2026-01-22 16:14:32 DEBUG o.a.h.i.c.PoolingHttpClientConnectionManager [http-nio-8090-exec-5] - Connection released: [id: 1][route: {s}->https://etims-api-sbx2.kra.go.ke:443][total available: 1; route allocated: 1 of 2; total allocated: 1 of 20]
2026-01-22 16:14:32 DEBUG o.a.h.impl.execchain.MainClientExec [http-nio-8090-exec-5] - Cancelling request execution
2026-01-22 16:14:32 DEBUG o.a.h.impl.execchain.MainClientExec [http-nio-8090-exec-5] - Cancelling request execution
2026-01-22 16:14:32 DEBUG o.a.h.i.c.PoolingHttpClientConnectionManager [http-nio-8090-exec-5] - Connection manager is shutting down
2026-01-22 16:14:32 DEBUG o.a.h.i.c.PoolingHttpClientConnectionManager [http-nio-8090-exec-5] - Connection manager is shutting down
2026-01-22 16:14:32 DEBUG o.a.h.i.c.DefaultManagedHttpClientConnection [http-nio-8090-exec-5] - http-outgoing-1: Close connection
2026-01-22 16:14:32 DEBUG o.a.h.i.c.DefaultManagedHttpClientConnection [http-nio-8090-exec-5] - http-outgoing-1: Close connection
2026-01-22 16:14:32 DEBUG o.a.h.i.c.PoolingHttpClientConnectionManager [http-nio-8090-exec-5] - Connection manager shut down
2026-01-22 16:14:32 DEBUG o.a.h.i.c.PoolingHttpClientConnectionManager [http-nio-8090-exec-5] - Connection manager shut down
2026-01-22 16:14:32 DEBUG o.s.w.s.m.m.a.RequestResponseBodyMethodProcessor [http-nio-8090-exec-5] - Using 'application/json', given [*/*] and supported [application/json, application/*+json]
2026-01-22 16:14:32 DEBUG o.s.w.s.m.m.a.RequestResponseBodyMethodProcessor [http-nio-8090-exec-5] - Writing [com.kra.vsdc.execute.model.InitInfoRes@23835fb1]
2026-01-22 16:14:32 DEBUG o.s.o.j.s.OpenEntityManagerInViewInterceptor [http-nio-8090-exec-5] - Closing JPA EntityManager in OpenEntityManagerInViewInterceptor
2026-01-22 16:14:32 DEBUG o.s.web.servlet.DispatcherServlet [http-nio-8090-exec-5] - Completed 200 OK
2026-01-22 16:14:32 DEBUG o.a.h.c.protocol.RequestAddCookies [ForkJoinPool.commonPool-worker-1] - CookieSpec selected: default
2026-01-22 16:14:32 DEBUG o.a.h.c.protocol.RequestAddCookies [ForkJoinPool.commonPool-worker-1] - CookieSpec selected: default
2026-01-22 16:14:32 DEBUG o.a.h.c.protocol.RequestAuthCache [ForkJoinPool.commonPool-worker-1] - Auth cache not set in the context
2026-01-22 16:14:32 DEBUG o.a.h.c.protocol.RequestAuthCache [ForkJoinPool.commonPool-worker-1] - Auth cache not set in the context
2026-01-22 16:14:32 DEBUG o.a.h.i.c.PoolingHttpClientConnectionManager [ForkJoinPool.commonPool-worker-1] - Connection request: [route: {s}->https://etims-api-sbx2.kra.go.ke:443][total available: 0; route allocated: 0 of 2; total allocated: 0 of 20]
2026-01-22 16:14:32 DEBUG o.a.h.i.c.PoolingHttpClientConnectionManager [ForkJoinPool.commonPool-worker-1] - Connection request: [route: {s}->https://etims-api-sbx2.kra.go.ke:443][total available: 0; route allocated: 0 of 2; total allocated: 0 of 20]
2026-01-22 16:14:32 DEBUG o.a.h.i.c.PoolingHttpClientConnectionManager [ForkJoinPool.commonPool-worker-1] - Connection leased: [id: 2][route: {s}->https://etims-api-sbx2.kra.go.ke:443][total available: 0; route allocated: 1 of 2; total allocated: 1 of 20]
2026-01-22 16:14:32 DEBUG o.a.h.i.c.PoolingHttpClientConnectionManager [ForkJoinPool.commonPool-worker-1] - Connection leased: [id: 2][route: {s}->https://etims-api-sbx2.kra.go.ke:443][total available: 0; route allocated: 1 of 2; total allocated: 1 of 20]
2026-01-22 16:14:32 DEBUG o.a.h.impl.execchain.MainClientExec [ForkJoinPool.commonPool-worker-1] - Opening connection {s}->https://etims-api-sbx2.kra.go.ke:443
2026-01-22 16:14:32 DEBUG o.a.h.impl.execchain.MainClientExec [ForkJoinPool.commonPool-worker-1] - Opening connection {s}->https://etims-api-sbx2.kra.go.ke:443
2026-01-22 16:14:32 DEBUG o.a.h.i.c.DefaultHttpClientConnectionOperator [ForkJoinPool.commonPool-worker-1] - Connecting to etims-api-sbx2.kra.go.ke/196.61.52.69:443
2026-01-22 16:14:32 DEBUG o.a.h.i.c.DefaultHttpClientConnectionOperator [ForkJoinPool.commonPool-worker-1] - Connecting to etims-api-sbx2.kra.go.ke/196.61.52.69:443
2026-01-22 16:14:32 DEBUG o.a.h.c.s.SSLConnectionSocketFactory [ForkJoinPool.commonPool-worker-1] - Connecting socket to etims-api-sbx2.kra.go.ke/196.61.52.69:443 with timeout 0
2026-01-22 16:14:32 DEBUG o.a.h.c.s.SSLConnectionSocketFactory [ForkJoinPool.commonPool-worker-1] - Connecting socket to etims-api-sbx2.kra.go.ke/196.61.52.69:443 with timeout 0
2026-01-22 16:14:32 DEBUG o.a.h.c.s.SSLConnectionSocketFactory [ForkJoinPool.commonPool-worker-1] - Enabled protocols: [TLSv1.3, TLSv1.2]
2026-01-22 16:14:32 DEBUG o.a.h.c.s.SSLConnectionSocketFactory [ForkJoinPool.commonPool-worker-1] - Enabled protocols: [TLSv1.3, TLSv1.2]
2026-01-22 16:14:32 DEBUG o.a.h.c.s.SSLConnectionSocketFactory [ForkJoinPool.commonPool-worker-1] - Enabled cipher suites:[TLS_AES_256_GCM_SHA384, TLS_AES_128_GCM_SHA256, TLS_CHACHA20_POLY1305_SHA256, TLS_ECDHE_ECDSA_WITH_AES_256_GCM_SHA384, TLS_ECDHE_ECDSA_WITH_AES_128_GCM_SHA256, TLS_ECDHE_ECDSA_WITH_CHACHA20_POLY1305_SHA256, TLS_ECDHE_RSA_WITH_AES_256_GCM_SHA384, TLS_ECDHE_RSA_WITH_CHACHA20_POLY1305_SHA256, TLS_ECDHE_RSA_WITH_AES_128_GCM_SHA256, TLS_DHE_RSA_WITH_AES_256_GCM_SHA384, TLS_DHE_RSA_WITH_CHACHA20_POLY1305_SHA256, TLS_DHE_DSS_WITH_AES_256_GCM_SHA384, TLS_DHE_RSA_WITH_AES_128_GCM_SHA256, TLS_DHE_DSS_WITH_AES_128_GCM_SHA256, TLS_ECDHE_ECDSA_WITH_AES_256_CBC_SHA384, TLS_ECDHE_RSA_WITH_AES_256_CBC_SHA384, TLS_ECDHE_ECDSA_WITH_AES_128_CBC_SHA256, TLS_ECDHE_RSA_WITH_AES_128_CBC_SHA256, TLS_DHE_RSA_WITH_AES_256_CBC_SHA256, TLS_DHE_DSS_WITH_AES_256_CBC_SHA256, TLS_DHE_RSA_WITH_AES_128_CBC_SHA256, TLS_DHE_DSS_WITH_AES_128_CBC_SHA256, TLS_ECDH_ECDSA_WITH_AES_256_GCM_SHA384, TLS_ECDH_RSA_WITH_AES_256_GCM_SHA384, TLS_ECDH_ECDSA_WITH_AES_128_GCM_SHA256, TLS_ECDH_RSA_WITH_AES_128_GCM_SHA256, TLS_ECDH_ECDSA_WITH_AES_256_CBC_SHA384, TLS_ECDH_RSA_WITH_AES_256_CBC_SHA384, TLS_ECDH_ECDSA_WITH_AES_128_CBC_SHA256, TLS_ECDH_RSA_WITH_AES_128_CBC_SHA256, TLS_ECDHE_ECDSA_WITH_AES_256_CBC_SHA, TLS_ECDHE_RSA_WITH_AES_256_CBC_SHA, TLS_ECDHE_ECDSA_WITH_AES_128_CBC_SHA, TLS_ECDHE_RSA_WITH_AES_128_CBC_SHA, TLS_DHE_RSA_WITH_AES_256_CBC_SHA, TLS_DHE_DSS_WITH_AES_256_CBC_SHA, TLS_DHE_RSA_WITH_AES_128_CBC_SHA, TLS_DHE_DSS_WITH_AES_128_CBC_SHA, TLS_ECDH_ECDSA_WITH_AES_256_CBC_SHA, TLS_ECDH_RSA_WITH_AES_256_CBC_SHA, TLS_ECDH_ECDSA_WITH_AES_128_CBC_SHA, TLS_ECDH_RSA_WITH_AES_128_CBC_SHA, TLS_RSA_WITH_AES_256_GCM_SHA384, TLS_RSA_WITH_AES_128_GCM_SHA256, TLS_RSA_WITH_AES_256_CBC_SHA256, TLS_RSA_WITH_AES_128_CBC_SHA256, TLS_RSA_WITH_AES_256_CBC_SHA, TLS_RSA_WITH_AES_128_CBC_SHA, TLS_EMPTY_RENEGOTIATION_INFO_SCSV]
2026-01-22 16:14:32 DEBUG o.a.h.c.s.SSLConnectionSocketFactory [ForkJoinPool.commonPool-worker-1] - Enabled cipher suites:[TLS_AES_256_GCM_SHA384, TLS_AES_128_GCM_SHA256, TLS_CHACHA20_POLY1305_SHA256, TLS_ECDHE_ECDSA_WITH_AES_256_GCM_SHA384, TLS_ECDHE_ECDSA_WITH_AES_128_GCM_SHA256, TLS_ECDHE_ECDSA_WITH_CHACHA20_POLY1305_SHA256, TLS_ECDHE_RSA_WITH_AES_256_GCM_SHA384, TLS_ECDHE_RSA_WITH_CHACHA20_POLY1305_SHA256, TLS_ECDHE_RSA_WITH_AES_128_GCM_SHA256, TLS_DHE_RSA_WITH_AES_256_GCM_SHA384, TLS_DHE_RSA_WITH_CHACHA20_POLY1305_SHA256, TLS_DHE_DSS_WITH_AES_256_GCM_SHA384, TLS_DHE_RSA_WITH_AES_128_GCM_SHA256, TLS_DHE_DSS_WITH_AES_128_GCM_SHA256, TLS_ECDHE_ECDSA_WITH_AES_256_CBC_SHA384, TLS_ECDHE_RSA_WITH_AES_256_CBC_SHA384, TLS_ECDHE_ECDSA_WITH_AES_128_CBC_SHA256, TLS_ECDHE_RSA_WITH_AES_128_CBC_SHA256, TLS_DHE_RSA_WITH_AES_256_CBC_SHA256, TLS_DHE_DSS_WITH_AES_256_CBC_SHA256, TLS_DHE_RSA_WITH_AES_128_CBC_SHA256, TLS_DHE_DSS_WITH_AES_128_CBC_SHA256, TLS_ECDH_ECDSA_WITH_AES_256_GCM_SHA384, TLS_ECDH_RSA_WITH_AES_256_GCM_SHA384, TLS_ECDH_ECDSA_WITH_AES_128_GCM_SHA256, TLS_ECDH_RSA_WITH_AES_128_GCM_SHA256, TLS_ECDH_ECDSA_WITH_AES_256_CBC_SHA384, TLS_ECDH_RSA_WITH_AES_256_CBC_SHA384, TLS_ECDH_ECDSA_WITH_AES_128_CBC_SHA256, TLS_ECDH_RSA_WITH_AES_128_CBC_SHA256, TLS_ECDHE_ECDSA_WITH_AES_256_CBC_SHA, TLS_ECDHE_RSA_WITH_AES_256_CBC_SHA, TLS_ECDHE_ECDSA_WITH_AES_128_CBC_SHA, TLS_ECDHE_RSA_WITH_AES_128_CBC_SHA, TLS_DHE_RSA_WITH_AES_256_CBC_SHA, TLS_DHE_DSS_WITH_AES_256_CBC_SHA, TLS_DHE_RSA_WITH_AES_128_CBC_SHA, TLS_DHE_DSS_WITH_AES_128_CBC_SHA, TLS_ECDH_ECDSA_WITH_AES_256_CBC_SHA, TLS_ECDH_RSA_WITH_AES_256_CBC_SHA, TLS_ECDH_ECDSA_WITH_AES_128_CBC_SHA, TLS_ECDH_RSA_WITH_AES_128_CBC_SHA, TLS_RSA_WITH_AES_256_GCM_SHA384, TLS_RSA_WITH_AES_128_GCM_SHA256, TLS_RSA_WITH_AES_256_CBC_SHA256, TLS_RSA_WITH_AES_128_CBC_SHA256, TLS_RSA_WITH_AES_256_CBC_SHA, TLS_RSA_WITH_AES_128_CBC_SHA, TLS_EMPTY_RENEGOTIATION_INFO_SCSV]
2026-01-22 16:14:32 DEBUG o.a.h.c.s.SSLConnectionSocketFactory [ForkJoinPool.commonPool-worker-1] - Starting handshake
2026-01-22 16:14:32 DEBUG o.a.h.c.s.SSLConnectionSocketFactory [ForkJoinPool.commonPool-worker-1] - Starting handshake
2026-01-22 16:14:33 DEBUG o.a.h.c.s.SSLConnectionSocketFactory [ForkJoinPool.commonPool-worker-1] - Secure session established
2026-01-22 16:14:33 DEBUG o.a.h.c.s.SSLConnectionSocketFactory [ForkJoinPool.commonPool-worker-1] - Secure session established
2026-01-22 16:14:33 DEBUG o.a.h.c.s.SSLConnectionSocketFactory [ForkJoinPool.commonPool-worker-1] -  negotiated protocol: TLSv1.2
2026-01-22 16:14:33 DEBUG o.a.h.c.s.SSLConnectionSocketFactory [ForkJoinPool.commonPool-worker-1] -  negotiated protocol: TLSv1.2
2026-01-22 16:14:33 DEBUG o.a.h.c.s.SSLConnectionSocketFactory [ForkJoinPool.commonPool-worker-1] -  negotiated cipher suite: TLS_ECDHE_RSA_WITH_AES_128_GCM_SHA256
2026-01-22 16:14:33 DEBUG o.a.h.c.s.SSLConnectionSocketFactory [ForkJoinPool.commonPool-worker-1] -  negotiated cipher suite: TLS_ECDHE_RSA_WITH_AES_128_GCM_SHA256
2026-01-22 16:14:33 DEBUG o.a.h.c.s.SSLConnectionSocketFactory [ForkJoinPool.commonPool-worker-1] -  peer principal: CN=*.kra.go.ke, O=Kenya Revenue Authority, L=Nairobi, C=KE
2026-01-22 16:14:33 DEBUG o.a.h.c.s.SSLConnectionSocketFactory [ForkJoinPool.commonPool-worker-1] -  peer principal: CN=*.kra.go.ke, O=Kenya Revenue Authority, L=Nairobi, C=KE
2026-01-22 16:14:33 DEBUG o.a.h.c.s.SSLConnectionSocketFactory [ForkJoinPool.commonPool-worker-1] -  peer alternative names: [*.kra.go.ke]
2026-01-22 16:14:33 DEBUG o.a.h.c.s.SSLConnectionSocketFactory [ForkJoinPool.commonPool-worker-1] -  peer alternative names: [*.kra.go.ke]
2026-01-22 16:14:33 DEBUG o.a.h.c.s.SSLConnectionSocketFactory [ForkJoinPool.commonPool-worker-1] -  issuer principal: CN=DigiCert Global G2 TLS RSA SHA256 2020 CA1, O=DigiCert Inc, C=US
2026-01-22 16:14:33 DEBUG o.a.h.c.s.SSLConnectionSocketFactory [ForkJoinPool.commonPool-worker-1] -  issuer principal: CN=DigiCert Global G2 TLS RSA SHA256 2020 CA1, O=DigiCert Inc, C=US
2026-01-22 16:14:33 DEBUG o.a.h.i.c.DefaultHttpClientConnectionOperator [ForkJoinPool.commonPool-worker-1] - Connection established 192.168.4.138:64679<->196.61.52.69:443
2026-01-22 16:14:33 DEBUG o.a.h.i.c.DefaultHttpClientConnectionOperator [ForkJoinPool.commonPool-worker-1] - Connection established 192.168.4.138:64679<->196.61.52.69:443
2026-01-22 16:14:33 DEBUG o.a.h.impl.execchain.MainClientExec [ForkJoinPool.commonPool-worker-1] - Executing request POST /etims-api/selectInitInfoVsdcSeq HTTP/1.1
2026-01-22 16:14:33 DEBUG o.a.h.impl.execchain.MainClientExec [ForkJoinPool.commonPool-worker-1] - Executing request POST /etims-api/selectInitInfoVsdcSeq HTTP/1.1
2026-01-22 16:14:33 DEBUG o.a.h.impl.execchain.MainClientExec [ForkJoinPool.commonPool-worker-1] - Target auth state: UNCHALLENGED
2026-01-22 16:14:33 DEBUG o.a.h.impl.execchain.MainClientExec [ForkJoinPool.commonPool-worker-1] - Target auth state: UNCHALLENGED
2026-01-22 16:14:33 DEBUG o.a.h.impl.execchain.MainClientExec [ForkJoinPool.commonPool-worker-1] - Proxy auth state: UNCHALLENGED
2026-01-22 16:14:33 DEBUG o.a.h.impl.execchain.MainClientExec [ForkJoinPool.commonPool-worker-1] - Proxy auth state: UNCHALLENGED
2026-01-22 16:14:33 DEBUG org.apache.http.headers [ForkJoinPool.commonPool-worker-1] - http-outgoing-2 >> POST /etims-api/selectInitInfoVsdcSeq HTTP/1.1
2026-01-22 16:14:33 DEBUG org.apache.http.headers [ForkJoinPool.commonPool-worker-1] - http-outgoing-2 >> POST /etims-api/selectInitInfoVsdcSeq HTTP/1.1
2026-01-22 16:14:33 DEBUG org.apache.http.headers [ForkJoinPool.commonPool-worker-1] - http-outgoing-2 >> X-Route-Id: VSCU
2026-01-22 16:14:33 DEBUG org.apache.http.headers [ForkJoinPool.commonPool-worker-1] - http-outgoing-2 >> X-Route-Id: VSCU
2026-01-22 16:14:33 DEBUG org.apache.http.headers [ForkJoinPool.commonPool-worker-1] - http-outgoing-2 >> Content-Type: application/json
2026-01-22 16:14:33 DEBUG org.apache.http.headers [ForkJoinPool.commonPool-worker-1] - http-outgoing-2 >> Content-Type: application/json
2026-01-22 16:14:33 DEBUG org.apache.http.headers [ForkJoinPool.commonPool-worker-1] - http-outgoing-2 >> Content-Length: 58
2026-01-22 16:14:33 DEBUG org.apache.http.headers [ForkJoinPool.commonPool-worker-1] - http-outgoing-2 >> Content-Length: 58
2026-01-22 16:14:33 DEBUG org.apache.http.headers [ForkJoinPool.commonPool-worker-1] - http-outgoing-2 >> Host: etims-api-sbx2.kra.go.ke
2026-01-22 16:14:33 DEBUG org.apache.http.headers [ForkJoinPool.commonPool-worker-1] - http-outgoing-2 >> Host: etims-api-sbx2.kra.go.ke
2026-01-22 16:14:33 DEBUG org.apache.http.headers [ForkJoinPool.commonPool-worker-1] - http-outgoing-2 >> Connection: Keep-Alive
2026-01-22 16:14:33 DEBUG org.apache.http.headers [ForkJoinPool.commonPool-worker-1] - http-outgoing-2 >> Connection: Keep-Alive
2026-01-22 16:14:33 DEBUG org.apache.http.headers [ForkJoinPool.commonPool-worker-1] - http-outgoing-2 >> User-Agent: Apache-HttpClient/4.5.13 (Java/17.0.12)
2026-01-22 16:14:33 DEBUG org.apache.http.headers [ForkJoinPool.commonPool-worker-1] - http-outgoing-2 >> User-Agent: Apache-HttpClient/4.5.13 (Java/17.0.12)
2026-01-22 16:14:33 DEBUG org.apache.http.headers [ForkJoinPool.commonPool-worker-1] - http-outgoing-2 >> Accept-Encoding: gzip,deflate
2026-01-22 16:14:33 DEBUG org.apache.http.headers [ForkJoinPool.commonPool-worker-1] - http-outgoing-2 >> Accept-Encoding: gzip,deflate
2026-01-22 16:14:33 DEBUG org.apache.http.wire [ForkJoinPool.commonPool-worker-1] - http-outgoing-2 >> "POST /etims-api/selectInitInfoVsdcSeq HTTP/1.1[\r][\n]"
2026-01-22 16:14:33 DEBUG org.apache.http.wire [ForkJoinPool.commonPool-worker-1] - http-outgoing-2 >> "POST /etims-api/selectInitInfoVsdcSeq HTTP/1.1[\r][\n]"
2026-01-22 16:14:33 DEBUG org.apache.http.wire [ForkJoinPool.commonPool-worker-1] - http-outgoing-2 >> "POST /etims-api/selectInitInfoVsdcSeq HTTP/1.1[\r][\n]"
2026-01-22 16:14:33 DEBUG org.apache.http.wire [ForkJoinPool.commonPool-worker-1] - http-outgoing-2 >> "X-Route-Id: VSCU[\r][\n]"
2026-01-22 16:14:33 DEBUG org.apache.http.wire [ForkJoinPool.commonPool-worker-1] - http-outgoing-2 >> "X-Route-Id: VSCU[\r][\n]"
2026-01-22 16:14:33 DEBUG org.apache.http.wire [ForkJoinPool.commonPool-worker-1] - http-outgoing-2 >> "X-Route-Id: VSCU[\r][\n]"
2026-01-22 16:14:33 DEBUG org.apache.http.wire [ForkJoinPool.commonPool-worker-1] - http-outgoing-2 >> "Content-Type: application/json[\r][\n]"
2026-01-22 16:14:33 DEBUG org.apache.http.wire [ForkJoinPool.commonPool-worker-1] - http-outgoing-2 >> "Content-Type: application/json[\r][\n]"
2026-01-22 16:14:33 DEBUG org.apache.http.wire [ForkJoinPool.commonPool-worker-1] - http-outgoing-2 >> "Content-Type: application/json[\r][\n]"
2026-01-22 16:14:33 DEBUG org.apache.http.wire [ForkJoinPool.commonPool-worker-1] - http-outgoing-2 >> "Content-Length: 58[\r][\n]"
2026-01-22 16:14:33 DEBUG org.apache.http.wire [ForkJoinPool.commonPool-worker-1] - http-outgoing-2 >> "Content-Length: 58[\r][\n]"
2026-01-22 16:14:33 DEBUG org.apache.http.wire [ForkJoinPool.commonPool-worker-1] - http-outgoing-2 >> "Content-Length: 58[\r][\n]"
2026-01-22 16:14:33 DEBUG org.apache.http.wire [ForkJoinPool.commonPool-worker-1] - http-outgoing-2 >> "Host: etims-api-sbx2.kra.go.ke[\r][\n]"
2026-01-22 16:14:33 DEBUG org.apache.http.wire [ForkJoinPool.commonPool-worker-1] - http-outgoing-2 >> "Host: etims-api-sbx2.kra.go.ke[\r][\n]"
2026-01-22 16:14:33 DEBUG org.apache.http.wire [ForkJoinPool.commonPool-worker-1] - http-outgoing-2 >> "Host: etims-api-sbx2.kra.go.ke[\r][\n]"
2026-01-22 16:14:33 DEBUG org.apache.http.wire [ForkJoinPool.commonPool-worker-1] - http-outgoing-2 >> "Connection: Keep-Alive[\r][\n]"
2026-01-22 16:14:33 DEBUG org.apache.http.wire [ForkJoinPool.commonPool-worker-1] - http-outgoing-2 >> "Connection: Keep-Alive[\r][\n]"
2026-01-22 16:14:33 DEBUG org.apache.http.wire [ForkJoinPool.commonPool-worker-1] - http-outgoing-2 >> "Connection: Keep-Alive[\r][\n]"
2026-01-22 16:14:33 DEBUG org.apache.http.wire [ForkJoinPool.commonPool-worker-1] - http-outgoing-2 >> "User-Agent: Apache-HttpClient/4.5.13 (Java/17.0.12)[\r][\n]"
2026-01-22 16:14:33 DEBUG org.apache.http.wire [ForkJoinPool.commonPool-worker-1] - http-outgoing-2 >> "User-Agent: Apache-HttpClient/4.5.13 (Java/17.0.12)[\r][\n]"
2026-01-22 16:14:33 DEBUG org.apache.http.wire [ForkJoinPool.commonPool-worker-1] - http-outgoing-2 >> "User-Agent: Apache-HttpClient/4.5.13 (Java/17.0.12)[\r][\n]"
2026-01-22 16:14:33 DEBUG org.apache.http.wire [ForkJoinPool.commonPool-worker-1] - http-outgoing-2 >> "Accept-Encoding: gzip,deflate[\r][\n]"
2026-01-22 16:14:33 DEBUG org.apache.http.wire [ForkJoinPool.commonPool-worker-1] - http-outgoing-2 >> "Accept-Encoding: gzip,deflate[\r][\n]"
2026-01-22 16:14:33 DEBUG org.apache.http.wire [ForkJoinPool.commonPool-worker-1] - http-outgoing-2 >> "Accept-Encoding: gzip,deflate[\r][\n]"
2026-01-22 16:14:33 DEBUG org.apache.http.wire [ForkJoinPool.commonPool-worker-1] - http-outgoing-2 >> "[\r][\n]"
2026-01-22 16:14:33 DEBUG org.apache.http.wire [ForkJoinPool.commonPool-worker-1] - http-outgoing-2 >> "[\r][\n]"
2026-01-22 16:14:33 DEBUG org.apache.http.wire [ForkJoinPool.commonPool-worker-1] - http-outgoing-2 >> "[\r][\n]"
2026-01-22 16:14:33 DEBUG org.apache.http.wire [ForkJoinPool.commonPool-worker-1] - http-outgoing-2 >> "{"tin":"P600002364A","bhfId":"00","dvcSrlNo":"5CD4525275"}"
2026-01-22 16:14:33 DEBUG org.apache.http.wire [ForkJoinPool.commonPool-worker-1] - http-outgoing-2 >> "{"tin":"P600002364A","bhfId":"00","dvcSrlNo":"5CD4525275"}"
2026-01-22 16:14:33 DEBUG org.apache.http.wire [ForkJoinPool.commonPool-worker-1] - http-outgoing-2 >> "{"tin":"P600002364A","bhfId":"00","dvcSrlNo":"5CD4525275"}"
2026-01-22 16:14:33 INFO  c.k.v.execute.offline.ResendSchedule [vscu-thread-2] - Executing Resend Schedule
2026-01-22 16:14:33 DEBUG org.apache.http.wire [ForkJoinPool.commonPool-worker-1] - http-outgoing-2 << "HTTP/1.1 200 [\r][\n]"
2026-01-22 16:14:33 DEBUG org.apache.http.wire [ForkJoinPool.commonPool-worker-1] - http-outgoing-2 << "HTTP/1.1 200 [\r][\n]"
2026-01-22 16:14:33 DEBUG org.apache.http.wire [ForkJoinPool.commonPool-worker-1] - http-outgoing-2 << "HTTP/1.1 200 [\r][\n]"
2026-01-22 16:14:33 DEBUG org.apache.http.wire [ForkJoinPool.commonPool-worker-1] - http-outgoing-2 << "Set-Cookie: JSESSIONID=2AB3F7547855385369A0E908A3E8784F; Path=/etims-api; HttpOnly[\r][\n]"
2026-01-22 16:14:33 DEBUG org.apache.http.wire [ForkJoinPool.commonPool-worker-1] - http-outgoing-2 << "Set-Cookie: JSESSIONID=2AB3F7547855385369A0E908A3E8784F; Path=/etims-api; HttpOnly[\r][\n]"
2026-01-22 16:14:33 DEBUG org.apache.http.wire [ForkJoinPool.commonPool-worker-1] - http-outgoing-2 << "Set-Cookie: JSESSIONID=2AB3F7547855385369A0E908A3E8784F; Path=/etims-api; HttpOnly[\r][\n]"
2026-01-22 16:14:33 DEBUG org.apache.http.wire [ForkJoinPool.commonPool-worker-1] - http-outgoing-2 << "Content-Type: application/json;charset=UTF-8[\r][\n]"
2026-01-22 16:14:33 DEBUG org.apache.http.wire [ForkJoinPool.commonPool-worker-1] - http-outgoing-2 << "Content-Type: application/json;charset=UTF-8[\r][\n]"
2026-01-22 16:14:33 DEBUG org.apache.http.wire [ForkJoinPool.commonPool-worker-1] - http-outgoing-2 << "Content-Type: application/json;charset=UTF-8[\r][\n]"
2026-01-22 16:14:33 DEBUG org.apache.http.wire [ForkJoinPool.commonPool-worker-1] - http-outgoing-2 << "Transfer-Encoding: chunked[\r][\n]"
2026-01-22 16:14:33 DEBUG org.apache.http.wire [ForkJoinPool.commonPool-worker-1] - http-outgoing-2 << "Transfer-Encoding: chunked[\r][\n]"
2026-01-22 16:14:33 DEBUG org.apache.http.wire [ForkJoinPool.commonPool-worker-1] - http-outgoing-2 << "Transfer-Encoding: chunked[\r][\n]"
2026-01-22 16:14:33 DEBUG org.apache.http.wire [ForkJoinPool.commonPool-worker-1] - http-outgoing-2 << "Date: Thu, 22 Jan 2026 13:14:33 GMT[\r][\n]"
2026-01-22 16:14:33 DEBUG org.apache.http.wire [ForkJoinPool.commonPool-worker-1] - http-outgoing-2 << "Date: Thu, 22 Jan 2026 13:14:33 GMT[\r][\n]"
2026-01-22 16:14:33 DEBUG org.apache.http.wire [ForkJoinPool.commonPool-worker-1] - http-outgoing-2 << "Date: Thu, 22 Jan 2026 13:14:33 GMT[\r][\n]"
2026-01-22 16:14:33 DEBUG org.apache.http.wire [ForkJoinPool.commonPool-worker-1] - http-outgoing-2 << "Keep-Alive: timeout=20[\r][\n]"
2026-01-22 16:14:33 DEBUG org.apache.http.wire [ForkJoinPool.commonPool-worker-1] - http-outgoing-2 << "Keep-Alive: timeout=20[\r][\n]"
2026-01-22 16:14:33 DEBUG org.apache.http.wire [ForkJoinPool.commonPool-worker-1] - http-outgoing-2 << "Keep-Alive: timeout=20[\r][\n]"
2026-01-22 16:14:33 DEBUG org.apache.http.wire [ForkJoinPool.commonPool-worker-1] - http-outgoing-2 << "Connection: keep-alive[\r][\n]"
2026-01-22 16:14:33 DEBUG org.apache.http.wire [ForkJoinPool.commonPool-worker-1] - http-outgoing-2 << "Connection: keep-alive[\r][\n]"
2026-01-22 16:14:33 DEBUG org.apache.http.wire [ForkJoinPool.commonPool-worker-1] - http-outgoing-2 << "Connection: keep-alive[\r][\n]"
2026-01-22 16:14:33 DEBUG org.apache.http.wire [ForkJoinPool.commonPool-worker-1] - http-outgoing-2 << "Set-Cookie: BIGipServer~k8sprd02~Shared~etims_api_apig_svc_8080_etims_sandbox_etims_api_sbx2_kra_go_ke=840162314.36895.0000; path=/; Httponly; Secure[\r][\n]"
2026-01-22 16:14:33 DEBUG org.apache.http.wire [ForkJoinPool.commonPool-worker-1] - http-outgoing-2 << "Set-Cookie: BIGipServer~k8sprd02~Shared~etims_api_apig_svc_8080_etims_sandbox_etims_api_sbx2_kra_go_ke=840162314.36895.0000; path=/; Httponly; Secure[\r][\n]"
2026-01-22 16:14:33 DEBUG org.apache.http.wire [ForkJoinPool.commonPool-worker-1] - http-outgoing-2 << "Set-Cookie: BIGipServer~k8sprd02~Shared~etims_api_apig_svc_8080_etims_sandbox_etims_api_sbx2_kra_go_ke=840162314.36895.0000; path=/; Httponly; Secure[\r][\n]"
2026-01-22 16:14:33 DEBUG org.apache.http.wire [ForkJoinPool.commonPool-worker-1] - http-outgoing-2 << "[\r][\n]"
2026-01-22 16:14:33 DEBUG org.apache.http.wire [ForkJoinPool.commonPool-worker-1] - http-outgoing-2 << "[\r][\n]"
2026-01-22 16:14:33 DEBUG org.apache.http.wire [ForkJoinPool.commonPool-worker-1] - http-outgoing-2 << "[\r][\n]"
2026-01-22 16:14:33 DEBUG org.apache.http.wire [ForkJoinPool.commonPool-worker-1] - http-outgoing-2 << "28a[\r][\n]"
2026-01-22 16:14:33 DEBUG org.apache.http.wire [ForkJoinPool.commonPool-worker-1] - http-outgoing-2 << "28a[\r][\n]"
2026-01-22 16:14:33 DEBUG org.apache.http.wire [ForkJoinPool.commonPool-worker-1] - http-outgoing-2 << "28a[\r][\n]"
2026-01-22 16:14:33 DEBUG org.apache.http.wire [ForkJoinPool.commonPool-worker-1] - http-outgoing-2 << "{"resultCd":"000","resultMsg":"Successful","resultDt":"20260122161433","data":{"info":{"tin":"P600002364A","taxprNm":"Evopay Limited","bsnsActv":"Others","bhfId":"00","bhfNm":"Headquarter","bhfOpenDt":"20240404","prvncNm":"Nairobi","dstrtNm":"Westlands District","sctrNm":"Westlands","locDesc":null,"hqYn":"Y","mgrNm":"Evopay Limited","mgrTelNo":"0712503333","mgrEmail":"CEO@EVOGROUP.AFRICA","dvcId":"447779","sdcId":"KRACU0300003735","mrcNo":"KRA00378871","intrlKey":null,"signKey":null,"cmcKey":null,"lastSaleInvcNo":0,"lastPchsInvcNo":0,"lastSaleRcptNo":0,"lastInvcNo":0,"lastTrainInvcNo":0,"lastProfrmInvcNo":0,"lastCopyInvcNo":0,"vatTyCd":"1"}}}[\r][\n]"
2026-01-22 16:14:33 DEBUG org.apache.http.wire [ForkJoinPool.commonPool-worker-1] - http-outgoing-2 << "{"resultCd":"000","resultMsg":"Successful","resultDt":"20260122161433","data":{"info":{"tin":"P600002364A","taxprNm":"Evopay Limited","bsnsActv":"Others","bhfId":"00","bhfNm":"Headquarter","bhfOpenDt":"20240404","prvncNm":"Nairobi","dstrtNm":"Westlands District","sctrNm":"Westlands","locDesc":null,"hqYn":"Y","mgrNm":"Evopay Limited","mgrTelNo":"0712503333","mgrEmail":"CEO@EVOGROUP.AFRICA","dvcId":"447779","sdcId":"KRACU0300003735","mrcNo":"KRA00378871","intrlKey":null,"signKey":null,"cmcKey":null,"lastSaleInvcNo":0,"lastPchsInvcNo":0,"lastSaleRcptNo":0,"lastInvcNo":0,"lastTrainInvcNo":0,"lastProfrmInvcNo":0,"lastCopyInvcNo":0,"vatTyCd":"1"}}}[\r][\n]"
2026-01-22 16:14:33 DEBUG org.apache.http.wire [ForkJoinPool.commonPool-worker-1] - http-outgoing-2 << "{"resultCd":"000","resultMsg":"Successful","resultDt":"20260122161433","data":{"info":{"tin":"P600002364A","taxprNm":"Evopay Limited","bsnsActv":"Others","bhfId":"00","bhfNm":"Headquarter","bhfOpenDt":"20240404","prvncNm":"Nairobi","dstrtNm":"Westlands District","sctrNm":"Westlands","locDesc":null,"hqYn":"Y","mgrNm":"Evopay Limited","mgrTelNo":"0712503333","mgrEmail":"CEO@EVOGROUP.AFRICA","dvcId":"447779","sdcId":"KRACU0300003735","mrcNo":"KRA00378871","intrlKey":null,"signKey":null,"cmcKey":null,"lastSaleInvcNo":0,"lastPchsInvcNo":0,"lastSaleRcptNo":0,"lastInvcNo":0,"lastTrainInvcNo":0,"lastProfrmInvcNo":0,"lastCopyInvcNo":0,"vatTyCd":"1"}}}[\r][\n]"
2026-01-22 16:14:33 DEBUG org.apache.http.wire [ForkJoinPool.commonPool-worker-1] - http-outgoing-2 << "0[\r][\n]"
2026-01-22 16:14:33 DEBUG org.apache.http.wire [ForkJoinPool.commonPool-worker-1] - http-outgoing-2 << "0[\r][\n]"
2026-01-22 16:14:33 DEBUG org.apache.http.wire [ForkJoinPool.commonPool-worker-1] - http-outgoing-2 << "0[\r][\n]"
2026-01-22 16:14:33 DEBUG org.apache.http.wire [ForkJoinPool.commonPool-worker-1] - http-outgoing-2 << "[\r][\n]"
2026-01-22 16:14:33 DEBUG org.apache.http.wire [ForkJoinPool.commonPool-worker-1] - http-outgoing-2 << "[\r][\n]"
2026-01-22 16:14:33 DEBUG org.apache.http.wire [ForkJoinPool.commonPool-worker-1] - http-outgoing-2 << "[\r][\n]"
2026-01-22 16:14:33 DEBUG org.apache.http.headers [ForkJoinPool.commonPool-worker-1] - http-outgoing-2 << HTTP/1.1 200 
2026-01-22 16:14:33 DEBUG org.apache.http.headers [ForkJoinPool.commonPool-worker-1] - http-outgoing-2 << HTTP/1.1 200 
2026-01-22 16:14:33 DEBUG org.apache.http.headers [ForkJoinPool.commonPool-worker-1] - http-outgoing-2 << Set-Cookie: JSESSIONID=2AB3F7547855385369A0E908A3E8784F; Path=/etims-api; HttpOnly
2026-01-22 16:14:33 DEBUG org.apache.http.headers [ForkJoinPool.commonPool-worker-1] - http-outgoing-2 << Set-Cookie: JSESSIONID=2AB3F7547855385369A0E908A3E8784F; Path=/etims-api; HttpOnly
2026-01-22 16:14:33 DEBUG org.apache.http.headers [ForkJoinPool.commonPool-worker-1] - http-outgoing-2 << Content-Type: application/json;charset=UTF-8
2026-01-22 16:14:33 DEBUG org.apache.http.headers [ForkJoinPool.commonPool-worker-1] - http-outgoing-2 << Content-Type: application/json;charset=UTF-8
2026-01-22 16:14:33 DEBUG org.apache.http.headers [ForkJoinPool.commonPool-worker-1] - http-outgoing-2 << Transfer-Encoding: chunked
2026-01-22 16:14:33 DEBUG org.apache.http.headers [ForkJoinPool.commonPool-worker-1] - http-outgoing-2 << Transfer-Encoding: chunked
2026-01-22 16:14:33 DEBUG org.apache.http.headers [ForkJoinPool.commonPool-worker-1] - http-outgoing-2 << Date: Thu, 22 Jan 2026 13:14:33 GMT
2026-01-22 16:14:33 DEBUG org.apache.http.headers [ForkJoinPool.commonPool-worker-1] - http-outgoing-2 << Date: Thu, 22 Jan 2026 13:14:33 GMT
2026-01-22 16:14:33 DEBUG org.apache.http.headers [ForkJoinPool.commonPool-worker-1] - http-outgoing-2 << Keep-Alive: timeout=20
2026-01-22 16:14:33 DEBUG org.apache.http.headers [ForkJoinPool.commonPool-worker-1] - http-outgoing-2 << Keep-Alive: timeout=20
2026-01-22 16:14:33 DEBUG org.apache.http.headers [ForkJoinPool.commonPool-worker-1] - http-outgoing-2 << Connection: keep-alive
2026-01-22 16:14:33 DEBUG org.apache.http.headers [ForkJoinPool.commonPool-worker-1] - http-outgoing-2 << Connection: keep-alive
2026-01-22 16:14:33 DEBUG org.apache.http.headers [ForkJoinPool.commonPool-worker-1] - http-outgoing-2 << Set-Cookie: BIGipServer~k8sprd02~Shared~etims_api_apig_svc_8080_etims_sandbox_etims_api_sbx2_kra_go_ke=840162314.36895.0000; path=/; Httponly; Secure
2026-01-22 16:14:33 DEBUG org.apache.http.headers [ForkJoinPool.commonPool-worker-1] - http-outgoing-2 << Set-Cookie: BIGipServer~k8sprd02~Shared~etims_api_apig_svc_8080_etims_sandbox_etims_api_sbx2_kra_go_ke=840162314.36895.0000; path=/; Httponly; Secure
2026-01-22 16:14:33 DEBUG o.a.h.impl.execchain.MainClientExec [ForkJoinPool.commonPool-worker-1] - Connection can be kept alive for 20000 MILLISECONDS
2026-01-22 16:14:33 DEBUG o.a.h.impl.execchain.MainClientExec [ForkJoinPool.commonPool-worker-1] - Connection can be kept alive for 20000 MILLISECONDS
2026-01-22 16:14:33 DEBUG o.a.h.c.p.ResponseProcessCookies [ForkJoinPool.commonPool-worker-1] - Cookie accepted [JSESSIONID="2AB3F7547855385369A0E908A3E8784F", version:0, domain:etims-api-sbx2.kra.go.ke, path:/etims-api, expiry:null]
2026-01-22 16:14:33 DEBUG o.a.h.c.p.ResponseProcessCookies [ForkJoinPool.commonPool-worker-1] - Cookie accepted [JSESSIONID="2AB3F7547855385369A0E908A3E8784F", version:0, domain:etims-api-sbx2.kra.go.ke, path:/etims-api, expiry:null]
2026-01-22 16:14:33 DEBUG o.a.h.c.p.ResponseProcessCookies [ForkJoinPool.commonPool-worker-1] - Cookie accepted [BIGipServer~k8sprd02~Shared~etims_api_apig_svc_8080_etims_sandbox_etims_api_sbx2_kra_go_ke="840162314.36895.0000", version:0, domain:etims-api-sbx2.kra.go.ke, path:/, expiry:null]
2026-01-22 16:14:33 DEBUG o.a.h.c.p.ResponseProcessCookies [ForkJoinPool.commonPool-worker-1] - Cookie accepted [BIGipServer~k8sprd02~Shared~etims_api_apig_svc_8080_etims_sandbox_etims_api_sbx2_kra_go_ke="840162314.36895.0000", version:0, domain:etims-api-sbx2.kra.go.ke, path:/, expiry:null]
2026-01-22 16:14:33 DEBUG o.a.h.i.c.PoolingHttpClientConnectionManager [ForkJoinPool.commonPool-worker-1] - Connection [id: 2][route: {s}->https://etims-api-sbx2.kra.go.ke:443] can be kept alive for 20.0 seconds
2026-01-22 16:14:33 DEBUG o.a.h.i.c.PoolingHttpClientConnectionManager [ForkJoinPool.commonPool-worker-1] - Connection [id: 2][route: {s}->https://etims-api-sbx2.kra.go.ke:443] can be kept alive for 20.0 seconds
2026-01-22 16:14:33 DEBUG o.a.h.i.c.DefaultManagedHttpClientConnection [ForkJoinPool.commonPool-worker-1] - http-outgoing-2: set socket timeout to 0
2026-01-22 16:14:33 DEBUG o.a.h.i.c.DefaultManagedHttpClientConnection [ForkJoinPool.commonPool-worker-1] - http-outgoing-2: set socket timeout to 0
2026-01-22 16:14:33 DEBUG o.a.h.i.c.PoolingHttpClientConnectionManager [ForkJoinPool.commonPool-worker-1] - Connection released: [id: 2][route: {s}->https://etims-api-sbx2.kra.go.ke:443][total available: 1; route allocated: 1 of 2; total allocated: 1 of 20]
2026-01-22 16:14:33 DEBUG o.a.h.i.c.PoolingHttpClientConnectionManager [ForkJoinPool.commonPool-worker-1] - Connection released: [id: 2][route: {s}->https://etims-api-sbx2.kra.go.ke:443][total available: 1; route allocated: 1 of 2; total allocated: 1 of 20]
2026-01-22 16:14:33 DEBUG o.a.h.impl.execchain.MainClientExec [ForkJoinPool.commonPool-worker-1] - Cancelling request execution
2026-01-22 16:14:33 DEBUG o.a.h.impl.execchain.MainClientExec [ForkJoinPool.commonPool-worker-1] - Cancelling request execution
2026-01-22 16:14:33 DEBUG o.a.h.i.c.PoolingHttpClientConnectionManager [ForkJoinPool.commonPool-worker-1] - Connection manager is shutting down
2026-01-22 16:14:33 DEBUG o.a.h.i.c.PoolingHttpClientConnectionManager [ForkJoinPool.commonPool-worker-1] - Connection manager is shutting down
2026-01-22 16:14:33 DEBUG o.a.h.i.c.DefaultManagedHttpClientConnection [ForkJoinPool.commonPool-worker-1] - http-outgoing-2: Close connection
2026-01-22 16:14:33 DEBUG o.a.h.i.c.DefaultManagedHttpClientConnection [ForkJoinPool.commonPool-worker-1] - http-outgoing-2: Close connection
2026-01-22 16:14:33 DEBUG o.a.h.i.c.PoolingHttpClientConnectionManager [ForkJoinPool.commonPool-worker-1] - Connection manager shut down
2026-01-22 16:14:33 DEBUG o.a.h.i.c.PoolingHttpClientConnectionManager [ForkJoinPool.commonPool-worker-1] - Connection manager shut down
2026-01-22 16:14:36 INFO  c.k.v.execute.offline.ResendSchedule [vscu-thread-2] - Executing Resend Schedule
2026-01-22 16:14:37 DEBUG com.zaxxer.hikari.pool.HikariPool [HikariPool-1 housekeeper] - HikariPool-1 - Pool stats (total=20, active=0, idle=20, waiting=0)
2026-01-22 16:14:37 DEBUG com.zaxxer.hikari.pool.HikariPool [HikariPool-1 housekeeper] - HikariPool-1 - Fill pool skipped, pool has sufficient level or currently being filled (queueDepth=0).
2026-01-22 16:14:38 DEBUG o.s.web.servlet.DispatcherServlet [http-nio-8090-exec-6] - POST "/code/selectCodes", parameters={}
2026-01-22 16:14:38 DEBUG o.s.w.s.m.m.a.RequestMappingHandlerMapping [http-nio-8090-exec-6] - Mapped to com.kra.vsdc.excute.CodeExcute#selectCodeList(CodeReq)
2026-01-22 16:14:38 DEBUG o.s.o.j.s.OpenEntityManagerInViewInterceptor [http-nio-8090-exec-6] - Opening JPA EntityManager in OpenEntityManagerInViewInterceptor
2026-01-22 16:14:38 DEBUG o.s.w.s.m.m.a.RequestResponseBodyMethodProcessor [http-nio-8090-exec-6] - Read "application/json;charset=UTF-8" to [com.kra.vsdc.execute.model.CodeReq@4d2a8406]
2026-01-22 16:14:38 DEBUG o.apache.commons.beanutils.BeanUtils [http-nio-8090-exec-6] - BeanUtils.copyProperties(com.kra.vsdc.execute.model.CodeReqBody@68fe5fe4, com.kra.vsdc.execute.model.CodeReq@4d2a8406)
2026-01-22 16:14:38 DEBUG o.a.c.b.converters.StringConverter [http-nio-8090-exec-6] - Converting 'String' value '20230328000000' to type 'String'
2026-01-22 16:14:38 DEBUG o.s.w.r.f.client.ExchangeFunctions [http-nio-8090-exec-6] - [5359d425] HTTP POST https://etims-api-sbx2.kra.go.ke/etims-api/selectCodeList
2026-01-22 16:14:38 DEBUG io.netty.handler.ssl.OpenSsl [http-nio-8090-exec-6] - netty-tcnative not in the classpath; OpenSslEngine will be unavailable.
2026-01-22 16:14:39 DEBUG io.netty.handler.ssl.JdkSslContext [http-nio-8090-exec-6] - Default protocols (JDK): [TLSv1.3, TLSv1.2] 
2026-01-22 16:14:39 DEBUG io.netty.handler.ssl.JdkSslContext [http-nio-8090-exec-6] - Default cipher suites (JDK): [TLS_ECDHE_ECDSA_WITH_AES_256_GCM_SHA384, TLS_ECDHE_ECDSA_WITH_AES_128_GCM_SHA256, TLS_ECDHE_RSA_WITH_AES_128_GCM_SHA256, TLS_ECDHE_RSA_WITH_AES_256_GCM_SHA384, TLS_ECDHE_RSA_WITH_AES_128_CBC_SHA, TLS_ECDHE_RSA_WITH_AES_256_CBC_SHA, TLS_RSA_WITH_AES_128_GCM_SHA256, TLS_RSA_WITH_AES_128_CBC_SHA, TLS_RSA_WITH_AES_256_CBC_SHA, TLS_AES_128_GCM_SHA256, TLS_AES_256_GCM_SHA384]
2026-01-22 16:14:39 DEBUG r.n.r.PooledConnectionProvider [http-nio-8090-exec-6] - Creating a new [http] client pool [PoolFactory{evictionInterval=PT0S, leasingStrategy=fifo, maxConnections=500, maxIdleTime=-1, maxLifeTime=-1, metricsEnabled=false, pendingAcquireMaxCount=1000, pendingAcquireTimeout=45000}] for [etims-api-sbx2.kra.go.ke/<unresolved>:443]
2026-01-22 16:14:39 DEBUG o.a.h.i.c.PoolingHttpClientConnectionManager [Finalizer] - Connection manager is shutting down
2026-01-22 16:14:39 DEBUG o.a.h.i.c.PoolingHttpClientConnectionManager [Finalizer] - Connection manager is shutting down
2026-01-22 16:14:39 DEBUG o.a.h.i.c.PoolingHttpClientConnectionManager [Finalizer] - Connection manager shut down
2026-01-22 16:14:39 DEBUG o.a.h.i.c.PoolingHttpClientConnectionManager [Finalizer] - Connection manager shut down
2026-01-22 16:14:39 DEBUG o.a.h.i.c.PoolingHttpClientConnectionManager [Finalizer] - Connection manager is shutting down
2026-01-22 16:14:39 DEBUG o.a.h.i.c.PoolingHttpClientConnectionManager [Finalizer] - Connection manager is shutting down
2026-01-22 16:14:39 DEBUG o.a.h.i.c.PoolingHttpClientConnectionManager [Finalizer] - Connection manager shut down
2026-01-22 16:14:39 DEBUG o.a.h.i.c.PoolingHttpClientConnectionManager [Finalizer] - Connection manager shut down
2026-01-22 16:14:39 DEBUG o.a.h.i.c.PoolingHttpClientConnectionManager [Finalizer] - Connection manager is shutting down
2026-01-22 16:14:39 DEBUG o.a.h.i.c.PoolingHttpClientConnectionManager [Finalizer] - Connection manager is shutting down
2026-01-22 16:14:39 DEBUG o.a.h.i.c.PoolingHttpClientConnectionManager [Finalizer] - Connection manager shut down
2026-01-22 16:14:39 DEBUG o.a.h.i.c.PoolingHttpClientConnectionManager [Finalizer] - Connection manager shut down
2026-01-22 16:14:39 DEBUG io.netty.channel.DefaultChannelId [http-nio-8090-exec-6] - -Dio.netty.processId: 21356 (auto-detected)
2026-01-22 16:14:39 DEBUG io.netty.channel.DefaultChannelId [http-nio-8090-exec-6] - -Dio.netty.machineId: e0:4e:7a:ff:fe:d0:76:f3 (auto-detected)
2026-01-22 16:14:39 DEBUG i.n.buffer.PooledByteBufAllocator [http-nio-8090-exec-6] - -Dio.netty.allocator.numHeapArenas: 24
2026-01-22 16:14:39 DEBUG i.n.buffer.PooledByteBufAllocator [http-nio-8090-exec-6] - -Dio.netty.allocator.numDirectArenas: 24
2026-01-22 16:14:39 DEBUG i.n.buffer.PooledByteBufAllocator [http-nio-8090-exec-6] - -Dio.netty.allocator.pageSize: 8192
2026-01-22 16:14:39 DEBUG i.n.buffer.PooledByteBufAllocator [http-nio-8090-exec-6] - -Dio.netty.allocator.maxOrder: 9
2026-01-22 16:14:39 DEBUG i.n.buffer.PooledByteBufAllocator [http-nio-8090-exec-6] - -Dio.netty.allocator.chunkSize: 4194304
2026-01-22 16:14:39 DEBUG i.n.buffer.PooledByteBufAllocator [http-nio-8090-exec-6] - -Dio.netty.allocator.smallCacheSize: 256
2026-01-22 16:14:39 DEBUG i.n.buffer.PooledByteBufAllocator [http-nio-8090-exec-6] - -Dio.netty.allocator.normalCacheSize: 64
2026-01-22 16:14:39 DEBUG i.n.buffer.PooledByteBufAllocator [http-nio-8090-exec-6] - -Dio.netty.allocator.maxCachedBufferCapacity: 32768
2026-01-22 16:14:39 DEBUG i.n.buffer.PooledByteBufAllocator [http-nio-8090-exec-6] - -Dio.netty.allocator.cacheTrimInterval: 8192
2026-01-22 16:14:39 DEBUG i.n.buffer.PooledByteBufAllocator [http-nio-8090-exec-6] - -Dio.netty.allocator.cacheTrimIntervalMillis: 0
2026-01-22 16:14:39 DEBUG i.n.buffer.PooledByteBufAllocator [http-nio-8090-exec-6] - -Dio.netty.allocator.useCacheForAllThreads: false
2026-01-22 16:14:39 DEBUG i.n.buffer.PooledByteBufAllocator [http-nio-8090-exec-6] - -Dio.netty.allocator.maxCachedByteBuffersPerChunk: 1023
2026-01-22 16:14:39 DEBUG io.netty.buffer.ByteBufUtil [http-nio-8090-exec-6] - -Dio.netty.allocator.type: pooled
2026-01-22 16:14:39 DEBUG io.netty.buffer.ByteBufUtil [http-nio-8090-exec-6] - -Dio.netty.threadLocalDirectBufferSize: 0
2026-01-22 16:14:39 DEBUG io.netty.buffer.ByteBufUtil [http-nio-8090-exec-6] - -Dio.netty.maxThreadLocalCharBufferSize: 16384
2026-01-22 16:14:39 DEBUG r.n.r.PooledConnectionProvider [reactor-http-nio-2] - [8512f7f6] Created a new pooled channel, now: 0 active connections, 0 inactive connections and 0 pending acquire requests.
2026-01-22 16:14:39 DEBUG reactor.netty.tcp.SslProvider [reactor-http-nio-2] - [8512f7f6] SSL enabled using engine SSLEngine[hostname=etims-api-sbx2.kra.go.ke, port=443, Session(1769087679342|SSL_NULL_WITH_NULL_NULL)] and SNI etims-api-sbx2.kra.go.ke/<unresolved>:443
2026-01-22 16:14:39 DEBUG io.netty.buffer.AbstractByteBuf [reactor-http-nio-2] - -Dio.netty.buffer.checkAccessible: true
2026-01-22 16:14:39 DEBUG io.netty.buffer.AbstractByteBuf [reactor-http-nio-2] - -Dio.netty.buffer.checkBounds: true
2026-01-22 16:14:39 DEBUG i.n.util.ResourceLeakDetectorFactory [reactor-http-nio-2] - Loaded default ResourceLeakDetector: io.netty.util.ResourceLeakDetector@55c9fed4
2026-01-22 16:14:39 DEBUG r.netty.transport.TransportConfig [reactor-http-nio-2] - [8512f7f6] Initialized pipeline DefaultChannelPipeline{(reactor.left.sslHandler = io.netty.handler.ssl.SslHandler), (reactor.left.sslReader = reactor.netty.tcp.SslProvider$SslReadHandler), (reactor.left.httpCodec = io.netty.handler.codec.http.HttpClientCodec), (reactor.left.httpDecompressor = io.netty.handler.codec.http.HttpContentDecompressor), (reactor.right.reactiveBridge = reactor.netty.channel.ChannelOperationsHandler)}
2026-01-22 16:14:39 DEBUG i.n.b.ChannelInitializerExtensions [reactor-http-nio-2] - -Dio.netty.bootstrap.extensions: null
2026-01-22 16:14:39 DEBUG i.netty.resolver.dns.DnsQueryContext [reactor-http-nio-1] - -Dio.netty.resolver.dns.idReuseOnTimeoutDelayMillis: 10000
2026-01-22 16:14:39 DEBUG i.n.util.ResourceLeakDetectorFactory [reactor-http-nio-1] - Loaded default ResourceLeakDetector: io.netty.util.ResourceLeakDetector@306b2d20
2026-01-22 16:14:39 DEBUG i.netty.resolver.dns.DnsQueryContext [reactor-http-nio-1] - [id: 0x3ae05874, L:/[0:0:0:0:0:0:0:0]:50542] WRITE: UDP, [13989: /192.168.4.31:53], DefaultDnsQuestion(etims-api-sbx2.kra.go.ke. IN A)
2026-01-22 16:14:39 DEBUG io.netty.util.Recycler [reactor-http-nio-1] - -Dio.netty.recycler.maxCapacityPerThread: 4096
2026-01-22 16:14:39 DEBUG io.netty.util.Recycler [reactor-http-nio-1] - -Dio.netty.recycler.ratio: 8
2026-01-22 16:14:39 DEBUG io.netty.util.Recycler [reactor-http-nio-1] - -Dio.netty.recycler.chunkSize: 32
2026-01-22 16:14:39 DEBUG io.netty.util.Recycler [reactor-http-nio-1] - -Dio.netty.recycler.blocking: false
2026-01-22 16:14:39 DEBUG io.netty.util.Recycler [reactor-http-nio-1] - -Dio.netty.recycler.batchFastThreadLocalOnly: true
2026-01-22 16:14:39 DEBUG i.netty.resolver.dns.DnsNameResolver [reactor-http-nio-1] - [id: 0x3ae05874, L:/[0:0:0:0:0:0:0:0]:50542] RECEIVED: UDP [13989: /192.168.4.31:53], DatagramDnsResponse(from: /192.168.4.31:53, to: /[0:0:0:0:0:0:0:0]:50542, id: 13989, QUERY(0), NoError(0), RD RA)
	DefaultDnsQuestion(etims-api-sbx2.kra.go.ke. IN A)
	DefaultDnsRawRecord(etims-api-sbx2.kra.go.ke. 14354 IN A 4B)
	DefaultDnsRawRecord(OPT flags:0 udp:4000 0B)
2026-01-22 16:14:39 DEBUG r.netty.transport.TransportConnector [reactor-http-nio-2] - [8512f7f6] Connecting to [etims-api-sbx2.kra.go.ke/196.61.52.69:443].
2026-01-22 16:14:39 INFO  c.k.v.execute.offline.ResendSchedule [vscu-thread-2] - Executing Resend Schedule
2026-01-22 16:14:39 DEBUG r.n.r.DefaultPooledConnectionProvider [reactor-http-nio-2] - [8512f7f6, L:/192.168.4.138:64683 - R:etims-api-sbx2.kra.go.ke/196.61.52.69:443] Registering pool release on close event for channel
2026-01-22 16:14:39 DEBUG r.n.r.PooledConnectionProvider [reactor-http-nio-2] - [8512f7f6, L:/192.168.4.138:64683 - R:etims-api-sbx2.kra.go.ke/196.61.52.69:443] Channel connected, now: 1 active connections, 0 inactive connections and 0 pending acquire requests.
2026-01-22 16:14:41 DEBUG io.netty.handler.ssl.SslHandler [reactor-http-nio-2] - [id: 0x8512f7f6, L:/192.168.4.138:64683 - R:etims-api-sbx2.kra.go.ke/196.61.52.69:443] HANDSHAKEN: protocol:TLSv1.2 cipher suite:TLS_ECDHE_RSA_WITH_AES_128_GCM_SHA256
2026-01-22 16:14:41 DEBUG r.n.r.DefaultPooledConnectionProvider [reactor-http-nio-2] - [8512f7f6, L:/192.168.4.138:64683 - R:etims-api-sbx2.kra.go.ke/196.61.52.69:443] onStateChange(PooledConnection{channel=[id: 0x8512f7f6, L:/192.168.4.138:64683 - R:etims-api-sbx2.kra.go.ke/196.61.52.69:443]}, [connected])
2026-01-22 16:14:41 DEBUG r.n.r.DefaultPooledConnectionProvider [reactor-http-nio-2] - [8512f7f6-1, L:/192.168.4.138:64683 - R:etims-api-sbx2.kra.go.ke/196.61.52.69:443] onStateChange(GET{uri=null, connection=PooledConnection{channel=[id: 0x8512f7f6, L:/192.168.4.138:64683 - R:etims-api-sbx2.kra.go.ke/196.61.52.69:443]}}, [configured])
2026-01-22 16:14:41 DEBUG r.n.http.client.HttpClientConnect [reactor-http-nio-2] - [8512f7f6-1, L:/192.168.4.138:64683 - R:etims-api-sbx2.kra.go.ke/196.61.52.69:443] Handler is being applied: {uri=https://etims-api-sbx2.kra.go.ke/etims-api/selectCodeList, method=POST}
2026-01-22 16:14:41 DEBUG r.n.r.DefaultPooledConnectionProvider [reactor-http-nio-2] - [8512f7f6-1, L:/192.168.4.138:64683 - R:etims-api-sbx2.kra.go.ke/196.61.52.69:443] onStateChange(POST{uri=/etims-api/selectCodeList, connection=PooledConnection{channel=[id: 0x8512f7f6, L:/192.168.4.138:64683 - R:etims-api-sbx2.kra.go.ke/196.61.52.69:443]}}, [request_prepared])
2026-01-22 16:14:41 DEBUG o.s.core.codec.CharSequenceEncoder [reactor-http-nio-2] - [5359d425] Writing "{"lastReqDt":"20230328000000"}"
2026-01-22 16:14:41 DEBUG r.n.r.DefaultPooledConnectionProvider [reactor-http-nio-2] - [8512f7f6-1, L:/192.168.4.138:64683 - R:etims-api-sbx2.kra.go.ke/196.61.52.69:443] onStateChange(POST{uri=/etims-api/selectCodeList, connection=PooledConnection{channel=[id: 0x8512f7f6, L:/192.168.4.138:64683 - R:etims-api-sbx2.kra.go.ke/196.61.52.69:443]}}, [request_sent])
2026-01-22 16:14:41 DEBUG i.n.handler.codec.compression.Brotli [reactor-http-nio-2] - brotli4j not in the classpath; Brotli support will be unavailable.
2026-01-22 16:14:41 DEBUG r.n.http.client.HttpClientOperations [reactor-http-nio-2] - [8512f7f6-1, L:/192.168.4.138:64683 - R:etims-api-sbx2.kra.go.ke/196.61.52.69:443] Received response (auto-read:false) : RESPONSE(decodeResult: success, version: HTTP/1.1)
HTTP/1.1 200 
Set-Cookie: <filtered>
Content-Type: <filtered>
Transfer-Encoding: <filtered>
Date: <filtered>
Set-Cookie: <filtered>
2026-01-22 16:14:41 DEBUG r.n.r.DefaultPooledConnectionProvider [reactor-http-nio-2] - [8512f7f6-1, L:/192.168.4.138:64683 - R:etims-api-sbx2.kra.go.ke/196.61.52.69:443] onStateChange(POST{uri=/etims-api/selectCodeList, connection=PooledConnection{channel=[id: 0x8512f7f6, L:/192.168.4.138:64683 - R:etims-api-sbx2.kra.go.ke/196.61.52.69:443]}}, [response_received])
2026-01-22 16:14:41 DEBUG o.s.w.r.f.client.ExchangeFunctions [reactor-http-nio-2] - [5359d425] [8512f7f6-1, L:/192.168.4.138:64683 - R:etims-api-sbx2.kra.go.ke/196.61.52.69:443] Response 200 OK
2026-01-22 16:14:41 DEBUG reactor.netty.channel.FluxReceive [reactor-http-nio-2] - [8512f7f6-1, L:/192.168.4.138:64683 - R:etims-api-sbx2.kra.go.ke/196.61.52.69:443] [terminated=false, cancelled=false, pending=0, error=null]: subscribing inbound receiver
2026-01-22 16:14:41 DEBUG r.n.http.client.HttpClientOperations [reactor-http-nio-2] - [8512f7f6-1, L:/192.168.4.138:64683 - R:etims-api-sbx2.kra.go.ke/196.61.52.69:443] Received last HTTP packet
2026-01-22 16:14:41 DEBUG o.s.core.codec.StringDecoder [reactor-http-nio-2] - [5359d425] [8512f7f6-1, L:/192.168.4.138:64683 - R:etims-api-sbx2.kra.go.ke/196.61.52.69:443] Decoded "{"resultCd":"000","resultMsg":"Successful","resultDt":"20260122161441","data":{"clsList":[{"cdCls":" (truncated)..."
2026-01-22 16:14:41 DEBUG r.n.r.DefaultPooledConnectionProvider [reactor-http-nio-2] - [8512f7f6, L:/192.168.4.138:64683 - R:etims-api-sbx2.kra.go.ke/196.61.52.69:443] onStateChange(POST{uri=/etims-api/selectCodeList, connection=PooledConnection{channel=[id: 0x8512f7f6, L:/192.168.4.138:64683 - R:etims-api-sbx2.kra.go.ke/196.61.52.69:443]}}, [response_completed])
2026-01-22 16:14:41 DEBUG r.n.r.DefaultPooledConnectionProvider [reactor-http-nio-2] - [8512f7f6, L:/192.168.4.138:64683 - R:etims-api-sbx2.kra.go.ke/196.61.52.69:443] onStateChange(POST{uri=/etims-api/selectCodeList, connection=PooledConnection{channel=[id: 0x8512f7f6, L:/192.168.4.138:64683 - R:etims-api-sbx2.kra.go.ke/196.61.52.69:443]}}, [disconnecting])
2026-01-22 16:14:41 DEBUG r.n.r.DefaultPooledConnectionProvider [reactor-http-nio-2] - [8512f7f6, L:/192.168.4.138:64683 - R:etims-api-sbx2.kra.go.ke/196.61.52.69:443] Releasing channel
2026-01-22 16:14:41 DEBUG r.n.r.PooledConnectionProvider [reactor-http-nio-2] - [8512f7f6, L:/192.168.4.138:64683 - R:etims-api-sbx2.kra.go.ke/196.61.52.69:443] Channel cleaned, now: 0 active connections, 1 inactive connections and 0 pending acquire requests.
2026-01-22 16:14:41 DEBUG o.s.w.s.m.m.a.RequestResponseBodyMethodProcessor [http-nio-8090-exec-6] - Using 'application/json', given [*/*] and supported [application/json, application/*+json]
2026-01-22 16:14:41 DEBUG o.s.w.s.m.m.a.RequestResponseBodyMethodProcessor [http-nio-8090-exec-6] - Writing [com.kra.vsdc.execute.model.CodeRes@4f736921]
2026-01-22 16:14:41 DEBUG o.s.o.j.s.OpenEntityManagerInViewInterceptor [http-nio-8090-exec-6] - Closing JPA EntityManager in OpenEntityManagerInViewInterceptor
2026-01-22 16:14:41 DEBUG o.s.web.servlet.DispatcherServlet [http-nio-8090-exec-6] - Completed 200 OK
2026-01-22 16:14:42 INFO  c.k.v.execute.offline.ResendSchedule [vscu-thread-2] - Executing Resend Schedule
2026-01-22 16:14:45 INFO  c.k.v.execute.offline.ResendSchedule [vscu-thread-2] - Executing Resend Schedule
2026-01-22 16:14:46 DEBUG o.s.web.servlet.DispatcherServlet [http-nio-8090-exec-7] - POST "/itemClass/selectItemsClass", parameters={}
2026-01-22 16:14:46 DEBUG o.s.w.s.m.m.a.RequestMappingHandlerMapping [http-nio-8090-exec-7] - Mapped to com.kra.vsdc.excute.ItemClsExcute#selectItemClsList(ItemClsReq)
2026-01-22 16:14:46 DEBUG o.s.o.j.s.OpenEntityManagerInViewInterceptor [http-nio-8090-exec-7] - Opening JPA EntityManager in OpenEntityManagerInViewInterceptor
2026-01-22 16:14:46 DEBUG o.s.w.s.m.m.a.RequestResponseBodyMethodProcessor [http-nio-8090-exec-7] - Read "application/json;charset=UTF-8" to [com.kra.vsdc.execute.model.ItemClsReq@12c60f16]
2026-01-22 16:14:46 DEBUG o.apache.commons.beanutils.BeanUtils [http-nio-8090-exec-7] - BeanUtils.copyProperties(com.kra.vsdc.execute.model.ItemClsReqBody@62e2d2c0, com.kra.vsdc.execute.model.ItemClsReq@12c60f16)
2026-01-22 16:14:46 DEBUG o.a.c.b.converters.StringConverter [http-nio-8090-exec-7] - Converting 'String' value '20180523000000' to type 'String'
2026-01-22 16:14:46 DEBUG o.s.w.r.f.client.ExchangeFunctions [http-nio-8090-exec-7] - [388d4233] HTTP POST https://etims-api-sbx2.kra.go.ke/etims-api/selectItemClsList
2026-01-22 16:14:46 DEBUG r.n.r.PooledConnectionProvider [reactor-http-nio-2] - [8512f7f6, L:/192.168.4.138:64683 - R:etims-api-sbx2.kra.go.ke/196.61.52.69:443] Channel acquired, now: 1 active connections, 0 inactive connections and 0 pending acquire requests.
2026-01-22 16:14:46 DEBUG r.n.http.client.HttpClientConnect [reactor-http-nio-2] - [8512f7f6-2, L:/192.168.4.138:64683 - R:etims-api-sbx2.kra.go.ke/196.61.52.69:443] Handler is being applied: {uri=https://etims-api-sbx2.kra.go.ke/etims-api/selectItemClsList, method=POST}
2026-01-22 16:14:46 DEBUG r.n.r.DefaultPooledConnectionProvider [reactor-http-nio-2] - [8512f7f6-2, L:/192.168.4.138:64683 - R:etims-api-sbx2.kra.go.ke/196.61.52.69:443] onStateChange(POST{uri=/etims-api/selectItemClsList, connection=PooledConnection{channel=[id: 0x8512f7f6, L:/192.168.4.138:64683 - R:etims-api-sbx2.kra.go.ke/196.61.52.69:443]}}, [request_prepared])
2026-01-22 16:14:46 DEBUG o.s.core.codec.CharSequenceEncoder [reactor-http-nio-2] - [388d4233] Writing "{"lastReqDt":"20180523000000"}"
2026-01-22 16:14:46 DEBUG r.n.r.DefaultPooledConnectionProvider [reactor-http-nio-2] - [8512f7f6-2, L:/192.168.4.138:64683 - R:etims-api-sbx2.kra.go.ke/196.61.52.69:443] onStateChange(POST{uri=/etims-api/selectItemClsList, connection=PooledConnection{channel=[id: 0x8512f7f6, L:/192.168.4.138:64683 - R:etims-api-sbx2.kra.go.ke/196.61.52.69:443]}}, [request_sent])
2026-01-22 16:14:47 DEBUG r.n.http.client.HttpClientOperations [reactor-http-nio-2] - [8512f7f6-2, L:/192.168.4.138:64683 - R:etims-api-sbx2.kra.go.ke/196.61.52.69:443] Received response (auto-read:false) : RESPONSE(decodeResult: success, version: HTTP/1.1)
HTTP/1.1 200 
Set-Cookie: <filtered>
Content-Type: <filtered>
Transfer-Encoding: <filtered>
Date: <filtered>
2026-01-22 16:14:47 DEBUG r.n.r.DefaultPooledConnectionProvider [reactor-http-nio-2] - [8512f7f6-2, L:/192.168.4.138:64683 - R:etims-api-sbx2.kra.go.ke/196.61.52.69:443] onStateChange(POST{uri=/etims-api/selectItemClsList, connection=PooledConnection{channel=[id: 0x8512f7f6, L:/192.168.4.138:64683 - R:etims-api-sbx2.kra.go.ke/196.61.52.69:443]}}, [response_received])
2026-01-22 16:14:47 DEBUG o.s.w.r.f.client.ExchangeFunctions [reactor-http-nio-2] - [388d4233] [8512f7f6-2, L:/192.168.4.138:64683 - R:etims-api-sbx2.kra.go.ke/196.61.52.69:443] Response 200 OK
2026-01-22 16:14:47 DEBUG reactor.netty.channel.FluxReceive [reactor-http-nio-2] - [8512f7f6-2, L:/192.168.4.138:64683 - R:etims-api-sbx2.kra.go.ke/196.61.52.69:443] [terminated=false, cancelled=false, pending=0, error=null]: subscribing inbound receiver
2026-01-22 16:14:48 INFO  c.k.v.execute.offline.ResendSchedule [vscu-thread-2] - Executing Resend Schedule
2026-01-22 16:14:49 DEBUG r.n.http.client.HttpClientOperations [reactor-http-nio-2] - [8512f7f6-2, L:/192.168.4.138:64683 - R:etims-api-sbx2.kra.go.ke/196.61.52.69:443] Received last HTTP packet
2026-01-22 16:14:49 DEBUG o.s.core.codec.StringDecoder [reactor-http-nio-2] - [388d4233] [8512f7f6-2, L:/192.168.4.138:64683 - R:etims-api-sbx2.kra.go.ke/196.61.52.69:443] Decoded "{"resultCd":"000","resultMsg":"Successful","resultDt":"20240410200906","data":{"itemClsList":[{"item (truncated)..."
2026-01-22 16:14:49 DEBUG r.n.r.DefaultPooledConnectionProvider [reactor-http-nio-2] - [8512f7f6, L:/192.168.4.138:64683 - R:etims-api-sbx2.kra.go.ke/196.61.52.69:443] onStateChange(POST{uri=/etims-api/selectItemClsList, connection=PooledConnection{channel=[id: 0x8512f7f6, L:/192.168.4.138:64683 - R:etims-api-sbx2.kra.go.ke/196.61.52.69:443]}}, [response_completed])
2026-01-22 16:14:49 DEBUG r.n.r.DefaultPooledConnectionProvider [reactor-http-nio-2] - [8512f7f6, L:/192.168.4.138:64683 - R:etims-api-sbx2.kra.go.ke/196.61.52.69:443] onStateChange(POST{uri=/etims-api/selectItemClsList, connection=PooledConnection{channel=[id: 0x8512f7f6, L:/192.168.4.138:64683 - R:etims-api-sbx2.kra.go.ke/196.61.52.69:443]}}, [disconnecting])
2026-01-22 16:14:49 DEBUG r.n.r.DefaultPooledConnectionProvider [reactor-http-nio-2] - [8512f7f6, L:/192.168.4.138:64683 - R:etims-api-sbx2.kra.go.ke/196.61.52.69:443] Releasing channel
2026-01-22 16:14:49 DEBUG r.n.r.PooledConnectionProvider [reactor-http-nio-2] - [8512f7f6, L:/192.168.4.138:64683 - R:etims-api-sbx2.kra.go.ke/196.61.52.69:443] Channel cleaned, now: 0 active connections, 1 inactive connections and 0 pending acquire requests.
2026-01-22 16:14:49 DEBUG o.s.w.s.m.m.a.RequestResponseBodyMethodProcessor [http-nio-8090-exec-7] - Using 'application/json', given [*/*] and supported [application/json, application/*+json]
2026-01-22 16:14:49 DEBUG o.s.w.s.m.m.a.RequestResponseBodyMethodProcessor [http-nio-8090-exec-7] - Writing [com.kra.vsdc.execute.model.ItemClsRes@1ca6f8e9]
2026-01-22 16:14:49 DEBUG o.s.o.j.s.OpenEntityManagerInViewInterceptor [http-nio-8090-exec-7] - Closing JPA EntityManager in OpenEntityManagerInViewInterceptor
2026-01-22 16:14:49 DEBUG o.s.web.servlet.DispatcherServlet [http-nio-8090-exec-7] - Completed 200 OK
2026-01-22 16:14:51 INFO  c.k.v.execute.offline.ResendSchedule [vscu-thread-2] - Executing Resend Schedule
2026-01-22 16:14:54 DEBUG o.s.web.servlet.DispatcherServlet [http-nio-8090-exec-8] - POST "/customers/selectCustomer", parameters={}
2026-01-22 16:14:54 DEBUG o.s.w.s.m.m.a.RequestMappingHandlerMapping [http-nio-8090-exec-8] - Mapped to com.kra.vsdc.excute.CustomerExcute#selectCustomer(CustReq)
2026-01-22 16:14:54 DEBUG o.s.o.j.s.OpenEntityManagerInViewInterceptor [http-nio-8090-exec-8] - Opening JPA EntityManager in OpenEntityManagerInViewInterceptor
2026-01-22 16:14:54 DEBUG o.s.w.s.m.m.a.RequestResponseBodyMethodProcessor [http-nio-8090-exec-8] - Read "application/json;charset=UTF-8" to [com.kra.vsdc.execute.model.CustReq@5dc39c39]
2026-01-22 16:14:54 DEBUG o.apache.commons.beanutils.BeanUtils [http-nio-8090-exec-8] - BeanUtils.copyProperties(com.kra.vsdc.execute.model.CustReqBody@2da80b70, com.kra.vsdc.execute.model.CustReq@5dc39c39)
2026-01-22 16:14:54 DEBUG o.a.c.b.converters.StringConverter [http-nio-8090-exec-8] - Converting 'String' value 'A987654321Z' to type 'String'
2026-01-22 16:14:54 DEBUG o.s.w.r.f.client.ExchangeFunctions [http-nio-8090-exec-8] - [4ba9f913] HTTP POST https://etims-api-sbx2.kra.go.ke/etims-api/selectCustomer
2026-01-22 16:14:54 DEBUG r.n.r.PooledConnectionProvider [reactor-http-nio-2] - [8512f7f6, L:/192.168.4.138:64683 - R:etims-api-sbx2.kra.go.ke/196.61.52.69:443] Channel acquired, now: 1 active connections, 0 inactive connections and 0 pending acquire requests.
2026-01-22 16:14:54 DEBUG r.n.http.client.HttpClientConnect [reactor-http-nio-2] - [8512f7f6-3, L:/192.168.4.138:64683 - R:etims-api-sbx2.kra.go.ke/196.61.52.69:443] Handler is being applied: {uri=https://etims-api-sbx2.kra.go.ke/etims-api/selectCustomer, method=POST}
2026-01-22 16:14:54 DEBUG r.n.r.DefaultPooledConnectionProvider [reactor-http-nio-2] - [8512f7f6-3, L:/192.168.4.138:64683 - R:etims-api-sbx2.kra.go.ke/196.61.52.69:443] onStateChange(POST{uri=/etims-api/selectCustomer, connection=PooledConnection{channel=[id: 0x8512f7f6, L:/192.168.4.138:64683 - R:etims-api-sbx2.kra.go.ke/196.61.52.69:443]}}, [request_prepared])
2026-01-22 16:14:54 DEBUG o.s.core.codec.CharSequenceEncoder [reactor-http-nio-2] - [4ba9f913] Writing "{"custmTin":"A987654321Z"}"
2026-01-22 16:14:54 DEBUG r.n.r.DefaultPooledConnectionProvider [reactor-http-nio-2] - [8512f7f6-3, L:/192.168.4.138:64683 - R:etims-api-sbx2.kra.go.ke/196.61.52.69:443] onStateChange(POST{uri=/etims-api/selectCustomer, connection=PooledConnection{channel=[id: 0x8512f7f6, L:/192.168.4.138:64683 - R:etims-api-sbx2.kra.go.ke/196.61.52.69:443]}}, [request_sent])
2026-01-22 16:14:54 INFO  c.k.v.execute.offline.ResendSchedule [vscu-thread-2] - Executing Resend Schedule
2026-01-22 16:14:55 DEBUG r.n.http.client.HttpClientOperations [reactor-http-nio-2] - [8512f7f6-3, L:/192.168.4.138:64683 - R:etims-api-sbx2.kra.go.ke/196.61.52.69:443] Received response (auto-read:false) : RESPONSE(decodeResult: success, version: HTTP/1.1)
HTTP/1.1 200 
Set-Cookie: <filtered>
Content-Type: <filtered>
Transfer-Encoding: <filtered>
Date: <filtered>
2026-01-22 16:14:55 DEBUG r.n.r.DefaultPooledConnectionProvider [reactor-http-nio-2] - [8512f7f6-3, L:/192.168.4.138:64683 - R:etims-api-sbx2.kra.go.ke/196.61.52.69:443] onStateChange(POST{uri=/etims-api/selectCustomer, connection=PooledConnection{channel=[id: 0x8512f7f6, L:/192.168.4.138:64683 - R:etims-api-sbx2.kra.go.ke/196.61.52.69:443]}}, [response_received])
2026-01-22 16:14:55 DEBUG o.s.w.r.f.client.ExchangeFunctions [reactor-http-nio-2] - [4ba9f913] [8512f7f6-3, L:/192.168.4.138:64683 - R:etims-api-sbx2.kra.go.ke/196.61.52.69:443] Response 200 OK
2026-01-22 16:14:55 DEBUG reactor.netty.channel.FluxReceive [reactor-http-nio-2] - [8512f7f6-3, L:/192.168.4.138:64683 - R:etims-api-sbx2.kra.go.ke/196.61.52.69:443] [terminated=false, cancelled=false, pending=0, error=null]: subscribing inbound receiver
2026-01-22 16:14:55 DEBUG r.n.http.client.HttpClientOperations [reactor-http-nio-2] - [8512f7f6-3, L:/192.168.4.138:64683 - R:etims-api-sbx2.kra.go.ke/196.61.52.69:443] Received last HTTP packet
2026-01-22 16:14:55 DEBUG o.s.core.codec.StringDecoder [reactor-http-nio-2] - [4ba9f913] [8512f7f6-3, L:/192.168.4.138:64683 - R:etims-api-sbx2.kra.go.ke/196.61.52.69:443] Decoded "{"resultCd":"001","resultMsg":"There is no search result","resultDt":"20260122161454","data":null}"
2026-01-22 16:14:55 DEBUG r.n.r.DefaultPooledConnectionProvider [reactor-http-nio-2] - [8512f7f6, L:/192.168.4.138:64683 - R:etims-api-sbx2.kra.go.ke/196.61.52.69:443] onStateChange(POST{uri=/etims-api/selectCustomer, connection=PooledConnection{channel=[id: 0x8512f7f6, L:/192.168.4.138:64683 - R:etims-api-sbx2.kra.go.ke/196.61.52.69:443]}}, [response_completed])
2026-01-22 16:14:55 DEBUG r.n.r.DefaultPooledConnectionProvider [reactor-http-nio-2] - [8512f7f6, L:/192.168.4.138:64683 - R:etims-api-sbx2.kra.go.ke/196.61.52.69:443] onStateChange(POST{uri=/etims-api/selectCustomer, connection=PooledConnection{channel=[id: 0x8512f7f6, L:/192.168.4.138:64683 - R:etims-api-sbx2.kra.go.ke/196.61.52.69:443]}}, [disconnecting])
2026-01-22 16:14:55 DEBUG r.n.r.DefaultPooledConnectionProvider [reactor-http-nio-2] - [8512f7f6, L:/192.168.4.138:64683 - R:etims-api-sbx2.kra.go.ke/196.61.52.69:443] Releasing channel
2026-01-22 16:14:55 DEBUG r.n.r.PooledConnectionProvider [reactor-http-nio-2] - [8512f7f6, L:/192.168.4.138:64683 - R:etims-api-sbx2.kra.go.ke/196.61.52.69:443] Channel cleaned, now: 0 active connections, 1 inactive connections and 0 pending acquire requests.
2026-01-22 16:14:55 DEBUG o.s.w.s.m.m.a.RequestResponseBodyMethodProcessor [http-nio-8090-exec-8] - Using 'application/json', given [*/*] and supported [application/json, application/*+json]
2026-01-22 16:14:55 DEBUG o.s.w.s.m.m.a.RequestResponseBodyMethodProcessor [http-nio-8090-exec-8] - Writing [com.kra.vsdc.execute.model.CustRes@5e929225]
2026-01-22 16:14:55 DEBUG o.s.o.j.s.OpenEntityManagerInViewInterceptor [http-nio-8090-exec-8] - Closing JPA EntityManager in OpenEntityManagerInViewInterceptor
2026-01-22 16:14:55 DEBUG o.s.web.servlet.DispatcherServlet [http-nio-8090-exec-8] - Completed 200 OK
2026-01-22 16:14:57 INFO  c.k.v.execute.offline.ResendSchedule [vscu-thread-2] - Executing Resend Schedule
2026-01-22 16:14:59 DEBUG o.s.web.servlet.DispatcherServlet [http-nio-8090-exec-9] - POST "/branches/selectBranches", parameters={}
2026-01-22 16:14:59 DEBUG o.s.w.s.m.m.a.RequestMappingHandlerMapping [http-nio-8090-exec-9] - Mapped to com.kra.vsdc.excute.BhfExcute#selectBhfbList(BhfReq)
2026-01-22 16:14:59 DEBUG o.s.o.j.s.OpenEntityManagerInViewInterceptor [http-nio-8090-exec-9] - Opening JPA EntityManager in OpenEntityManagerInViewInterceptor
2026-01-22 16:14:59 DEBUG o.s.w.s.m.m.a.RequestResponseBodyMethodProcessor [http-nio-8090-exec-9] - Read "application/json;charset=UTF-8" to [com.kra.vsdc.execute.model.BhfReq@5cf2062a]
2026-01-22 16:14:59 DEBUG o.apache.commons.beanutils.BeanUtils [http-nio-8090-exec-9] - BeanUtils.copyProperties(com.kra.vsdc.execute.model.BhfReqBody@2c98b1d8, com.kra.vsdc.execute.model.BhfReq@5cf2062a)
2026-01-22 16:14:59 DEBUG o.a.c.b.converters.StringConverter [http-nio-8090-exec-9] - Converting 'String' value '20180520000000' to type 'String'
2026-01-22 16:14:59 DEBUG o.s.w.r.f.client.ExchangeFunctions [http-nio-8090-exec-9] - [182acbce] HTTP POST https://etims-api-sbx2.kra.go.ke/etims-api/selectBhfList
2026-01-22 16:14:59 DEBUG r.n.r.PooledConnectionProvider [reactor-http-nio-2] - [8512f7f6, L:/192.168.4.138:64683 - R:etims-api-sbx2.kra.go.ke/196.61.52.69:443] Channel acquired, now: 1 active connections, 0 inactive connections and 0 pending acquire requests.
2026-01-22 16:14:59 DEBUG r.n.http.client.HttpClientConnect [reactor-http-nio-2] - [8512f7f6-4, L:/192.168.4.138:64683 - R:etims-api-sbx2.kra.go.ke/196.61.52.69:443] Handler is being applied: {uri=https://etims-api-sbx2.kra.go.ke/etims-api/selectBhfList, method=POST}
2026-01-22 16:14:59 DEBUG r.n.r.DefaultPooledConnectionProvider [reactor-http-nio-2] - [8512f7f6-4, L:/192.168.4.138:64683 - R:etims-api-sbx2.kra.go.ke/196.61.52.69:443] onStateChange(POST{uri=/etims-api/selectBhfList, connection=PooledConnection{channel=[id: 0x8512f7f6, L:/192.168.4.138:64683 - R:etims-api-sbx2.kra.go.ke/196.61.52.69:443]}}, [request_prepared])
2026-01-22 16:14:59 DEBUG o.s.core.codec.CharSequenceEncoder [reactor-http-nio-2] - [182acbce] Writing "{"lastReqDt":"20180520000000"}"
2026-01-22 16:14:59 DEBUG r.n.r.DefaultPooledConnectionProvider [reactor-http-nio-2] - [8512f7f6-4, L:/192.168.4.138:64683 - R:etims-api-sbx2.kra.go.ke/196.61.52.69:443] onStateChange(POST{uri=/etims-api/selectBhfList, connection=PooledConnection{channel=[id: 0x8512f7f6, L:/192.168.4.138:64683 - R:etims-api-sbx2.kra.go.ke/196.61.52.69:443]}}, [request_sent])
2026-01-22 16:15:00 DEBUG r.n.http.client.HttpClientOperations [reactor-http-nio-2] - [8512f7f6-4, L:/192.168.4.138:64683 - R:etims-api-sbx2.kra.go.ke/196.61.52.69:443] Received response (auto-read:false) : RESPONSE(decodeResult: success, version: HTTP/1.1)
HTTP/1.1 200 
Set-Cookie: <filtered>
Content-Type: <filtered>
Transfer-Encoding: <filtered>
Date: <filtered>
2026-01-22 16:15:00 DEBUG r.n.r.DefaultPooledConnectionProvider [reactor-http-nio-2] - [8512f7f6-4, L:/192.168.4.138:64683 - R:etims-api-sbx2.kra.go.ke/196.61.52.69:443] onStateChange(POST{uri=/etims-api/selectBhfList, connection=PooledConnection{channel=[id: 0x8512f7f6, L:/192.168.4.138:64683 - R:etims-api-sbx2.kra.go.ke/196.61.52.69:443]}}, [response_received])
2026-01-22 16:15:00 DEBUG o.s.w.r.f.client.ExchangeFunctions [reactor-http-nio-2] - [182acbce] [8512f7f6-4, L:/192.168.4.138:64683 - R:etims-api-sbx2.kra.go.ke/196.61.52.69:443] Response 200 OK
2026-01-22 16:15:00 DEBUG reactor.netty.channel.FluxReceive [reactor-http-nio-2] - [8512f7f6-4, L:/192.168.4.138:64683 - R:etims-api-sbx2.kra.go.ke/196.61.52.69:443] [terminated=false, cancelled=false, pending=0, error=null]: subscribing inbound receiver
2026-01-22 16:15:00 DEBUG r.n.http.client.HttpClientOperations [reactor-http-nio-2] - [8512f7f6-4, L:/192.168.4.138:64683 - R:etims-api-sbx2.kra.go.ke/196.61.52.69:443] Received last HTTP packet
2026-01-22 16:15:00 DEBUG o.s.core.codec.StringDecoder [reactor-http-nio-2] - [182acbce] [8512f7f6-4, L:/192.168.4.138:64683 - R:etims-api-sbx2.kra.go.ke/196.61.52.69:443] Decoded "{"resultCd":"000","resultMsg":"Successful","resultDt":"20260122161459","data":{"bhfList":[{"tin":"P6 (truncated)..."
2026-01-22 16:15:00 DEBUG r.n.r.DefaultPooledConnectionProvider [reactor-http-nio-2] - [8512f7f6, L:/192.168.4.138:64683 - R:etims-api-sbx2.kra.go.ke/196.61.52.69:443] onStateChange(POST{uri=/etims-api/selectBhfList, connection=PooledConnection{channel=[id: 0x8512f7f6, L:/192.168.4.138:64683 - R:etims-api-sbx2.kra.go.ke/196.61.52.69:443]}}, [response_completed])
2026-01-22 16:15:00 DEBUG r.n.r.DefaultPooledConnectionProvider [reactor-http-nio-2] - [8512f7f6, L:/192.168.4.138:64683 - R:etims-api-sbx2.kra.go.ke/196.61.52.69:443] onStateChange(POST{uri=/etims-api/selectBhfList, connection=PooledConnection{channel=[id: 0x8512f7f6, L:/192.168.4.138:64683 - R:etims-api-sbx2.kra.go.ke/196.61.52.69:443]}}, [disconnecting])
2026-01-22 16:15:00 DEBUG r.n.r.DefaultPooledConnectionProvider [reactor-http-nio-2] - [8512f7f6, L:/192.168.4.138:64683 - R:etims-api-sbx2.kra.go.ke/196.61.52.69:443] Releasing channel
2026-01-22 16:15:00 DEBUG r.n.r.PooledConnectionProvider [reactor-http-nio-2] - [8512f7f6, L:/192.168.4.138:64683 - R:etims-api-sbx2.kra.go.ke/196.61.52.69:443] Channel cleaned, now: 0 active connections, 1 inactive connections and 0 pending acquire requests.
2026-01-22 16:15:00 DEBUG o.s.w.s.m.m.a.RequestResponseBodyMethodProcessor [http-nio-8090-exec-9] - Using 'application/json', given [*/*] and supported [application/json, application/*+json]
2026-01-22 16:15:00 DEBUG o.s.w.s.m.m.a.RequestResponseBodyMethodProcessor [http-nio-8090-exec-9] - Writing [com.kra.vsdc.execute.model.BhfRes@189e116b]
2026-01-22 16:15:00 DEBUG o.s.o.j.s.OpenEntityManagerInViewInterceptor [http-nio-8090-exec-9] - Closing JPA EntityManager in OpenEntityManagerInViewInterceptor
2026-01-22 16:15:00 DEBUG o.s.web.servlet.DispatcherServlet [http-nio-8090-exec-9] - Completed 200 OK
2026-01-22 16:15:00 INFO  c.k.v.execute.offline.ResendSchedule [vscu-thread-2] - Executing Resend Schedule
2026-01-22 16:15:03 INFO  c.k.v.execute.offline.ResendSchedule [vscu-thread-2] - Executing Resend Schedule
2026-01-22 16:15:04 DEBUG o.s.web.servlet.DispatcherServlet [http-nio-8090-exec-10] - POST "/notices/selectNotices", parameters={}
2026-01-22 16:15:04 DEBUG o.s.w.s.m.m.a.RequestMappingHandlerMapping [http-nio-8090-exec-10] - Mapped to com.kra.vsdc.excute.NoticeExcute#selectNoticeList(NoticeReq)
2026-01-22 16:15:04 DEBUG o.s.o.j.s.OpenEntityManagerInViewInterceptor [http-nio-8090-exec-10] - Opening JPA EntityManager in OpenEntityManagerInViewInterceptor
2026-01-22 16:15:04 DEBUG o.s.w.s.m.m.a.RequestResponseBodyMethodProcessor [http-nio-8090-exec-10] - Read "application/json;charset=UTF-8" to [com.kra.vsdc.execute.model.NoticeReq@17e82929]
2026-01-22 16:15:04 DEBUG o.apache.commons.beanutils.BeanUtils [http-nio-8090-exec-10] - BeanUtils.copyProperties(com.kra.vsdc.execute.model.NoticeReqBody@67c9d7ff, com.kra.vsdc.execute.model.NoticeReq@17e82929)
2026-01-22 16:15:04 DEBUG o.a.c.b.converters.StringConverter [http-nio-8090-exec-10] - Converting 'String' value '20180520000000' to type 'String'
2026-01-22 16:15:04 DEBUG o.s.w.r.f.client.ExchangeFunctions [http-nio-8090-exec-10] - [49c8abc5] HTTP POST https://etims-api-sbx2.kra.go.ke/etims-api/selectNoticeList
2026-01-22 16:15:04 DEBUG r.n.r.PooledConnectionProvider [reactor-http-nio-2] - [8512f7f6, L:/192.168.4.138:64683 - R:etims-api-sbx2.kra.go.ke/196.61.52.69:443] Channel acquired, now: 1 active connections, 0 inactive connections and 0 pending acquire requests.
2026-01-22 16:15:04 DEBUG r.n.http.client.HttpClientConnect [reactor-http-nio-2] - [8512f7f6-5, L:/192.168.4.138:64683 - R:etims-api-sbx2.kra.go.ke/196.61.52.69:443] Handler is being applied: {uri=https://etims-api-sbx2.kra.go.ke/etims-api/selectNoticeList, method=POST}
2026-01-22 16:15:04 DEBUG r.n.r.DefaultPooledConnectionProvider [reactor-http-nio-2] - [8512f7f6-5, L:/192.168.4.138:64683 - R:etims-api-sbx2.kra.go.ke/196.61.52.69:443] onStateChange(POST{uri=/etims-api/selectNoticeList, connection=PooledConnection{channel=[id: 0x8512f7f6, L:/192.168.4.138:64683 - R:etims-api-sbx2.kra.go.ke/196.61.52.69:443]}}, [request_prepared])
2026-01-22 16:15:04 DEBUG o.s.core.codec.CharSequenceEncoder [reactor-http-nio-2] - [49c8abc5] Writing "{"lastReqDt":"20180520000000"}"
2026-01-22 16:15:04 DEBUG r.n.r.DefaultPooledConnectionProvider [reactor-http-nio-2] - [8512f7f6-5, L:/192.168.4.138:64683 - R:etims-api-sbx2.kra.go.ke/196.61.52.69:443] onStateChange(POST{uri=/etims-api/selectNoticeList, connection=PooledConnection{channel=[id: 0x8512f7f6, L:/192.168.4.138:64683 - R:etims-api-sbx2.kra.go.ke/196.61.52.69:443]}}, [request_sent])
2026-01-22 16:15:04 DEBUG r.n.http.client.HttpClientOperations [reactor-http-nio-2] - [8512f7f6-5, L:/192.168.4.138:64683 - R:etims-api-sbx2.kra.go.ke/196.61.52.69:443] Received response (auto-read:false) : RESPONSE(decodeResult: success, version: HTTP/1.1)
HTTP/1.1 200 
Set-Cookie: <filtered>
Content-Type: <filtered>
Transfer-Encoding: <filtered>
Date: <filtered>
2026-01-22 16:15:04 DEBUG r.n.r.DefaultPooledConnectionProvider [reactor-http-nio-2] - [8512f7f6-5, L:/192.168.4.138:64683 - R:etims-api-sbx2.kra.go.ke/196.61.52.69:443] onStateChange(POST{uri=/etims-api/selectNoticeList, connection=PooledConnection{channel=[id: 0x8512f7f6, L:/192.168.4.138:64683 - R:etims-api-sbx2.kra.go.ke/196.61.52.69:443]}}, [response_received])
2026-01-22 16:15:04 DEBUG o.s.w.r.f.client.ExchangeFunctions [reactor-http-nio-2] - [49c8abc5] [8512f7f6-5, L:/192.168.4.138:64683 - R:etims-api-sbx2.kra.go.ke/196.61.52.69:443] Response 200 OK
2026-01-22 16:15:04 DEBUG reactor.netty.channel.FluxReceive [reactor-http-nio-2] - [8512f7f6-5, L:/192.168.4.138:64683 - R:etims-api-sbx2.kra.go.ke/196.61.52.69:443] [terminated=false, cancelled=false, pending=0, error=null]: subscribing inbound receiver
2026-01-22 16:15:04 DEBUG r.n.http.client.HttpClientOperations [reactor-http-nio-2] - [8512f7f6-5, L:/192.168.4.138:64683 - R:etims-api-sbx2.kra.go.ke/196.61.52.69:443] Received last HTTP packet
2026-01-22 16:15:04 DEBUG o.s.core.codec.StringDecoder [reactor-http-nio-2] - [49c8abc5] [8512f7f6-5, L:/192.168.4.138:64683 - R:etims-api-sbx2.kra.go.ke/196.61.52.69:443] Decoded "{"resultCd":"000","resultMsg":"Successful","resultDt":"20260122161504","data":{"noticeList":[{"notic (truncated)..."
2026-01-22 16:15:04 DEBUG r.n.r.DefaultPooledConnectionProvider [reactor-http-nio-2] - [8512f7f6, L:/192.168.4.138:64683 - R:etims-api-sbx2.kra.go.ke/196.61.52.69:443] onStateChange(POST{uri=/etims-api/selectNoticeList, connection=PooledConnection{channel=[id: 0x8512f7f6, L:/192.168.4.138:64683 - R:etims-api-sbx2.kra.go.ke/196.61.52.69:443]}}, [response_completed])
2026-01-22 16:15:04 DEBUG r.n.r.DefaultPooledConnectionProvider [reactor-http-nio-2] - [8512f7f6, L:/192.168.4.138:64683 - R:etims-api-sbx2.kra.go.ke/196.61.52.69:443] onStateChange(POST{uri=/etims-api/selectNoticeList, connection=PooledConnection{channel=[id: 0x8512f7f6, L:/192.168.4.138:64683 - R:etims-api-sbx2.kra.go.ke/196.61.52.69:443]}}, [disconnecting])
2026-01-22 16:15:04 DEBUG r.n.r.DefaultPooledConnectionProvider [reactor-http-nio-2] - [8512f7f6, L:/192.168.4.138:64683 - R:etims-api-sbx2.kra.go.ke/196.61.52.69:443] Releasing channel
2026-01-22 16:15:04 DEBUG r.n.r.PooledConnectionProvider [reactor-http-nio-2] - [8512f7f6, L:/192.168.4.138:64683 - R:etims-api-sbx2.kra.go.ke/196.61.52.69:443] Channel cleaned, now: 0 active connections, 1 inactive connections and 0 pending acquire requests.
2026-01-22 16:15:04 DEBUG o.s.w.s.m.m.a.RequestResponseBodyMethodProcessor [http-nio-8090-exec-10] - Using 'application/json', given [*/*] and supported [application/json, application/*+json]
2026-01-22 16:15:04 DEBUG o.s.w.s.m.m.a.RequestResponseBodyMethodProcessor [http-nio-8090-exec-10] - Writing [com.kra.vsdc.execute.model.NoticeRes@52ffa931]
2026-01-22 16:15:04 DEBUG o.s.o.j.s.OpenEntityManagerInViewInterceptor [http-nio-8090-exec-10] - Closing JPA EntityManager in OpenEntityManagerInViewInterceptor
2026-01-22 16:15:04 DEBUG o.s.web.servlet.DispatcherServlet [http-nio-8090-exec-10] - Completed 200 OK
2026-01-22 16:15:06 INFO  c.k.v.execute.offline.ResendSchedule [vscu-thread-2] - Executing Resend Schedule
2026-01-22 16:15:07 DEBUG com.zaxxer.hikari.pool.HikariPool [HikariPool-1 housekeeper] - HikariPool-1 - Pool stats (total=20, active=0, idle=20, waiting=0)
2026-01-22 16:15:07 DEBUG com.zaxxer.hikari.pool.HikariPool [HikariPool-1 housekeeper] - HikariPool-1 - Fill pool skipped, pool has sufficient level or currently being filled (queueDepth=0).
2026-01-22 16:15:09 INFO  c.k.v.execute.offline.ResendSchedule [vscu-thread-2] - Executing Resend Schedule
2026-01-22 16:15:12 INFO  c.k.v.execute.offline.ResendSchedule [vscu-thread-2] - Executing Resend Schedule
2026-01-22 16:15:14 DEBUG o.s.web.servlet.DispatcherServlet [http-nio-8090-exec-1] - POST "/branches/saveBrancheCustomers", parameters={}
2026-01-22 16:15:14 DEBUG o.s.w.s.m.m.a.RequestMappingHandlerMapping [http-nio-8090-exec-1] - Mapped to com.kra.vsdc.excute.BhfExcute#saveBhfCustomer(BhfCustSaveReq)
2026-01-22 16:15:14 DEBUG o.s.o.j.s.OpenEntityManagerInViewInterceptor [http-nio-8090-exec-1] - Opening JPA EntityManager in OpenEntityManagerInViewInterceptor
2026-01-22 16:15:14 DEBUG o.s.w.s.m.m.a.RequestResponseBodyMethodProcessor [http-nio-8090-exec-1] - Read "application/json;charset=UTF-8" to [com.kra.vsdc.execute.model.BhfCustSaveReq@407156b]
2026-01-22 16:15:14 DEBUG o.apache.commons.beanutils.BeanUtils [http-nio-8090-exec-1] - BeanUtils.copyProperties(com.kra.vsdc.execute.model.BhfCustSaveReqBody@187ea7c2, com.kra.vsdc.execute.model.BhfCustSaveReq@407156b)
2026-01-22 16:15:14 DEBUG o.a.c.b.converters.StringConverter [http-nio-8090-exec-1] - Converting 'String' value 'Admin' to type 'String'
2026-01-22 16:15:14 DEBUG o.a.c.b.converters.StringConverter [http-nio-8090-exec-1] - Converting 'String' value '999991113' to type 'String'
2026-01-22 16:15:14 DEBUG o.a.c.b.converters.StringConverter [http-nio-8090-exec-1] - Converting 'String' value 'MTEJA LIMITED' to type 'String'
2026-01-22 16:15:14 DEBUG o.a.c.b.converters.StringConverter [http-nio-8090-exec-1] - Converting 'String' value 'Admin' to type 'String'
2026-01-22 16:15:14 DEBUG o.a.c.b.converters.StringConverter [http-nio-8090-exec-1] - Converting 'String' value 'Admin' to type 'String'
2026-01-22 16:15:14 DEBUG o.a.c.b.converters.StringConverter [http-nio-8090-exec-1] - Converting 'String' value 'Admin' to type 'String'
2026-01-22 16:15:14 DEBUG o.a.c.b.converters.StringConverter [http-nio-8090-exec-1] - Converting 'String' value 'Y' to type 'String'
2026-01-22 16:15:14 DEBUG o.a.c.b.converters.StringConverter [http-nio-8090-exec-1] - Converting 'String' value 'A123456789Z' to type 'String'
2026-01-22 16:15:14 DEBUG o.s.w.r.f.client.ExchangeFunctions [http-nio-8090-exec-1] - [1b70a517] HTTP POST https://etims-api-sbx2.kra.go.ke/etims-api/saveBhfCustomer
2026-01-22 16:15:14 DEBUG r.n.r.PooledConnectionProvider [reactor-http-nio-2] - [8512f7f6, L:/192.168.4.138:64683 - R:etims-api-sbx2.kra.go.ke/196.61.52.69:443] Channel acquired, now: 1 active connections, 0 inactive connections and 0 pending acquire requests.
2026-01-22 16:15:14 DEBUG r.n.http.client.HttpClientConnect [reactor-http-nio-2] - [8512f7f6-6, L:/192.168.4.138:64683 - R:etims-api-sbx2.kra.go.ke/196.61.52.69:443] Handler is being applied: {uri=https://etims-api-sbx2.kra.go.ke/etims-api/saveBhfCustomer, method=POST}
2026-01-22 16:15:14 DEBUG r.n.r.DefaultPooledConnectionProvider [reactor-http-nio-2] - [8512f7f6-6, L:/192.168.4.138:64683 - R:etims-api-sbx2.kra.go.ke/196.61.52.69:443] onStateChange(POST{uri=/etims-api/saveBhfCustomer, connection=PooledConnection{channel=[id: 0x8512f7f6, L:/192.168.4.138:64683 - R:etims-api-sbx2.kra.go.ke/196.61.52.69:443]}}, [request_prepared])
2026-01-22 16:15:14 DEBUG o.s.core.codec.CharSequenceEncoder [reactor-http-nio-2] - [1b70a517] Writing "{"custNo":"999991113","custTin":"A123456789Z","custNm":"MTEJA LIMITED","adrs":null,"telNo":null,"ema (truncated)..."
2026-01-22 16:15:14 DEBUG r.n.r.DefaultPooledConnectionProvider [reactor-http-nio-2] - [8512f7f6-6, L:/192.168.4.138:64683 - R:etims-api-sbx2.kra.go.ke/196.61.52.69:443] onStateChange(POST{uri=/etims-api/saveBhfCustomer, connection=PooledConnection{channel=[id: 0x8512f7f6, L:/192.168.4.138:64683 - R:etims-api-sbx2.kra.go.ke/196.61.52.69:443]}}, [request_sent])
2026-01-22 16:15:14 DEBUG r.n.http.client.HttpClientOperations [reactor-http-nio-2] - [8512f7f6-6, L:/192.168.4.138:64683 - R:etims-api-sbx2.kra.go.ke/196.61.52.69:443] Received response (auto-read:false) : RESPONSE(decodeResult: success, version: HTTP/1.1)
HTTP/1.1 200 
Set-Cookie: <filtered>
Content-Type: <filtered>
Transfer-Encoding: <filtered>
Date: <filtered>
2026-01-22 16:15:14 DEBUG r.n.r.DefaultPooledConnectionProvider [reactor-http-nio-2] - [8512f7f6-6, L:/192.168.4.138:64683 - R:etims-api-sbx2.kra.go.ke/196.61.52.69:443] onStateChange(POST{uri=/etims-api/saveBhfCustomer, connection=PooledConnection{channel=[id: 0x8512f7f6, L:/192.168.4.138:64683 - R:etims-api-sbx2.kra.go.ke/196.61.52.69:443]}}, [response_received])
2026-01-22 16:15:14 DEBUG o.s.w.r.f.client.ExchangeFunctions [reactor-http-nio-2] - [1b70a517] [8512f7f6-6, L:/192.168.4.138:64683 - R:etims-api-sbx2.kra.go.ke/196.61.52.69:443] Response 200 OK
2026-01-22 16:15:14 DEBUG reactor.netty.channel.FluxReceive [reactor-http-nio-2] - [8512f7f6-6, L:/192.168.4.138:64683 - R:etims-api-sbx2.kra.go.ke/196.61.52.69:443] [terminated=false, cancelled=false, pending=0, error=null]: subscribing inbound receiver
2026-01-22 16:15:15 INFO  c.k.v.execute.offline.ResendSchedule [vscu-thread-2] - Executing Resend Schedule
2026-01-22 16:15:16 DEBUG r.n.http.client.HttpClientOperations [reactor-http-nio-2] - [8512f7f6-6, L:/192.168.4.138:64683 - R:etims-api-sbx2.kra.go.ke/196.61.52.69:443] Received last HTTP packet
2026-01-22 16:15:16 DEBUG o.s.core.codec.StringDecoder [reactor-http-nio-2] - [1b70a517] [8512f7f6-6, L:/192.168.4.138:64683 - R:etims-api-sbx2.kra.go.ke/196.61.52.69:443] Decoded "{"resultCd":"000","resultMsg":"Successful","resultDt":"20260122161514","data":null}"
2026-01-22 16:15:16 DEBUG r.n.r.DefaultPooledConnectionProvider [reactor-http-nio-2] - [8512f7f6, L:/192.168.4.138:64683 - R:etims-api-sbx2.kra.go.ke/196.61.52.69:443] onStateChange(POST{uri=/etims-api/saveBhfCustomer, connection=PooledConnection{channel=[id: 0x8512f7f6, L:/192.168.4.138:64683 - R:etims-api-sbx2.kra.go.ke/196.61.52.69:443]}}, [response_completed])
2026-01-22 16:15:16 DEBUG r.n.r.DefaultPooledConnectionProvider [reactor-http-nio-2] - [8512f7f6, L:/192.168.4.138:64683 - R:etims-api-sbx2.kra.go.ke/196.61.52.69:443] onStateChange(POST{uri=/etims-api/saveBhfCustomer, connection=PooledConnection{channel=[id: 0x8512f7f6, L:/192.168.4.138:64683 - R:etims-api-sbx2.kra.go.ke/196.61.52.69:443]}}, [disconnecting])
2026-01-22 16:15:16 DEBUG r.n.r.DefaultPooledConnectionProvider [reactor-http-nio-2] - [8512f7f6, L:/192.168.4.138:64683 - R:etims-api-sbx2.kra.go.ke/196.61.52.69:443] Releasing channel
2026-01-22 16:15:16 DEBUG r.n.r.PooledConnectionProvider [reactor-http-nio-2] - [8512f7f6, L:/192.168.4.138:64683 - R:etims-api-sbx2.kra.go.ke/196.61.52.69:443] Channel cleaned, now: 0 active connections, 1 inactive connections and 0 pending acquire requests.
2026-01-22 16:15:16 DEBUG o.s.w.s.m.m.a.RequestResponseBodyMethodProcessor [http-nio-8090-exec-1] - Using 'application/json', given [*/*] and supported [application/json, application/*+json]
2026-01-22 16:15:16 DEBUG o.s.w.s.m.m.a.RequestResponseBodyMethodProcessor [http-nio-8090-exec-1] - Writing [com.kra.vsdc.execute.model.BhfCustSaveRes@12ee66b]
2026-01-22 16:15:16 DEBUG o.s.o.j.s.OpenEntityManagerInViewInterceptor [http-nio-8090-exec-1] - Closing JPA EntityManager in OpenEntityManagerInViewInterceptor
2026-01-22 16:15:16 DEBUG o.s.web.servlet.DispatcherServlet [http-nio-8090-exec-1] - Completed 200 OK
2026-01-22 16:15:18 INFO  c.k.v.execute.offline.ResendSchedule [vscu-thread-2] - Executing Resend Schedule
2026-01-22 16:15:20 DEBUG o.s.web.servlet.DispatcherServlet [http-nio-8090-exec-2] - POST "/branches/saveBrancheUsers", parameters={}
2026-01-22 16:15:20 DEBUG o.s.w.s.m.m.a.RequestMappingHandlerMapping [http-nio-8090-exec-2] - Mapped to com.kra.vsdc.excute.BhfExcute#saveBhfUser(BhfUserSaveReq)
2026-01-22 16:15:20 DEBUG o.s.o.j.s.OpenEntityManagerInViewInterceptor [http-nio-8090-exec-2] - Opening JPA EntityManager in OpenEntityManagerInViewInterceptor
2026-01-22 16:15:20 DEBUG o.s.w.s.m.m.a.RequestResponseBodyMethodProcessor [http-nio-8090-exec-2] - Read "application/json;charset=UTF-8" to [com.kra.vsdc.execute.model.BhfUserSaveReq@52994512]
2026-01-22 16:15:20 DEBUG o.apache.commons.beanutils.BeanUtils [http-nio-8090-exec-2] - BeanUtils.copyProperties(com.kra.vsdc.execute.model.BhfUserSaveReqBody@52823682, com.kra.vsdc.execute.model.BhfUserSaveReq@52994512)
2026-01-22 16:15:20 DEBUG o.a.c.b.converters.StringConverter [http-nio-8090-exec-2] - Converting 'String' value 'Admin' to type 'String'
2026-01-22 16:15:20 DEBUG o.a.c.b.converters.StringConverter [http-nio-8090-exec-2] - Converting 'String' value 'UserName3' to type 'String'
2026-01-22 16:15:20 DEBUG o.a.c.b.converters.StringConverter [http-nio-8090-exec-2] - Converting 'String' value 'Admin' to type 'String'
2026-01-22 16:15:20 DEBUG o.a.c.b.converters.StringConverter [http-nio-8090-exec-2] - Converting 'String' value 'userId3' to type 'String'
2026-01-22 16:15:20 DEBUG o.a.c.b.converters.StringConverter [http-nio-8090-exec-2] - Converting 'String' value 'Admin' to type 'String'
2026-01-22 16:15:20 DEBUG o.a.c.b.converters.StringConverter [http-nio-8090-exec-2] - Converting 'String' value 'Admin' to type 'String'
2026-01-22 16:15:20 DEBUG o.a.c.b.converters.StringConverter [http-nio-8090-exec-2] - Converting 'String' value 'Y' to type 'String'
2026-01-22 16:15:20 DEBUG o.a.c.b.converters.StringConverter [http-nio-8090-exec-2] - Converting 'String' value '12341234' to type 'String'
2026-01-22 16:15:20 DEBUG o.s.w.r.f.client.ExchangeFunctions [http-nio-8090-exec-2] - [595401c3] HTTP POST https://etims-api-sbx2.kra.go.ke/etims-api/saveBhfUser
2026-01-22 16:15:20 DEBUG r.n.r.PooledConnectionProvider [reactor-http-nio-2] - [8512f7f6, L:/192.168.4.138:64683 - R:etims-api-sbx2.kra.go.ke/196.61.52.69:443] Channel acquired, now: 1 active connections, 0 inactive connections and 0 pending acquire requests.
2026-01-22 16:15:20 DEBUG r.n.http.client.HttpClientConnect [reactor-http-nio-2] - [8512f7f6-7, L:/192.168.4.138:64683 - R:etims-api-sbx2.kra.go.ke/196.61.52.69:443] Handler is being applied: {uri=https://etims-api-sbx2.kra.go.ke/etims-api/saveBhfUser, method=POST}
2026-01-22 16:15:20 DEBUG r.n.r.DefaultPooledConnectionProvider [reactor-http-nio-2] - [8512f7f6-7, L:/192.168.4.138:64683 - R:etims-api-sbx2.kra.go.ke/196.61.52.69:443] onStateChange(POST{uri=/etims-api/saveBhfUser, connection=PooledConnection{channel=[id: 0x8512f7f6, L:/192.168.4.138:64683 - R:etims-api-sbx2.kra.go.ke/196.61.52.69:443]}}, [request_prepared])
2026-01-22 16:15:20 DEBUG o.s.core.codec.CharSequenceEncoder [reactor-http-nio-2] - [595401c3] Writing "{"userId":"userId3","userNm":"UserName3","pwd":"12341234","adrs":null,"cntc":null,"authCd":null,"rem (truncated)..."
2026-01-22 16:15:20 DEBUG r.n.r.DefaultPooledConnectionProvider [reactor-http-nio-2] - [8512f7f6-7, L:/192.168.4.138:64683 - R:etims-api-sbx2.kra.go.ke/196.61.52.69:443] onStateChange(POST{uri=/etims-api/saveBhfUser, connection=PooledConnection{channel=[id: 0x8512f7f6, L:/192.168.4.138:64683 - R:etims-api-sbx2.kra.go.ke/196.61.52.69:443]}}, [request_sent])
2026-01-22 16:15:21 DEBUG r.n.http.client.HttpClientOperations [reactor-http-nio-2] - [8512f7f6-7, L:/192.168.4.138:64683 - R:etims-api-sbx2.kra.go.ke/196.61.52.69:443] Received response (auto-read:false) : RESPONSE(decodeResult: success, version: HTTP/1.1)
HTTP/1.1 200 
Set-Cookie: <filtered>
Content-Type: <filtered>
Transfer-Encoding: <filtered>
Date: <filtered>
2026-01-22 16:15:21 DEBUG r.n.r.DefaultPooledConnectionProvider [reactor-http-nio-2] - [8512f7f6-7, L:/192.168.4.138:64683 - R:etims-api-sbx2.kra.go.ke/196.61.52.69:443] onStateChange(POST{uri=/etims-api/saveBhfUser, connection=PooledConnection{channel=[id: 0x8512f7f6, L:/192.168.4.138:64683 - R:etims-api-sbx2.kra.go.ke/196.61.52.69:443]}}, [response_received])
2026-01-22 16:15:21 DEBUG o.s.w.r.f.client.ExchangeFunctions [reactor-http-nio-2] - [595401c3] [8512f7f6-7, L:/192.168.4.138:64683 - R:etims-api-sbx2.kra.go.ke/196.61.52.69:443] Response 200 OK
2026-01-22 16:15:21 DEBUG reactor.netty.channel.FluxReceive [reactor-http-nio-2] - [8512f7f6-7, L:/192.168.4.138:64683 - R:etims-api-sbx2.kra.go.ke/196.61.52.69:443] [terminated=false, cancelled=false, pending=0, error=null]: subscribing inbound receiver
2026-01-22 16:15:21 DEBUG r.n.http.client.HttpClientOperations [reactor-http-nio-2] - [8512f7f6-7, L:/192.168.4.138:64683 - R:etims-api-sbx2.kra.go.ke/196.61.52.69:443] Received last HTTP packet
2026-01-22 16:15:21 DEBUG o.s.core.codec.StringDecoder [reactor-http-nio-2] - [595401c3] [8512f7f6-7, L:/192.168.4.138:64683 - R:etims-api-sbx2.kra.go.ke/196.61.52.69:443] Decoded "{"resultCd":"000","resultMsg":"Successful","resultDt":"20260122161520","data":null}"
2026-01-22 16:15:21 DEBUG r.n.r.DefaultPooledConnectionProvider [reactor-http-nio-2] - [8512f7f6, L:/192.168.4.138:64683 - R:etims-api-sbx2.kra.go.ke/196.61.52.69:443] onStateChange(POST{uri=/etims-api/saveBhfUser, connection=PooledConnection{channel=[id: 0x8512f7f6, L:/192.168.4.138:64683 - R:etims-api-sbx2.kra.go.ke/196.61.52.69:443]}}, [response_completed])
2026-01-22 16:15:21 DEBUG r.n.r.DefaultPooledConnectionProvider [reactor-http-nio-2] - [8512f7f6, L:/192.168.4.138:64683 - R:etims-api-sbx2.kra.go.ke/196.61.52.69:443] onStateChange(POST{uri=/etims-api/saveBhfUser, connection=PooledConnection{channel=[id: 0x8512f7f6, L:/192.168.4.138:64683 - R:etims-api-sbx2.kra.go.ke/196.61.52.69:443]}}, [disconnecting])
2026-01-22 16:15:21 DEBUG r.n.r.DefaultPooledConnectionProvider [reactor-http-nio-2] - [8512f7f6, L:/192.168.4.138:64683 - R:etims-api-sbx2.kra.go.ke/196.61.52.69:443] Releasing channel
2026-01-22 16:15:21 DEBUG r.n.r.PooledConnectionProvider [reactor-http-nio-2] - [8512f7f6, L:/192.168.4.138:64683 - R:etims-api-sbx2.kra.go.ke/196.61.52.69:443] Channel cleaned, now: 0 active connections, 1 inactive connections and 0 pending acquire requests.
2026-01-22 16:15:21 DEBUG o.s.w.s.m.m.a.RequestResponseBodyMethodProcessor [http-nio-8090-exec-2] - Using 'application/json', given [*/*] and supported [application/json, application/*+json]
2026-01-22 16:15:21 DEBUG o.s.w.s.m.m.a.RequestResponseBodyMethodProcessor [http-nio-8090-exec-2] - Writing [com.kra.vsdc.execute.model.BhfUserSaveRes@1923826b]
2026-01-22 16:15:21 DEBUG o.s.o.j.s.OpenEntityManagerInViewInterceptor [http-nio-8090-exec-2] - Closing JPA EntityManager in OpenEntityManagerInViewInterceptor
2026-01-22 16:15:21 DEBUG o.s.web.servlet.DispatcherServlet [http-nio-8090-exec-2] - Completed 200 OK
2026-01-22 16:15:21 INFO  c.k.v.execute.offline.ResendSchedule [vscu-thread-2] - Executing Resend Schedule
2026-01-22 16:15:24 INFO  c.k.v.execute.offline.ResendSchedule [vscu-thread-2] - Executing Resend Schedule
2026-01-22 16:15:25 DEBUG o.s.web.servlet.DispatcherServlet [http-nio-8090-exec-3] - POST "/branches/saveBrancheInsurances", parameters={}
2026-01-22 16:15:25 DEBUG o.s.w.s.m.m.a.RequestMappingHandlerMapping [http-nio-8090-exec-3] - Mapped to com.kra.vsdc.excute.BhfExcute#saveBhfInsurance(BhfInsuranceSaveReq)
2026-01-22 16:15:25 DEBUG o.s.o.j.s.OpenEntityManagerInViewInterceptor [http-nio-8090-exec-3] - Opening JPA EntityManager in OpenEntityManagerInViewInterceptor
2026-01-22 16:15:25 DEBUG o.s.w.s.m.m.a.RequestResponseBodyMethodProcessor [http-nio-8090-exec-3] - Read "application/json;charset=UTF-8" to [com.kra.vsdc.execute.model.BhfInsuranceSaveReq@6a8f355c]
2026-01-22 16:15:25 DEBUG o.apache.commons.beanutils.BeanUtils [http-nio-8090-exec-3] - BeanUtils.copyProperties(com.kra.vsdc.execute.model.BhfInsuranceSaveReqBody@6ec12b72, com.kra.vsdc.execute.model.BhfInsuranceSaveReq@6a8f355c)
2026-01-22 16:15:25 DEBUG o.a.c.b.converters.StringConverter [http-nio-8090-exec-3] - Converting 'String' value 'Admin' to type 'String'
2026-01-22 16:15:25 DEBUG o.a.c.b.converters.StringConverter [http-nio-8090-exec-3] - Converting 'String' value 'Admin' to type 'String'
2026-01-22 16:15:25 DEBUG o.a.c.b.converters.StringConverter [http-nio-8090-exec-3] - Converting 'String' value 'Admin' to type 'String'
2026-01-22 16:15:25 DEBUG o.a.c.b.converters.StringConverter [http-nio-8090-exec-3] - Converting 'String' value 'Admin' to type 'String'
2026-01-22 16:15:25 DEBUG o.a.c.b.converters.StringConverter [http-nio-8090-exec-3] - Converting 'String' value 'RSSB Insurance' to type 'String'
2026-01-22 16:15:25 DEBUG o.a.c.b.converters.StringConverter [http-nio-8090-exec-3] - Converting 'String' value 'ISRCC01' to type 'String'
2026-01-22 16:15:25 DEBUG o.a.c.b.converters.StringConverter [http-nio-8090-exec-3] - Converting 'String' value 'Y' to type 'String'
2026-01-22 16:15:25 DEBUG o.a.c.b.c.BigDecimalConverter [http-nio-8090-exec-3] - Converting 'BigDecimal' value '20' to type 'BigDecimal'
2026-01-22 16:15:25 DEBUG o.a.c.b.c.BigDecimalConverter [http-nio-8090-exec-3] -     No conversion required, value is already a BigDecimal
2026-01-22 16:15:25 DEBUG o.s.w.r.f.client.ExchangeFunctions [http-nio-8090-exec-3] - [6821273f] HTTP POST https://etims-api-sbx2.kra.go.ke/etims-api/saveBhfInsurance
2026-01-22 16:15:25 DEBUG r.n.r.PooledConnectionProvider [reactor-http-nio-2] - [8512f7f6, L:/192.168.4.138:64683 - R:etims-api-sbx2.kra.go.ke/196.61.52.69:443] Channel acquired, now: 1 active connections, 0 inactive connections and 0 pending acquire requests.
2026-01-22 16:15:25 DEBUG r.n.http.client.HttpClientConnect [reactor-http-nio-2] - [8512f7f6-8, L:/192.168.4.138:64683 - R:etims-api-sbx2.kra.go.ke/196.61.52.69:443] Handler is being applied: {uri=https://etims-api-sbx2.kra.go.ke/etims-api/saveBhfInsurance, method=POST}
2026-01-22 16:15:25 DEBUG r.n.r.DefaultPooledConnectionProvider [reactor-http-nio-2] - [8512f7f6-8, L:/192.168.4.138:64683 - R:etims-api-sbx2.kra.go.ke/196.61.52.69:443] onStateChange(POST{uri=/etims-api/saveBhfInsurance, connection=PooledConnection{channel=[id: 0x8512f7f6, L:/192.168.4.138:64683 - R:etims-api-sbx2.kra.go.ke/196.61.52.69:443]}}, [request_prepared])
2026-01-22 16:15:25 DEBUG o.s.core.codec.CharSequenceEncoder [reactor-http-nio-2] - [6821273f] Writing "{"isrccCd":"ISRCC01","isrccNm":"RSSB Insurance","isrcRt":20,"useYn":"Y","regrId":"Admin","regrNm":"A (truncated)..."
2026-01-22 16:15:25 DEBUG r.n.r.DefaultPooledConnectionProvider [reactor-http-nio-2] - [8512f7f6-8, L:/192.168.4.138:64683 - R:etims-api-sbx2.kra.go.ke/196.61.52.69:443] onStateChange(POST{uri=/etims-api/saveBhfInsurance, connection=PooledConnection{channel=[id: 0x8512f7f6, L:/192.168.4.138:64683 - R:etims-api-sbx2.kra.go.ke/196.61.52.69:443]}}, [request_sent])
2026-01-22 16:15:26 DEBUG r.n.http.client.HttpClientOperations [reactor-http-nio-2] - [8512f7f6-8, L:/192.168.4.138:64683 - R:etims-api-sbx2.kra.go.ke/196.61.52.69:443] Received response (auto-read:false) : RESPONSE(decodeResult: success, version: HTTP/1.1)
HTTP/1.1 200 
Set-Cookie: <filtered>
Content-Type: <filtered>
Transfer-Encoding: <filtered>
Date: <filtered>
2026-01-22 16:15:26 DEBUG r.n.r.DefaultPooledConnectionProvider [reactor-http-nio-2] - [8512f7f6-8, L:/192.168.4.138:64683 - R:etims-api-sbx2.kra.go.ke/196.61.52.69:443] onStateChange(POST{uri=/etims-api/saveBhfInsurance, connection=PooledConnection{channel=[id: 0x8512f7f6, L:/192.168.4.138:64683 - R:etims-api-sbx2.kra.go.ke/196.61.52.69:443]}}, [response_received])
2026-01-22 16:15:26 DEBUG o.s.w.r.f.client.ExchangeFunctions [reactor-http-nio-2] - [6821273f] [8512f7f6-8, L:/192.168.4.138:64683 - R:etims-api-sbx2.kra.go.ke/196.61.52.69:443] Response 200 OK
2026-01-22 16:15:26 DEBUG reactor.netty.channel.FluxReceive [reactor-http-nio-2] - [8512f7f6-8, L:/192.168.4.138:64683 - R:etims-api-sbx2.kra.go.ke/196.61.52.69:443] [terminated=false, cancelled=false, pending=0, error=null]: subscribing inbound receiver
2026-01-22 16:15:26 DEBUG r.n.http.client.HttpClientOperations [reactor-http-nio-2] - [8512f7f6-8, L:/192.168.4.138:64683 - R:etims-api-sbx2.kra.go.ke/196.61.52.69:443] Received last HTTP packet
2026-01-22 16:15:26 DEBUG o.s.core.codec.StringDecoder [reactor-http-nio-2] - [6821273f] [8512f7f6-8, L:/192.168.4.138:64683 - R:etims-api-sbx2.kra.go.ke/196.61.52.69:443] Decoded "{"resultCd":"000","resultMsg":"Successful","resultDt":"20260122161525","data":null}"
2026-01-22 16:15:26 DEBUG r.n.r.DefaultPooledConnectionProvider [reactor-http-nio-2] - [8512f7f6, L:/192.168.4.138:64683 - R:etims-api-sbx2.kra.go.ke/196.61.52.69:443] onStateChange(POST{uri=/etims-api/saveBhfInsurance, connection=PooledConnection{channel=[id: 0x8512f7f6, L:/192.168.4.138:64683 - R:etims-api-sbx2.kra.go.ke/196.61.52.69:443]}}, [response_completed])
2026-01-22 16:15:26 DEBUG r.n.r.DefaultPooledConnectionProvider [reactor-http-nio-2] - [8512f7f6, L:/192.168.4.138:64683 - R:etims-api-sbx2.kra.go.ke/196.61.52.69:443] onStateChange(POST{uri=/etims-api/saveBhfInsurance, connection=PooledConnection{channel=[id: 0x8512f7f6, L:/192.168.4.138:64683 - R:etims-api-sbx2.kra.go.ke/196.61.52.69:443]}}, [disconnecting])
2026-01-22 16:15:26 DEBUG r.n.r.DefaultPooledConnectionProvider [reactor-http-nio-2] - [8512f7f6, L:/192.168.4.138:64683 - R:etims-api-sbx2.kra.go.ke/196.61.52.69:443] Releasing channel
2026-01-22 16:15:26 DEBUG r.n.r.PooledConnectionProvider [reactor-http-nio-2] - [8512f7f6, L:/192.168.4.138:64683 - R:etims-api-sbx2.kra.go.ke/196.61.52.69:443] Channel cleaned, now: 0 active connections, 1 inactive connections and 0 pending acquire requests.
2026-01-22 16:15:26 DEBUG o.s.w.s.m.m.a.RequestResponseBodyMethodProcessor [http-nio-8090-exec-3] - Using 'application/json', given [*/*] and supported [application/json, application/*+json]
2026-01-22 16:15:26 DEBUG o.s.w.s.m.m.a.RequestResponseBodyMethodProcessor [http-nio-8090-exec-3] - Writing [com.kra.vsdc.execute.model.BhfInsuranceSaveRes@1655b17c]
2026-01-22 16:15:26 DEBUG o.s.o.j.s.OpenEntityManagerInViewInterceptor [http-nio-8090-exec-3] - Closing JPA EntityManager in OpenEntityManagerInViewInterceptor
2026-01-22 16:15:26 DEBUG o.s.web.servlet.DispatcherServlet [http-nio-8090-exec-3] - Completed 200 OK
2026-01-22 16:15:27 INFO  c.k.v.execute.offline.ResendSchedule [vscu-thread-2] - Executing Resend Schedule
2026-01-22 16:15:30 INFO  c.k.v.execute.offline.ResendSchedule [vscu-thread-2] - Executing Resend Schedule
2026-01-22 16:15:31 DEBUG o.s.web.servlet.DispatcherServlet [http-nio-8090-exec-4] - POST "/imports/selectImportItems", parameters={}
2026-01-22 16:15:31 DEBUG o.s.w.s.m.m.a.RequestMappingHandlerMapping [http-nio-8090-exec-4] - Mapped to com.kra.vsdc.excute.ImportItemExcute#selectImportItemList(ImportItemReq)
2026-01-22 16:15:31 DEBUG o.s.o.j.s.OpenEntityManagerInViewInterceptor [http-nio-8090-exec-4] - Opening JPA EntityManager in OpenEntityManagerInViewInterceptor
2026-01-22 16:15:31 DEBUG o.s.w.s.m.m.a.RequestResponseBodyMethodProcessor [http-nio-8090-exec-4] - Read "application/json;charset=UTF-8" to [com.kra.vsdc.execute.model.ImportItemReq@25aac763]
2026-01-22 16:15:31 DEBUG o.apache.commons.beanutils.BeanUtils [http-nio-8090-exec-4] - BeanUtils.copyProperties(com.kra.vsdc.execute.model.ImportItemReqBody@4585382c, com.kra.vsdc.execute.model.ImportItemReq@25aac763)
2026-01-22 16:15:31 DEBUG o.a.c.b.converters.StringConverter [http-nio-8090-exec-4] - Converting 'String' value '20190524000000' to type 'String'
2026-01-22 16:15:31 DEBUG o.s.w.r.f.client.ExchangeFunctions [http-nio-8090-exec-4] - [19cfa888] HTTP POST https://etims-api-sbx2.kra.go.ke/etims-api/selectImportItemList
2026-01-22 16:15:31 DEBUG r.n.r.PooledConnectionProvider [reactor-http-nio-2] - [8512f7f6, L:/192.168.4.138:64683 - R:etims-api-sbx2.kra.go.ke/196.61.52.69:443] Channel acquired, now: 1 active connections, 0 inactive connections and 0 pending acquire requests.
2026-01-22 16:15:31 DEBUG r.n.http.client.HttpClientConnect [reactor-http-nio-2] - [8512f7f6-9, L:/192.168.4.138:64683 - R:etims-api-sbx2.kra.go.ke/196.61.52.69:443] Handler is being applied: {uri=https://etims-api-sbx2.kra.go.ke/etims-api/selectImportItemList, method=POST}
2026-01-22 16:15:31 DEBUG r.n.r.DefaultPooledConnectionProvider [reactor-http-nio-2] - [8512f7f6-9, L:/192.168.4.138:64683 - R:etims-api-sbx2.kra.go.ke/196.61.52.69:443] onStateChange(POST{uri=/etims-api/selectImportItemList, connection=PooledConnection{channel=[id: 0x8512f7f6, L:/192.168.4.138:64683 - R:etims-api-sbx2.kra.go.ke/196.61.52.69:443]}}, [request_prepared])
2026-01-22 16:15:31 DEBUG o.s.core.codec.CharSequenceEncoder [reactor-http-nio-2] - [19cfa888] Writing "{"lastReqDt":"20190524000000"}"
2026-01-22 16:15:31 DEBUG r.n.r.DefaultPooledConnectionProvider [reactor-http-nio-2] - [8512f7f6-9, L:/192.168.4.138:64683 - R:etims-api-sbx2.kra.go.ke/196.61.52.69:443] onStateChange(POST{uri=/etims-api/selectImportItemList, connection=PooledConnection{channel=[id: 0x8512f7f6, L:/192.168.4.138:64683 - R:etims-api-sbx2.kra.go.ke/196.61.52.69:443]}}, [request_sent])
2026-01-22 16:15:32 DEBUG r.n.http.client.HttpClientOperations [reactor-http-nio-2] - [8512f7f6-9, L:/192.168.4.138:64683 - R:etims-api-sbx2.kra.go.ke/196.61.52.69:443] Received response (auto-read:false) : RESPONSE(decodeResult: success, version: HTTP/1.1)
HTTP/1.1 200 
Set-Cookie: <filtered>
Content-Type: <filtered>
Transfer-Encoding: <filtered>
Date: <filtered>
2026-01-22 16:15:32 DEBUG r.n.r.DefaultPooledConnectionProvider [reactor-http-nio-2] - [8512f7f6-9, L:/192.168.4.138:64683 - R:etims-api-sbx2.kra.go.ke/196.61.52.69:443] onStateChange(POST{uri=/etims-api/selectImportItemList, connection=PooledConnection{channel=[id: 0x8512f7f6, L:/192.168.4.138:64683 - R:etims-api-sbx2.kra.go.ke/196.61.52.69:443]}}, [response_received])
2026-01-22 16:15:32 DEBUG o.s.w.r.f.client.ExchangeFunctions [reactor-http-nio-2] - [19cfa888] [8512f7f6-9, L:/192.168.4.138:64683 - R:etims-api-sbx2.kra.go.ke/196.61.52.69:443] Response 200 OK
2026-01-22 16:15:32 DEBUG reactor.netty.channel.FluxReceive [reactor-http-nio-2] - [8512f7f6-9, L:/192.168.4.138:64683 - R:etims-api-sbx2.kra.go.ke/196.61.52.69:443] [terminated=false, cancelled=false, pending=0, error=null]: subscribing inbound receiver
2026-01-22 16:15:32 DEBUG r.n.http.client.HttpClientOperations [reactor-http-nio-2] - [8512f7f6-9, L:/192.168.4.138:64683 - R:etims-api-sbx2.kra.go.ke/196.61.52.69:443] Received last HTTP packet
2026-01-22 16:15:32 DEBUG o.s.core.codec.StringDecoder [reactor-http-nio-2] - [19cfa888] [8512f7f6-9, L:/192.168.4.138:64683 - R:etims-api-sbx2.kra.go.ke/196.61.52.69:443] Decoded "{"resultCd":"000","resultMsg":"Successful","resultDt":"20260122161532","data":{"itemList":[{"taskCd" (truncated)..."
2026-01-22 16:15:32 DEBUG r.n.r.DefaultPooledConnectionProvider [reactor-http-nio-2] - [8512f7f6, L:/192.168.4.138:64683 - R:etims-api-sbx2.kra.go.ke/196.61.52.69:443] onStateChange(POST{uri=/etims-api/selectImportItemList, connection=PooledConnection{channel=[id: 0x8512f7f6, L:/192.168.4.138:64683 - R:etims-api-sbx2.kra.go.ke/196.61.52.69:443]}}, [response_completed])
2026-01-22 16:15:32 DEBUG r.n.r.DefaultPooledConnectionProvider [reactor-http-nio-2] - [8512f7f6, L:/192.168.4.138:64683 - R:etims-api-sbx2.kra.go.ke/196.61.52.69:443] onStateChange(POST{uri=/etims-api/selectImportItemList, connection=PooledConnection{channel=[id: 0x8512f7f6, L:/192.168.4.138:64683 - R:etims-api-sbx2.kra.go.ke/196.61.52.69:443]}}, [disconnecting])
2026-01-22 16:15:32 DEBUG r.n.r.DefaultPooledConnectionProvider [reactor-http-nio-2] - [8512f7f6, L:/192.168.4.138:64683 - R:etims-api-sbx2.kra.go.ke/196.61.52.69:443] Releasing channel
2026-01-22 16:15:32 DEBUG r.n.r.PooledConnectionProvider [reactor-http-nio-2] - [8512f7f6, L:/192.168.4.138:64683 - R:etims-api-sbx2.kra.go.ke/196.61.52.69:443] Channel cleaned, now: 0 active connections, 1 inactive connections and 0 pending acquire requests.
2026-01-22 16:15:32 DEBUG o.s.w.s.m.m.a.RequestResponseBodyMethodProcessor [http-nio-8090-exec-4] - Using 'application/json', given [*/*] and supported [application/json, application/*+json]
2026-01-22 16:15:32 DEBUG o.s.w.s.m.m.a.RequestResponseBodyMethodProcessor [http-nio-8090-exec-4] - Writing [com.kra.vsdc.execute.model.ImportItemRes@46973fd2]
2026-01-22 16:15:32 DEBUG o.s.o.j.s.OpenEntityManagerInViewInterceptor [http-nio-8090-exec-4] - Closing JPA EntityManager in OpenEntityManagerInViewInterceptor
2026-01-22 16:15:32 DEBUG o.s.web.servlet.DispatcherServlet [http-nio-8090-exec-4] - Completed 200 OK
2026-01-22 16:15:34 INFO  c.k.v.execute.offline.ResendSchedule [vscu-thread-2] - Executing Resend Schedule
2026-01-22 16:15:36 DEBUG o.s.web.servlet.DispatcherServlet [http-nio-8090-exec-5] - POST "/imports/updateImportItems", parameters={}
2026-01-22 16:15:36 DEBUG o.s.w.s.m.m.a.RequestMappingHandlerMapping [http-nio-8090-exec-5] - Mapped to com.kra.vsdc.excute.ImportItemExcute#updateImportItem(ImportItemUpdateReq)
2026-01-22 16:15:36 DEBUG o.s.o.j.s.OpenEntityManagerInViewInterceptor [http-nio-8090-exec-5] - Opening JPA EntityManager in OpenEntityManagerInViewInterceptor
2026-01-22 16:15:36 DEBUG o.s.w.s.m.m.a.RequestResponseBodyMethodProcessor [http-nio-8090-exec-5] - Read "application/json;charset=UTF-8" to [com.kra.vsdc.execute.model.ImportItemUpdateReq@6a87c20b]
2026-01-22 16:15:36 DEBUG o.apache.commons.beanutils.BeanUtils [http-nio-8090-exec-5] - BeanUtils.copyProperties(com.kra.vsdc.execute.model.ImportItemUpdateReqBody@29cf88c3, com.kra.vsdc.execute.model.ImportItemUpdateReq@6a87c20b)
2026-01-22 16:15:36 DEBUG o.a.c.b.converters.StringConverter [http-nio-8090-exec-5] - Converting 'String' value 'Admin' to type 'String'
2026-01-22 16:15:36 DEBUG o.a.c.b.converters.StringConverter [http-nio-8090-exec-5] - Converting 'String' value '20191217' to type 'String'
2026-01-22 16:15:36 DEBUG o.a.c.b.converters.StringConverter [http-nio-8090-exec-5] - Converting 'String' value 'Admin' to type 'String'
2026-01-22 16:15:36 DEBUG o.a.c.b.converters.StringConverter [http-nio-8090-exec-5] - Converting 'String' value '5022110801' to type 'String'
2026-01-22 16:15:36 DEBUG o.a.c.b.converters.StringConverter [http-nio-8090-exec-5] - Converting 'String' value 'remark' to type 'String'
2026-01-22 16:15:36 DEBUG o.a.c.b.converters.StringConverter [http-nio-8090-exec-5] - Converting 'String' value 'KE1NTXU0000001' to type 'String'
2026-01-22 16:15:36 DEBUG o.a.c.b.converters.IntegerConverter [http-nio-8090-exec-5] - Converting 'Integer' value '1' to type 'Integer'
2026-01-22 16:15:36 DEBUG o.a.c.b.converters.IntegerConverter [http-nio-8090-exec-5] -     No conversion required, value is already a Integer
2026-01-22 16:15:36 DEBUG o.a.c.b.converters.StringConverter [http-nio-8090-exec-5] - Converting 'String' value '2231943' to type 'String'
2026-01-22 16:15:36 DEBUG o.a.c.b.converters.StringConverter [http-nio-8090-exec-5] - Converting 'String' value '1' to type 'String'
2026-01-22 16:15:36 DEBUG o.a.c.b.converters.StringConverter [http-nio-8090-exec-5] - Converting 'String' value '1231531231' to type 'String'
2026-01-22 16:15:36 DEBUG o.s.w.r.f.client.ExchangeFunctions [http-nio-8090-exec-5] - [6acc1c71] HTTP POST https://etims-api-sbx2.kra.go.ke/etims-api/updateImportItem
2026-01-22 16:15:36 DEBUG r.n.r.PooledConnectionProvider [reactor-http-nio-2] - [8512f7f6, L:/192.168.4.138:64683 - R:etims-api-sbx2.kra.go.ke/196.61.52.69:443] Channel acquired, now: 1 active connections, 0 inactive connections and 0 pending acquire requests.
2026-01-22 16:15:36 DEBUG r.n.http.client.HttpClientConnect [reactor-http-nio-2] - [8512f7f6-10, L:/192.168.4.138:64683 - R:etims-api-sbx2.kra.go.ke/196.61.52.69:443] Handler is being applied: {uri=https://etims-api-sbx2.kra.go.ke/etims-api/updateImportItem, method=POST}
2026-01-22 16:15:36 DEBUG r.n.r.DefaultPooledConnectionProvider [reactor-http-nio-2] - [8512f7f6-10, L:/192.168.4.138:64683 - R:etims-api-sbx2.kra.go.ke/196.61.52.69:443] onStateChange(POST{uri=/etims-api/updateImportItem, connection=PooledConnection{channel=[id: 0x8512f7f6, L:/192.168.4.138:64683 - R:etims-api-sbx2.kra.go.ke/196.61.52.69:443]}}, [request_prepared])
2026-01-22 16:15:36 DEBUG o.s.core.codec.CharSequenceEncoder [reactor-http-nio-2] - [6acc1c71] Writing "{"taskCd":"2231943","dclDe":"20191217","itemSeq":1,"hsCd":"1231531231","itemClsCd":"5022110801","ite (truncated)..."
2026-01-22 16:15:36 DEBUG r.n.r.DefaultPooledConnectionProvider [reactor-http-nio-2] - [8512f7f6-10, L:/192.168.4.138:64683 - R:etims-api-sbx2.kra.go.ke/196.61.52.69:443] onStateChange(POST{uri=/etims-api/updateImportItem, connection=PooledConnection{channel=[id: 0x8512f7f6, L:/192.168.4.138:64683 - R:etims-api-sbx2.kra.go.ke/196.61.52.69:443]}}, [request_sent])
2026-01-22 16:15:37 INFO  c.k.v.execute.offline.ResendSchedule [vscu-thread-2] - Executing Resend Schedule
2026-01-22 16:15:37 DEBUG com.zaxxer.hikari.pool.HikariPool [HikariPool-1 housekeeper] - HikariPool-1 - Pool stats (total=20, active=0, idle=20, waiting=0)
2026-01-22 16:15:37 DEBUG com.zaxxer.hikari.pool.HikariPool [HikariPool-1 housekeeper] - HikariPool-1 - Fill pool skipped, pool has sufficient level or currently being filled (queueDepth=0).
2026-01-22 16:15:38 DEBUG r.n.http.client.HttpClientOperations [reactor-http-nio-2] - [8512f7f6-10, L:/192.168.4.138:64683 - R:etims-api-sbx2.kra.go.ke/196.61.52.69:443] Received response (auto-read:false) : RESPONSE(decodeResult: success, version: HTTP/1.1)
HTTP/1.1 200 
Set-Cookie: <filtered>
Content-Type: <filtered>
Transfer-Encoding: <filtered>
Date: <filtered>
2026-01-22 16:15:38 DEBUG r.n.r.DefaultPooledConnectionProvider [reactor-http-nio-2] - [8512f7f6-10, L:/192.168.4.138:64683 - R:etims-api-sbx2.kra.go.ke/196.61.52.69:443] onStateChange(POST{uri=/etims-api/updateImportItem, connection=PooledConnection{channel=[id: 0x8512f7f6, L:/192.168.4.138:64683 - R:etims-api-sbx2.kra.go.ke/196.61.52.69:443]}}, [response_received])
2026-01-22 16:15:38 DEBUG o.s.w.r.f.client.ExchangeFunctions [reactor-http-nio-2] - [6acc1c71] [8512f7f6-10, L:/192.168.4.138:64683 - R:etims-api-sbx2.kra.go.ke/196.61.52.69:443] Response 200 OK
2026-01-22 16:15:38 DEBUG reactor.netty.channel.FluxReceive [reactor-http-nio-2] - [8512f7f6-10, L:/192.168.4.138:64683 - R:etims-api-sbx2.kra.go.ke/196.61.52.69:443] [terminated=false, cancelled=false, pending=0, error=null]: subscribing inbound receiver
2026-01-22 16:15:38 DEBUG r.n.http.client.HttpClientOperations [reactor-http-nio-2] - [8512f7f6-10, L:/192.168.4.138:64683 - R:etims-api-sbx2.kra.go.ke/196.61.52.69:443] Received last HTTP packet
2026-01-22 16:15:38 DEBUG o.s.core.codec.StringDecoder [reactor-http-nio-2] - [6acc1c71] [8512f7f6-10, L:/192.168.4.138:64683 - R:etims-api-sbx2.kra.go.ke/196.61.52.69:443] Decoded "{"resultCd":"000","resultMsg":"Successful","resultDt":"20260122161538","data":null}"
2026-01-22 16:15:38 DEBUG r.n.r.DefaultPooledConnectionProvider [reactor-http-nio-2] - [8512f7f6, L:/192.168.4.138:64683 - R:etims-api-sbx2.kra.go.ke/196.61.52.69:443] onStateChange(POST{uri=/etims-api/updateImportItem, connection=PooledConnection{channel=[id: 0x8512f7f6, L:/192.168.4.138:64683 - R:etims-api-sbx2.kra.go.ke/196.61.52.69:443]}}, [response_completed])
2026-01-22 16:15:38 DEBUG r.n.r.DefaultPooledConnectionProvider [reactor-http-nio-2] - [8512f7f6, L:/192.168.4.138:64683 - R:etims-api-sbx2.kra.go.ke/196.61.52.69:443] onStateChange(POST{uri=/etims-api/updateImportItem, connection=PooledConnection{channel=[id: 0x8512f7f6, L:/192.168.4.138:64683 - R:etims-api-sbx2.kra.go.ke/196.61.52.69:443]}}, [disconnecting])
2026-01-22 16:15:38 DEBUG r.n.r.DefaultPooledConnectionProvider [reactor-http-nio-2] - [8512f7f6, L:/192.168.4.138:64683 - R:etims-api-sbx2.kra.go.ke/196.61.52.69:443] Releasing channel
2026-01-22 16:15:38 DEBUG r.n.r.PooledConnectionProvider [reactor-http-nio-2] - [8512f7f6, L:/192.168.4.138:64683 - R:etims-api-sbx2.kra.go.ke/196.61.52.69:443] Channel cleaned, now: 0 active connections, 1 inactive connections and 0 pending acquire requests.
2026-01-22 16:15:38 DEBUG o.s.w.s.m.m.a.RequestResponseBodyMethodProcessor [http-nio-8090-exec-5] - Using 'application/json', given [*/*] and supported [application/json, application/*+json]
2026-01-22 16:15:38 DEBUG o.s.w.s.m.m.a.RequestResponseBodyMethodProcessor [http-nio-8090-exec-5] - Writing [com.kra.vsdc.execute.model.ImportItemUpdateRes@1cb4130d]
2026-01-22 16:15:38 DEBUG o.s.o.j.s.OpenEntityManagerInViewInterceptor [http-nio-8090-exec-5] - Closing JPA EntityManager in OpenEntityManagerInViewInterceptor
2026-01-22 16:15:38 DEBUG o.s.web.servlet.DispatcherServlet [http-nio-8090-exec-5] - Completed 200 OK
2026-01-22 16:15:40 INFO  c.k.v.execute.offline.ResendSchedule [vscu-thread-2] - Executing Resend Schedule
2026-01-22 16:15:43 INFO  c.k.v.execute.offline.ResendSchedule [vscu-thread-2] - Executing Resend Schedule
2026-01-22 16:15:46 INFO  c.k.v.execute.offline.ResendSchedule [vscu-thread-1] - Executing Resend Schedule
2026-01-22 16:15:49 INFO  c.k.v.execute.offline.ResendSchedule [vscu-thread-1] - Executing Resend Schedule
2026-01-22 16:15:49 DEBUG o.s.web.servlet.DispatcherServlet [http-nio-8090-exec-7] - POST "/items/saveItems", parameters={}
2026-01-22 16:15:49 DEBUG o.s.w.s.m.m.a.RequestMappingHandlerMapping [http-nio-8090-exec-7] - Mapped to com.kra.vsdc.excute.ItemExcute#saveItem(ItemSaveReq)
2026-01-22 16:15:49 DEBUG o.s.o.j.s.OpenEntityManagerInViewInterceptor [http-nio-8090-exec-7] - Opening JPA EntityManager in OpenEntityManagerInViewInterceptor
2026-01-22 16:15:49 DEBUG o.s.w.s.m.m.a.RequestResponseBodyMethodProcessor [http-nio-8090-exec-7] - Read "application/json;charset=UTF-8" to [com.kra.vsdc.execute.model.ItemSaveReq@740437f]
2026-01-22 16:15:49 DEBUG o.apache.commons.beanutils.BeanUtils [http-nio-8090-exec-7] - BeanUtils.copyProperties(com.kra.vsdc.execute.model.ItemSaveReqBody@19256580, com.kra.vsdc.execute.model.ItemSaveReq@740437f)
2026-01-22 16:15:49 DEBUG o.a.c.b.converters.StringConverter [http-nio-8090-exec-7] - Converting 'String' value 'U' to type 'String'
2026-01-22 16:15:49 DEBUG o.a.c.b.converters.StringConverter [http-nio-8090-exec-7] - Converting 'String' value 'Admin' to type 'String'
2026-01-22 16:15:49 DEBUG o.a.c.b.converters.StringConverter [http-nio-8090-exec-7] - Converting 'String' value '5059690800' to type 'String'
2026-01-22 16:15:49 DEBUG o.a.c.b.converters.StringConverter [http-nio-8090-exec-7] - Converting 'String' value 'NT' to type 'String'
2026-01-22 16:15:49 DEBUG o.a.c.b.converters.StringConverter [http-nio-8090-exec-7] - Converting 'String' value 'B' to type 'String'
2026-01-22 16:15:49 DEBUG o.a.c.b.converters.StringConverter [http-nio-8090-exec-7] - Converting 'String' value 'test materialitem 3' to type 'String'
2026-01-22 16:15:49 DEBUG o.a.c.b.converters.StringConverter [http-nio-8090-exec-7] - Converting 'String' value 'Admin' to type 'String'
2026-01-22 16:15:49 DEBUG o.a.c.b.converters.StringConverter [http-nio-8090-exec-7] - Converting 'String' value '1' to type 'String'
2026-01-22 16:15:49 DEBUG o.a.c.b.converters.StringConverter [http-nio-8090-exec-7] - Converting 'String' value 'Y' to type 'String'
2026-01-22 16:15:49 DEBUG o.a.c.b.converters.StringConverter [http-nio-8090-exec-7] - Converting 'String' value 'N' to type 'String'
2026-01-22 16:15:49 DEBUG o.a.c.b.converters.StringConverter [http-nio-8090-exec-7] - Converting 'String' value 'Admin' to type 'String'
2026-01-22 16:15:49 DEBUG o.a.c.b.converters.StringConverter [http-nio-8090-exec-7] - Converting 'String' value 'KE1NTXU0000006' to type 'String'
2026-01-22 16:15:49 DEBUG o.a.c.b.converters.StringConverter [http-nio-8090-exec-7] - Converting 'String' value 'Admin' to type 'String'
2026-01-22 16:15:49 DEBUG o.a.c.b.c.BigDecimalConverter [http-nio-8090-exec-7] - Converting 'BigDecimal' value '3500' to type 'BigDecimal'
2026-01-22 16:15:49 DEBUG o.a.c.b.c.BigDecimalConverter [http-nio-8090-exec-7] -     No conversion required, value is already a BigDecimal
2026-01-22 16:15:49 DEBUG o.a.c.b.c.BigDecimalConverter [http-nio-8090-exec-7] - Converting 'BigDecimal' value '3500' to type 'BigDecimal'
2026-01-22 16:15:49 DEBUG o.a.c.b.c.BigDecimalConverter [http-nio-8090-exec-7] -     No conversion required, value is already a BigDecimal
2026-01-22 16:15:49 DEBUG o.a.c.b.c.BigDecimalConverter [http-nio-8090-exec-7] - Converting 'BigDecimal' value '3500' to type 'BigDecimal'
2026-01-22 16:15:49 DEBUG o.a.c.b.c.BigDecimalConverter [http-nio-8090-exec-7] -     No conversion required, value is already a BigDecimal
2026-01-22 16:15:49 DEBUG o.a.c.b.converters.StringConverter [http-nio-8090-exec-7] - Converting 'String' value 'KE' to type 'String'
2026-01-22 16:15:49 DEBUG o.a.c.b.c.BigDecimalConverter [http-nio-8090-exec-7] - Converting 'BigDecimal' value '3500' to type 'BigDecimal'
2026-01-22 16:15:49 DEBUG o.a.c.b.c.BigDecimalConverter [http-nio-8090-exec-7] -     No conversion required, value is already a BigDecimal
2026-01-22 16:15:49 DEBUG o.a.c.b.c.BigDecimalConverter [http-nio-8090-exec-7] - Converting 'BigDecimal' value '3500' to type 'BigDecimal'
2026-01-22 16:15:49 DEBUG o.a.c.b.c.BigDecimalConverter [http-nio-8090-exec-7] -     No conversion required, value is already a BigDecimal
2026-01-22 16:15:49 DEBUG o.s.w.r.f.client.ExchangeFunctions [http-nio-8090-exec-7] - [1610585c] HTTP POST https://etims-api-sbx2.kra.go.ke/etims-api/saveItem
2026-01-22 16:15:49 DEBUG r.n.r.PooledConnectionProvider [reactor-http-nio-2] - [8512f7f6, L:/192.168.4.138:64683 - R:etims-api-sbx2.kra.go.ke/196.61.52.69:443] Channel acquired, now: 1 active connections, 0 inactive connections and 0 pending acquire requests.
2026-01-22 16:15:49 DEBUG r.n.http.client.HttpClientConnect [reactor-http-nio-2] - [8512f7f6-11, L:/192.168.4.138:64683 - R:etims-api-sbx2.kra.go.ke/196.61.52.69:443] Handler is being applied: {uri=https://etims-api-sbx2.kra.go.ke/etims-api/saveItem, method=POST}
2026-01-22 16:15:49 DEBUG r.n.r.DefaultPooledConnectionProvider [reactor-http-nio-2] - [8512f7f6-11, L:/192.168.4.138:64683 - R:etims-api-sbx2.kra.go.ke/196.61.52.69:443] onStateChange(POST{uri=/etims-api/saveItem, connection=PooledConnection{channel=[id: 0x8512f7f6, L:/192.168.4.138:64683 - R:etims-api-sbx2.kra.go.ke/196.61.52.69:443]}}, [request_prepared])
2026-01-22 16:15:49 DEBUG o.s.core.codec.CharSequenceEncoder [reactor-http-nio-2] - [1610585c] Writing "{"itemCd":"KE1NTXU0000006","itemClsCd":"5059690800","itemTyCd":"1","itemNm":"test materialitem 3","i (truncated)..."
2026-01-22 16:15:49 DEBUG r.n.r.DefaultPooledConnectionProvider [reactor-http-nio-2] - [8512f7f6-11, L:/192.168.4.138:64683 - R:etims-api-sbx2.kra.go.ke/196.61.52.69:443] onStateChange(POST{uri=/etims-api/saveItem, connection=PooledConnection{channel=[id: 0x8512f7f6, L:/192.168.4.138:64683 - R:etims-api-sbx2.kra.go.ke/196.61.52.69:443]}}, [request_sent])
2026-01-22 16:15:49 DEBUG r.n.http.client.HttpClientOperations [reactor-http-nio-2] - [8512f7f6-11, L:/192.168.4.138:64683 - R:etims-api-sbx2.kra.go.ke/196.61.52.69:443] Received response (auto-read:false) : RESPONSE(decodeResult: success, version: HTTP/1.1)
HTTP/1.1 200 
Set-Cookie: <filtered>
Content-Type: <filtered>
Transfer-Encoding: <filtered>
Date: <filtered>
2026-01-22 16:15:49 DEBUG r.n.r.DefaultPooledConnectionProvider [reactor-http-nio-2] - [8512f7f6-11, L:/192.168.4.138:64683 - R:etims-api-sbx2.kra.go.ke/196.61.52.69:443] onStateChange(POST{uri=/etims-api/saveItem, connection=PooledConnection{channel=[id: 0x8512f7f6, L:/192.168.4.138:64683 - R:etims-api-sbx2.kra.go.ke/196.61.52.69:443]}}, [response_received])
2026-01-22 16:15:49 DEBUG o.s.w.r.f.client.ExchangeFunctions [reactor-http-nio-2] - [1610585c] [8512f7f6-11, L:/192.168.4.138:64683 - R:etims-api-sbx2.kra.go.ke/196.61.52.69:443] Response 200 OK
2026-01-22 16:15:49 DEBUG reactor.netty.channel.FluxReceive [reactor-http-nio-2] - [8512f7f6-11, L:/192.168.4.138:64683 - R:etims-api-sbx2.kra.go.ke/196.61.52.69:443] [terminated=false, cancelled=false, pending=0, error=null]: subscribing inbound receiver
2026-01-22 16:15:49 DEBUG r.n.http.client.HttpClientOperations [reactor-http-nio-2] - [8512f7f6-11, L:/192.168.4.138:64683 - R:etims-api-sbx2.kra.go.ke/196.61.52.69:443] Received last HTTP packet
2026-01-22 16:15:49 DEBUG o.s.core.codec.StringDecoder [reactor-http-nio-2] - [1610585c] [8512f7f6-11, L:/192.168.4.138:64683 - R:etims-api-sbx2.kra.go.ke/196.61.52.69:443] Decoded "{"resultCd":"000","resultMsg":"Successful","resultDt":"20260122161549","data":null}"
2026-01-22 16:15:49 DEBUG r.n.r.DefaultPooledConnectionProvider [reactor-http-nio-2] - [8512f7f6, L:/192.168.4.138:64683 - R:etims-api-sbx2.kra.go.ke/196.61.52.69:443] onStateChange(POST{uri=/etims-api/saveItem, connection=PooledConnection{channel=[id: 0x8512f7f6, L:/192.168.4.138:64683 - R:etims-api-sbx2.kra.go.ke/196.61.52.69:443]}}, [response_completed])
2026-01-22 16:15:49 DEBUG r.n.r.DefaultPooledConnectionProvider [reactor-http-nio-2] - [8512f7f6, L:/192.168.4.138:64683 - R:etims-api-sbx2.kra.go.ke/196.61.52.69:443] onStateChange(POST{uri=/etims-api/saveItem, connection=PooledConnection{channel=[id: 0x8512f7f6, L:/192.168.4.138:64683 - R:etims-api-sbx2.kra.go.ke/196.61.52.69:443]}}, [disconnecting])
2026-01-22 16:15:49 DEBUG r.n.r.DefaultPooledConnectionProvider [reactor-http-nio-2] - [8512f7f6, L:/192.168.4.138:64683 - R:etims-api-sbx2.kra.go.ke/196.61.52.69:443] Releasing channel
2026-01-22 16:15:49 DEBUG r.n.r.PooledConnectionProvider [reactor-http-nio-2] - [8512f7f6, L:/192.168.4.138:64683 - R:etims-api-sbx2.kra.go.ke/196.61.52.69:443] Channel cleaned, now: 0 active connections, 1 inactive connections and 0 pending acquire requests.
2026-01-22 16:15:49 DEBUG o.s.w.s.m.m.a.RequestResponseBodyMethodProcessor [http-nio-8090-exec-7] - Using 'application/json', given [*/*] and supported [application/json, application/*+json]
2026-01-22 16:15:49 DEBUG o.s.w.s.m.m.a.RequestResponseBodyMethodProcessor [http-nio-8090-exec-7] - Writing [com.kra.vsdc.execute.model.ItemSaveRes@6ab34252]
2026-01-22 16:15:49 DEBUG o.s.o.j.s.OpenEntityManagerInViewInterceptor [http-nio-8090-exec-7] - Closing JPA EntityManager in OpenEntityManagerInViewInterceptor
2026-01-22 16:15:49 DEBUG o.s.web.servlet.DispatcherServlet [http-nio-8090-exec-7] - Completed 200 OK
2026-01-22 16:15:52 INFO  c.k.v.execute.offline.ResendSchedule [vscu-thread-1] - Executing Resend Schedule
2026-01-22 16:15:54 DEBUG o.s.web.servlet.DispatcherServlet [http-nio-8090-exec-9] - POST "/items/selectItems", parameters={}
2026-01-22 16:15:54 DEBUG o.s.w.s.m.m.a.RequestMappingHandlerMapping [http-nio-8090-exec-9] - Mapped to com.kra.vsdc.excute.ItemExcute#selectItemList(ItemReq)
2026-01-22 16:15:54 DEBUG o.s.o.j.s.OpenEntityManagerInViewInterceptor [http-nio-8090-exec-9] - Opening JPA EntityManager in OpenEntityManagerInViewInterceptor
2026-01-22 16:15:54 DEBUG o.s.w.s.m.m.a.RequestResponseBodyMethodProcessor [http-nio-8090-exec-9] - Read "application/json;charset=UTF-8" to [com.kra.vsdc.execute.model.ItemReq@7ca34dfa]
2026-01-22 16:15:54 DEBUG o.apache.commons.beanutils.BeanUtils [http-nio-8090-exec-9] - BeanUtils.copyProperties(com.kra.vsdc.execute.model.ItemReqBody@6373debf, com.kra.vsdc.execute.model.ItemReq@7ca34dfa)
2026-01-22 16:15:54 DEBUG o.a.c.b.converters.StringConverter [http-nio-8090-exec-9] - Converting 'String' value '20160523000000' to type 'String'
2026-01-22 16:15:54 DEBUG o.s.w.r.f.client.ExchangeFunctions [http-nio-8090-exec-9] - [7bb10e3] HTTP POST https://etims-api-sbx2.kra.go.ke/etims-api/selectItemList
2026-01-22 16:15:54 DEBUG r.n.r.PooledConnectionProvider [reactor-http-nio-2] - [8512f7f6, L:/192.168.4.138:64683 - R:etims-api-sbx2.kra.go.ke/196.61.52.69:443] Channel acquired, now: 1 active connections, 0 inactive connections and 0 pending acquire requests.
2026-01-22 16:15:54 DEBUG r.n.http.client.HttpClientConnect [reactor-http-nio-2] - [8512f7f6-12, L:/192.168.4.138:64683 - R:etims-api-sbx2.kra.go.ke/196.61.52.69:443] Handler is being applied: {uri=https://etims-api-sbx2.kra.go.ke/etims-api/selectItemList, method=POST}
2026-01-22 16:15:54 DEBUG r.n.r.DefaultPooledConnectionProvider [reactor-http-nio-2] - [8512f7f6-12, L:/192.168.4.138:64683 - R:etims-api-sbx2.kra.go.ke/196.61.52.69:443] onStateChange(POST{uri=/etims-api/selectItemList, connection=PooledConnection{channel=[id: 0x8512f7f6, L:/192.168.4.138:64683 - R:etims-api-sbx2.kra.go.ke/196.61.52.69:443]}}, [request_prepared])
2026-01-22 16:15:54 DEBUG o.s.core.codec.CharSequenceEncoder [reactor-http-nio-2] - [7bb10e3] Writing "{"lastReqDt":"20160523000000"}"
2026-01-22 16:15:54 DEBUG r.n.r.DefaultPooledConnectionProvider [reactor-http-nio-2] - [8512f7f6-12, L:/192.168.4.138:64683 - R:etims-api-sbx2.kra.go.ke/196.61.52.69:443] onStateChange(POST{uri=/etims-api/selectItemList, connection=PooledConnection{channel=[id: 0x8512f7f6, L:/192.168.4.138:64683 - R:etims-api-sbx2.kra.go.ke/196.61.52.69:443]}}, [request_sent])
2026-01-22 16:15:54 DEBUG r.n.http.client.HttpClientOperations [reactor-http-nio-2] - [8512f7f6-12, L:/192.168.4.138:64683 - R:etims-api-sbx2.kra.go.ke/196.61.52.69:443] Received response (auto-read:false) : RESPONSE(decodeResult: success, version: HTTP/1.1)
HTTP/1.1 200 
Set-Cookie: <filtered>
Content-Type: <filtered>
Transfer-Encoding: <filtered>
Date: <filtered>
2026-01-22 16:15:54 DEBUG r.n.r.DefaultPooledConnectionProvider [reactor-http-nio-2] - [8512f7f6-12, L:/192.168.4.138:64683 - R:etims-api-sbx2.kra.go.ke/196.61.52.69:443] onStateChange(POST{uri=/etims-api/selectItemList, connection=PooledConnection{channel=[id: 0x8512f7f6, L:/192.168.4.138:64683 - R:etims-api-sbx2.kra.go.ke/196.61.52.69:443]}}, [response_received])
2026-01-22 16:15:54 DEBUG o.s.w.r.f.client.ExchangeFunctions [reactor-http-nio-2] - [7bb10e3] [8512f7f6-12, L:/192.168.4.138:64683 - R:etims-api-sbx2.kra.go.ke/196.61.52.69:443] Response 200 OK
2026-01-22 16:15:54 DEBUG reactor.netty.channel.FluxReceive [reactor-http-nio-2] - [8512f7f6-12, L:/192.168.4.138:64683 - R:etims-api-sbx2.kra.go.ke/196.61.52.69:443] [terminated=false, cancelled=false, pending=0, error=null]: subscribing inbound receiver
2026-01-22 16:15:54 DEBUG r.n.http.client.HttpClientOperations [reactor-http-nio-2] - [8512f7f6-12, L:/192.168.4.138:64683 - R:etims-api-sbx2.kra.go.ke/196.61.52.69:443] Received last HTTP packet
2026-01-22 16:15:54 DEBUG o.s.core.codec.StringDecoder [reactor-http-nio-2] - [7bb10e3] [8512f7f6-12, L:/192.168.4.138:64683 - R:etims-api-sbx2.kra.go.ke/196.61.52.69:443] Decoded "{"resultCd":"000","resultMsg":"Successful","resultDt":"20260122161554","data":{"itemList":[{"tin":"P (truncated)..."
2026-01-22 16:15:54 DEBUG r.n.r.DefaultPooledConnectionProvider [reactor-http-nio-2] - [8512f7f6, L:/192.168.4.138:64683 - R:etims-api-sbx2.kra.go.ke/196.61.52.69:443] onStateChange(POST{uri=/etims-api/selectItemList, connection=PooledConnection{channel=[id: 0x8512f7f6, L:/192.168.4.138:64683 - R:etims-api-sbx2.kra.go.ke/196.61.52.69:443]}}, [response_completed])
2026-01-22 16:15:54 DEBUG r.n.r.DefaultPooledConnectionProvider [reactor-http-nio-2] - [8512f7f6, L:/192.168.4.138:64683 - R:etims-api-sbx2.kra.go.ke/196.61.52.69:443] onStateChange(POST{uri=/etims-api/selectItemList, connection=PooledConnection{channel=[id: 0x8512f7f6, L:/192.168.4.138:64683 - R:etims-api-sbx2.kra.go.ke/196.61.52.69:443]}}, [disconnecting])
2026-01-22 16:15:54 DEBUG r.n.r.DefaultPooledConnectionProvider [reactor-http-nio-2] - [8512f7f6, L:/192.168.4.138:64683 - R:etims-api-sbx2.kra.go.ke/196.61.52.69:443] Releasing channel
2026-01-22 16:15:54 DEBUG r.n.r.PooledConnectionProvider [reactor-http-nio-2] - [8512f7f6, L:/192.168.4.138:64683 - R:etims-api-sbx2.kra.go.ke/196.61.52.69:443] Channel cleaned, now: 0 active connections, 1 inactive connections and 0 pending acquire requests.
2026-01-22 16:15:54 DEBUG o.s.w.s.m.m.a.RequestResponseBodyMethodProcessor [http-nio-8090-exec-9] - Using 'application/json', given [*/*] and supported [application/json, application/*+json]
2026-01-22 16:15:54 DEBUG o.s.w.s.m.m.a.RequestResponseBodyMethodProcessor [http-nio-8090-exec-9] - Writing [com.kra.vsdc.execute.model.ItemRes@7fe4c114]
2026-01-22 16:15:54 DEBUG o.s.o.j.s.OpenEntityManagerInViewInterceptor [http-nio-8090-exec-9] - Closing JPA EntityManager in OpenEntityManagerInViewInterceptor
2026-01-22 16:15:54 DEBUG o.s.web.servlet.DispatcherServlet [http-nio-8090-exec-9] - Completed 200 OK
2026-01-22 16:15:55 INFO  c.k.v.execute.offline.ResendSchedule [vscu-thread-1] - Executing Resend Schedule
2026-01-22 16:15:58 INFO  c.k.v.execute.offline.ResendSchedule [vscu-thread-1] - Executing Resend Schedule
2026-01-22 16:15:59 DEBUG o.s.web.servlet.DispatcherServlet [http-nio-8090-exec-10] - POST "/items/saveItemComposition", parameters={}
2026-01-22 16:15:59 DEBUG o.s.w.s.m.m.a.RequestMappingHandlerMapping [http-nio-8090-exec-10] - Mapped to com.kra.vsdc.excute.ItemExcute#saveItemComposition(ItemCompositionSaveReq)
2026-01-22 16:15:59 DEBUG o.s.o.j.s.OpenEntityManagerInViewInterceptor [http-nio-8090-exec-10] - Opening JPA EntityManager in OpenEntityManagerInViewInterceptor
2026-01-22 16:15:59 DEBUG o.s.w.s.m.m.a.RequestResponseBodyMethodProcessor [http-nio-8090-exec-10] - Read "application/json;charset=UTF-8" to [com.kra.vsdc.execute.model.ItemCompositionSaveReq@4fcc5306]
2026-01-22 16:15:59 DEBUG o.apache.commons.beanutils.BeanUtils [http-nio-8090-exec-10] - BeanUtils.copyProperties(com.kra.vsdc.execute.model.ItemCompositionSaveReqBody@52baf574, com.kra.vsdc.execute.model.ItemCompositionSaveReq@4fcc5306)
2026-01-22 16:15:59 DEBUG o.a.c.b.converters.StringConverter [http-nio-8090-exec-10] - Converting 'String' value 'Admin' to type 'String'
2026-01-22 16:15:59 DEBUG o.a.c.b.converters.StringConverter [http-nio-8090-exec-10] - Converting 'String' value 'Admin' to type 'String'
2026-01-22 16:15:59 DEBUG o.a.c.b.converters.StringConverter [http-nio-8090-exec-10] - Converting 'String' value 'ITM001' to type 'String'
2026-01-22 16:15:59 DEBUG o.a.c.b.c.BigDecimalConverter [http-nio-8090-exec-10] - Converting 'BigDecimal' value '10' to type 'BigDecimal'
2026-01-22 16:15:59 DEBUG o.a.c.b.c.BigDecimalConverter [http-nio-8090-exec-10] -     No conversion required, value is already a BigDecimal
2026-01-22 16:15:59 DEBUG o.a.c.b.converters.StringConverter [http-nio-8090-exec-10] - Converting 'String' value 'KE1NTXU0000006' to type 'String'
2026-01-22 16:15:59 DEBUG o.s.w.r.f.client.ExchangeFunctions [http-nio-8090-exec-10] - [b9f9c81] HTTP POST https://etims-api-sbx2.kra.go.ke/etims-api/saveItemComposition
2026-01-22 16:15:59 DEBUG r.n.r.PooledConnectionProvider [reactor-http-nio-2] - [8512f7f6, L:/192.168.4.138:64683 - R:etims-api-sbx2.kra.go.ke/196.61.52.69:443] Channel acquired, now: 1 active connections, 0 inactive connections and 0 pending acquire requests.
2026-01-22 16:15:59 DEBUG r.n.http.client.HttpClientConnect [reactor-http-nio-2] - [8512f7f6-13, L:/192.168.4.138:64683 - R:etims-api-sbx2.kra.go.ke/196.61.52.69:443] Handler is being applied: {uri=https://etims-api-sbx2.kra.go.ke/etims-api/saveItemComposition, method=POST}
2026-01-22 16:15:59 DEBUG r.n.r.DefaultPooledConnectionProvider [reactor-http-nio-2] - [8512f7f6-13, L:/192.168.4.138:64683 - R:etims-api-sbx2.kra.go.ke/196.61.52.69:443] onStateChange(POST{uri=/etims-api/saveItemComposition, connection=PooledConnection{channel=[id: 0x8512f7f6, L:/192.168.4.138:64683 - R:etims-api-sbx2.kra.go.ke/196.61.52.69:443]}}, [request_prepared])
2026-01-22 16:15:59 DEBUG o.s.core.codec.CharSequenceEncoder [reactor-http-nio-2] - [b9f9c81] Writing "{"itemCd":"KE1NTXU0000006","cpstItemCd":"ITM001","cpstQty":10,"regrId":"Admin","regrNm":"Admin"}"
2026-01-22 16:15:59 DEBUG r.n.r.DefaultPooledConnectionProvider [reactor-http-nio-2] - [8512f7f6-13, L:/192.168.4.138:64683 - R:etims-api-sbx2.kra.go.ke/196.61.52.69:443] onStateChange(POST{uri=/etims-api/saveItemComposition, connection=PooledConnection{channel=[id: 0x8512f7f6, L:/192.168.4.138:64683 - R:etims-api-sbx2.kra.go.ke/196.61.52.69:443]}}, [request_sent])
2026-01-22 16:16:01 INFO  c.k.v.execute.offline.ResendSchedule [vscu-thread-1] - Executing Resend Schedule
2026-01-22 16:16:02 DEBUG r.n.http.client.HttpClientOperations [reactor-http-nio-2] - [8512f7f6-13, L:/192.168.4.138:64683 - R:etims-api-sbx2.kra.go.ke/196.61.52.69:443] Received response (auto-read:false) : RESPONSE(decodeResult: success, version: HTTP/1.1)
HTTP/1.1 200 
Set-Cookie: <filtered>
Content-Type: <filtered>
Transfer-Encoding: <filtered>
Date: <filtered>
2026-01-22 16:16:02 DEBUG r.n.r.DefaultPooledConnectionProvider [reactor-http-nio-2] - [8512f7f6-13, L:/192.168.4.138:64683 - R:etims-api-sbx2.kra.go.ke/196.61.52.69:443] onStateChange(POST{uri=/etims-api/saveItemComposition, connection=PooledConnection{channel=[id: 0x8512f7f6, L:/192.168.4.138:64683 - R:etims-api-sbx2.kra.go.ke/196.61.52.69:443]}}, [response_received])
2026-01-22 16:16:02 DEBUG o.s.w.r.f.client.ExchangeFunctions [reactor-http-nio-2] - [b9f9c81] [8512f7f6-13, L:/192.168.4.138:64683 - R:etims-api-sbx2.kra.go.ke/196.61.52.69:443] Response 200 OK
2026-01-22 16:16:02 DEBUG reactor.netty.channel.FluxReceive [reactor-http-nio-2] - [8512f7f6-13, L:/192.168.4.138:64683 - R:etims-api-sbx2.kra.go.ke/196.61.52.69:443] [terminated=false, cancelled=false, pending=0, error=null]: subscribing inbound receiver
2026-01-22 16:16:02 DEBUG r.n.http.client.HttpClientOperations [reactor-http-nio-2] - [8512f7f6-13, L:/192.168.4.138:64683 - R:etims-api-sbx2.kra.go.ke/196.61.52.69:443] Received last HTTP packet
2026-01-22 16:16:02 DEBUG o.s.core.codec.StringDecoder [reactor-http-nio-2] - [b9f9c81] [8512f7f6-13, L:/192.168.4.138:64683 - R:etims-api-sbx2.kra.go.ke/196.61.52.69:443] Decoded "{"resultCd":"000","resultMsg":"Successful","resultDt":"20260122161559","data":null}"
2026-01-22 16:16:02 DEBUG r.n.r.DefaultPooledConnectionProvider [reactor-http-nio-2] - [8512f7f6, L:/192.168.4.138:64683 - R:etims-api-sbx2.kra.go.ke/196.61.52.69:443] onStateChange(POST{uri=/etims-api/saveItemComposition, connection=PooledConnection{channel=[id: 0x8512f7f6, L:/192.168.4.138:64683 - R:etims-api-sbx2.kra.go.ke/196.61.52.69:443]}}, [response_completed])
2026-01-22 16:16:02 DEBUG r.n.r.DefaultPooledConnectionProvider [reactor-http-nio-2] - [8512f7f6, L:/192.168.4.138:64683 - R:etims-api-sbx2.kra.go.ke/196.61.52.69:443] onStateChange(POST{uri=/etims-api/saveItemComposition, connection=PooledConnection{channel=[id: 0x8512f7f6, L:/192.168.4.138:64683 - R:etims-api-sbx2.kra.go.ke/196.61.52.69:443]}}, [disconnecting])
2026-01-22 16:16:02 DEBUG r.n.r.DefaultPooledConnectionProvider [reactor-http-nio-2] - [8512f7f6, L:/192.168.4.138:64683 - R:etims-api-sbx2.kra.go.ke/196.61.52.69:443] Releasing channel
2026-01-22 16:16:02 DEBUG r.n.r.PooledConnectionProvider [reactor-http-nio-2] - [8512f7f6, L:/192.168.4.138:64683 - R:etims-api-sbx2.kra.go.ke/196.61.52.69:443] Channel cleaned, now: 0 active connections, 1 inactive connections and 0 pending acquire requests.
2026-01-22 16:16:02 DEBUG o.s.w.s.m.m.a.RequestResponseBodyMethodProcessor [http-nio-8090-exec-10] - Using 'application/json', given [*/*] and supported [application/json, application/*+json]
2026-01-22 16:16:02 DEBUG o.s.w.s.m.m.a.RequestResponseBodyMethodProcessor [http-nio-8090-exec-10] - Writing [com.kra.vsdc.execute.model.ItemCompositionSaveRes@395b7c0]
2026-01-22 16:16:02 DEBUG o.s.o.j.s.OpenEntityManagerInViewInterceptor [http-nio-8090-exec-10] - Closing JPA EntityManager in OpenEntityManagerInViewInterceptor
2026-01-22 16:16:02 DEBUG o.s.web.servlet.DispatcherServlet [http-nio-8090-exec-10] - Completed 200 OK
2026-01-22 16:16:04 INFO  c.k.v.execute.offline.ResendSchedule [vscu-thread-1] - Executing Resend Schedule
2026-01-22 16:16:07 INFO  c.k.v.execute.offline.ResendSchedule [vscu-thread-1] - Executing Resend Schedule
2026-01-22 16:16:07 DEBUG com.zaxxer.hikari.pool.HikariPool [HikariPool-1 housekeeper] - HikariPool-1 - Pool stats (total=20, active=0, idle=20, waiting=0)
2026-01-22 16:16:07 DEBUG com.zaxxer.hikari.pool.HikariPool [HikariPool-1 housekeeper] - HikariPool-1 - Fill pool skipped, pool has sufficient level or currently being filled (queueDepth=0).
2026-01-22 16:16:10 INFO  c.k.v.execute.offline.ResendSchedule [vscu-thread-1] - Executing Resend Schedule
2026-01-22 16:16:11 DEBUG o.s.web.servlet.DispatcherServlet [http-nio-8090-exec-1] - POST "/trnsPurchase/selectTrnsPurchaseSales", parameters={}
2026-01-22 16:16:11 DEBUG o.s.w.s.m.m.a.RequestMappingHandlerMapping [http-nio-8090-exec-1] - Mapped to com.kra.vsdc.excute.TrnsPurchaseExcute#selectTrnsPurchaseSalesList(TrnsPurchaseSalesReq)
2026-01-22 16:16:11 DEBUG o.s.o.j.s.OpenEntityManagerInViewInterceptor [http-nio-8090-exec-1] - Opening JPA EntityManager in OpenEntityManagerInViewInterceptor
2026-01-22 16:16:11 DEBUG o.s.w.s.m.m.a.RequestResponseBodyMethodProcessor [http-nio-8090-exec-1] - Read "application/json;charset=UTF-8" to [com.kra.vsdc.execute.model.TrnsPurchaseSalesReq@6256d5f6]
2026-01-22 16:16:11 DEBUG o.apache.commons.beanutils.BeanUtils [http-nio-8090-exec-1] - BeanUtils.copyProperties(com.kra.vsdc.execute.model.TrnsPurchaseSalesReqBody@6585fca5, com.kra.vsdc.execute.model.TrnsPurchaseSalesReq@6256d5f6)
2026-01-22 16:16:11 DEBUG o.a.c.b.converters.StringConverter [http-nio-8090-exec-1] - Converting 'String' value '20190524000000' to type 'String'
2026-01-22 16:16:11 DEBUG o.s.w.r.f.client.ExchangeFunctions [http-nio-8090-exec-1] - [77ebfa00] HTTP POST https://etims-api-sbx2.kra.go.ke/etims-api/selectTrnsPurchaseSalesList
2026-01-22 16:16:11 DEBUG r.n.r.PooledConnectionProvider [reactor-http-nio-2] - [8512f7f6, L:/192.168.4.138:64683 - R:etims-api-sbx2.kra.go.ke/196.61.52.69:443] Channel acquired, now: 1 active connections, 0 inactive connections and 0 pending acquire requests.
2026-01-22 16:16:11 DEBUG r.n.http.client.HttpClientConnect [reactor-http-nio-2] - [8512f7f6-14, L:/192.168.4.138:64683 - R:etims-api-sbx2.kra.go.ke/196.61.52.69:443] Handler is being applied: {uri=https://etims-api-sbx2.kra.go.ke/etims-api/selectTrnsPurchaseSalesList, method=POST}
2026-01-22 16:16:11 DEBUG r.n.r.DefaultPooledConnectionProvider [reactor-http-nio-2] - [8512f7f6-14, L:/192.168.4.138:64683 - R:etims-api-sbx2.kra.go.ke/196.61.52.69:443] onStateChange(POST{uri=/etims-api/selectTrnsPurchaseSalesList, connection=PooledConnection{channel=[id: 0x8512f7f6, L:/192.168.4.138:64683 - R:etims-api-sbx2.kra.go.ke/196.61.52.69:443]}}, [request_prepared])
2026-01-22 16:16:11 DEBUG o.s.core.codec.CharSequenceEncoder [reactor-http-nio-2] - [77ebfa00] Writing "{"lastReqDt":"20190524000000"}"
2026-01-22 16:16:11 DEBUG r.n.r.DefaultPooledConnectionProvider [reactor-http-nio-2] - [8512f7f6-14, L:/192.168.4.138:64683 - R:etims-api-sbx2.kra.go.ke/196.61.52.69:443] onStateChange(POST{uri=/etims-api/selectTrnsPurchaseSalesList, connection=PooledConnection{channel=[id: 0x8512f7f6, L:/192.168.4.138:64683 - R:etims-api-sbx2.kra.go.ke/196.61.52.69:443]}}, [request_sent])
2026-01-22 16:16:13 INFO  c.k.v.execute.offline.ResendSchedule [vscu-thread-1] - Executing Resend Schedule
2026-01-22 16:16:16 INFO  c.k.v.execute.offline.ResendSchedule [vscu-thread-2] - Executing Resend Schedule
2026-01-22 16:16:19 INFO  c.k.v.execute.offline.ResendSchedule [vscu-thread-2] - Executing Resend Schedule
2026-01-22 16:16:22 INFO  c.k.v.execute.offline.ResendSchedule [vscu-thread-2] - Executing Resend Schedule
2026-01-22 16:16:25 INFO  c.k.v.execute.offline.ResendSchedule [vscu-thread-2] - Executing Resend Schedule
2026-01-22 16:16:25 DEBUG r.n.http.client.HttpClientOperations [reactor-http-nio-2] - [8512f7f6-14, L:/192.168.4.138:64683 - R:etims-api-sbx2.kra.go.ke/196.61.52.69:443] Received response (auto-read:false) : RESPONSE(decodeResult: success, version: HTTP/1.1)
HTTP/1.1 200 
Set-Cookie: <filtered>
Content-Type: <filtered>
Transfer-Encoding: <filtered>
Date: <filtered>
2026-01-22 16:16:25 DEBUG r.n.r.DefaultPooledConnectionProvider [reactor-http-nio-2] - [8512f7f6-14, L:/192.168.4.138:64683 - R:etims-api-sbx2.kra.go.ke/196.61.52.69:443] onStateChange(POST{uri=/etims-api/selectTrnsPurchaseSalesList, connection=PooledConnection{channel=[id: 0x8512f7f6, L:/192.168.4.138:64683 - R:etims-api-sbx2.kra.go.ke/196.61.52.69:443]}}, [response_received])
2026-01-22 16:16:25 DEBUG o.s.w.r.f.client.ExchangeFunctions [reactor-http-nio-2] - [77ebfa00] [8512f7f6-14, L:/192.168.4.138:64683 - R:etims-api-sbx2.kra.go.ke/196.61.52.69:443] Response 200 OK
2026-01-22 16:16:25 DEBUG reactor.netty.channel.FluxReceive [reactor-http-nio-2] - [8512f7f6-14, L:/192.168.4.138:64683 - R:etims-api-sbx2.kra.go.ke/196.61.52.69:443] [terminated=false, cancelled=false, pending=0, error=null]: subscribing inbound receiver
2026-01-22 16:16:25 DEBUG r.n.http.client.HttpClientOperations [reactor-http-nio-2] - [8512f7f6-14, L:/192.168.4.138:64683 - R:etims-api-sbx2.kra.go.ke/196.61.52.69:443] Received last HTTP packet
2026-01-22 16:16:25 DEBUG o.s.core.codec.StringDecoder [reactor-http-nio-2] - [77ebfa00] [8512f7f6-14, L:/192.168.4.138:64683 - R:etims-api-sbx2.kra.go.ke/196.61.52.69:443] Decoded "{"resultCd":"000","resultMsg":"Successful","resultDt":"20260122161624","data":{"saleList":[{"spplrTi (truncated)..."
2026-01-22 16:16:25 DEBUG r.n.r.DefaultPooledConnectionProvider [reactor-http-nio-2] - [8512f7f6, L:/192.168.4.138:64683 - R:etims-api-sbx2.kra.go.ke/196.61.52.69:443] onStateChange(POST{uri=/etims-api/selectTrnsPurchaseSalesList, connection=PooledConnection{channel=[id: 0x8512f7f6, L:/192.168.4.138:64683 - R:etims-api-sbx2.kra.go.ke/196.61.52.69:443]}}, [response_completed])
2026-01-22 16:16:25 DEBUG r.n.r.DefaultPooledConnectionProvider [reactor-http-nio-2] - [8512f7f6, L:/192.168.4.138:64683 - R:etims-api-sbx2.kra.go.ke/196.61.52.69:443] onStateChange(POST{uri=/etims-api/selectTrnsPurchaseSalesList, connection=PooledConnection{channel=[id: 0x8512f7f6, L:/192.168.4.138:64683 - R:etims-api-sbx2.kra.go.ke/196.61.52.69:443]}}, [disconnecting])
2026-01-22 16:16:25 DEBUG r.n.r.DefaultPooledConnectionProvider [reactor-http-nio-2] - [8512f7f6, L:/192.168.4.138:64683 - R:etims-api-sbx2.kra.go.ke/196.61.52.69:443] Releasing channel
2026-01-22 16:16:25 DEBUG r.n.r.PooledConnectionProvider [reactor-http-nio-2] - [8512f7f6, L:/192.168.4.138:64683 - R:etims-api-sbx2.kra.go.ke/196.61.52.69:443] Channel cleaned, now: 0 active connections, 1 inactive connections and 0 pending acquire requests.
2026-01-22 16:16:25 DEBUG o.s.w.s.m.m.a.RequestResponseBodyMethodProcessor [http-nio-8090-exec-1] - Using 'application/json', given [*/*] and supported [application/json, application/*+json]
2026-01-22 16:16:25 DEBUG o.s.w.s.m.m.a.RequestResponseBodyMethodProcessor [http-nio-8090-exec-1] - Writing [com.kra.vsdc.execute.model.TrnsPurchaseSalesRes@59c0d90c]
2026-01-22 16:16:25 DEBUG o.s.o.j.s.OpenEntityManagerInViewInterceptor [http-nio-8090-exec-1] - Closing JPA EntityManager in OpenEntityManagerInViewInterceptor
2026-01-22 16:16:25 DEBUG o.s.web.servlet.DispatcherServlet [http-nio-8090-exec-1] - Completed 200 OK
2026-01-22 16:16:28 INFO  c.k.v.execute.offline.ResendSchedule [vscu-thread-2] - Executing Resend Schedule
2026-01-22 16:16:31 DEBUG o.s.web.servlet.DispatcherServlet [http-nio-8090-exec-2] - POST "/trnsPurchase/savePurchases", parameters={}
2026-01-22 16:16:31 DEBUG o.s.w.s.m.m.a.RequestMappingHandlerMapping [http-nio-8090-exec-2] - Mapped to com.kra.vsdc.excute.TrnsPurchaseExcute#saveTrnsPurchase(TrnsPurchaseSaveReq)
2026-01-22 16:16:31 DEBUG o.s.o.j.s.OpenEntityManagerInViewInterceptor [http-nio-8090-exec-2] - Opening JPA EntityManager in OpenEntityManagerInViewInterceptor
2026-01-22 16:16:31 DEBUG o.s.w.s.m.m.a.RequestResponseBodyMethodProcessor [http-nio-8090-exec-2] - Read "application/json;charset=UTF-8" to [com.kra.vsdc.execute.model.TrnsPurchaseSaveReq@3ac38d38]
2026-01-22 16:16:31 DEBUG o.apache.commons.beanutils.BeanUtils [http-nio-8090-exec-2] - BeanUtils.copyProperties(com.kra.vsdc.execute.model.TrnsPurchaseSaveReqBody@451f24ce, com.kra.vsdc.execute.model.TrnsPurchaseSaveReq@3ac38d38)
2026-01-22 16:16:31 DEBUG o.a.c.b.converters.LongConverter [http-nio-8090-exec-2] - Converting 'Long' value '3' to type 'Long'
2026-01-22 16:16:31 DEBUG o.a.c.b.converters.LongConverter [http-nio-8090-exec-2] -     No conversion required, value is already a Long
2026-01-22 16:16:31 DEBUG o.a.c.b.c.BigDecimalConverter [http-nio-8090-exec-2] - Converting 'BigDecimal' value '0' to type 'BigDecimal'
2026-01-22 16:16:31 DEBUG o.a.c.b.c.BigDecimalConverter [http-nio-8090-exec-2] -     No conversion required, value is already a BigDecimal
2026-01-22 16:16:31 DEBUG o.a.c.b.c.BigDecimalConverter [http-nio-8090-exec-2] - Converting 'BigDecimal' value '250000' to type 'BigDecimal'
2026-01-22 16:16:31 DEBUG o.a.c.b.c.BigDecimalConverter [http-nio-8090-exec-2] -     No conversion required, value is already a BigDecimal
2026-01-22 16:16:31 DEBUG o.a.c.b.converters.StringConverter [http-nio-8090-exec-2] - Converting 'String' value 'Admin' to type 'String'
2026-01-22 16:16:31 DEBUG o.a.c.b.converters.StringConverter [http-nio-8090-exec-2] - Converting 'String' value '02' to type 'String'
2026-01-22 16:16:31 DEBUG o.a.c.b.converters.StringConverter [http-nio-8090-exec-2] - Converting 'String' value 'M' to type 'String'
2026-01-22 16:16:31 DEBUG o.a.c.b.c.BigDecimalConverter [http-nio-8090-exec-2] - Converting 'BigDecimal' value '1890' to type 'BigDecimal'
2026-01-22 16:16:31 DEBUG o.a.c.b.c.BigDecimalConverter [http-nio-8090-exec-2] -     No conversion required, value is already a BigDecimal
2026-01-22 16:16:31 DEBUG o.a.c.b.converters.StringConverter [http-nio-8090-exec-2] - Converting 'String' value 'Admin' to type 'String'
2026-01-22 16:16:31 DEBUG o.a.c.b.c.BigDecimalConverter [http-nio-8090-exec-2] - Converting 'BigDecimal' value '0' to type 'BigDecimal'
2026-01-22 16:16:31 DEBUG o.a.c.b.c.BigDecimalConverter [http-nio-8090-exec-2] -     No conversion required, value is already a BigDecimal
2026-01-22 16:16:31 DEBUG o.a.c.b.c.BigDecimalConverter [http-nio-8090-exec-2] - Converting 'BigDecimal' value '0' to type 'BigDecimal'
2026-01-22 16:16:31 DEBUG o.a.c.b.c.BigDecimalConverter [http-nio-8090-exec-2] -     No conversion required, value is already a BigDecimal
2026-01-22 16:16:31 DEBUG o.a.c.b.c.BigDecimalConverter [http-nio-8090-exec-2] - Converting 'BigDecimal' value '0' to type 'BigDecimal'
2026-01-22 16:16:31 DEBUG o.a.c.b.c.BigDecimalConverter [http-nio-8090-exec-2] -     No conversion required, value is already a BigDecimal
2026-01-22 16:16:31 DEBUG o.a.c.b.c.BigDecimalConverter [http-nio-8090-exec-2] - Converting 'BigDecimal' value '18' to type 'BigDecimal'
2026-01-22 16:16:31 DEBUG o.a.c.b.c.BigDecimalConverter [http-nio-8090-exec-2] -     No conversion required, value is already a BigDecimal
2026-01-22 16:16:31 DEBUG o.a.c.b.converters.StringConverter [http-nio-8090-exec-2] - Converting 'String' value '' to type 'String'
2026-01-22 16:16:31 DEBUG o.a.c.b.c.BigDecimalConverter [http-nio-8090-exec-2] - Converting 'BigDecimal' value '94576' to type 'BigDecimal'
2026-01-22 16:16:31 DEBUG o.a.c.b.c.BigDecimalConverter [http-nio-8090-exec-2] -     No conversion required, value is already a BigDecimal
2026-01-22 16:16:31 DEBUG o.a.c.b.c.BigDecimalConverter [http-nio-8090-exec-2] - Converting 'BigDecimal' value '0' to type 'BigDecimal'
2026-01-22 16:16:31 DEBUG o.a.c.b.c.BigDecimalConverter [http-nio-8090-exec-2] -     No conversion required, value is already a BigDecimal
2026-01-22 16:16:31 DEBUG o.a.c.b.c.BigDecimalConverter [http-nio-8090-exec-2] - Converting 'BigDecimal' value '0' to type 'BigDecimal'
2026-01-22 16:16:31 DEBUG o.a.c.b.c.BigDecimalConverter [http-nio-8090-exec-2] -     No conversion required, value is already a BigDecimal
2026-01-22 16:16:31 DEBUG o.a.c.b.c.BigDecimalConverter [http-nio-8090-exec-2] - Converting 'BigDecimal' value '0' to type 'BigDecimal'
2026-01-22 16:16:31 DEBUG o.a.c.b.c.BigDecimalConverter [http-nio-8090-exec-2] -     No conversion required, value is already a BigDecimal
2026-01-22 16:16:31 DEBUG o.a.c.b.c.BigDecimalConverter [http-nio-8090-exec-2] - Converting 'BigDecimal' value '0' to type 'BigDecimal'
2026-01-22 16:16:31 DEBUG o.a.c.b.c.BigDecimalConverter [http-nio-8090-exec-2] -     No conversion required, value is already a BigDecimal
2026-01-22 16:16:31 DEBUG o.a.c.b.c.BigDecimalConverter [http-nio-8090-exec-2] - Converting 'BigDecimal' value '0' to type 'BigDecimal'
2026-01-22 16:16:31 DEBUG o.a.c.b.c.BigDecimalConverter [http-nio-8090-exec-2] -     No conversion required, value is already a BigDecimal
2026-01-22 16:16:31 DEBUG o.a.c.b.c.BigDecimalConverter [http-nio-8090-exec-2] - Converting 'BigDecimal' value '0' to type 'BigDecimal'
2026-01-22 16:16:31 DEBUG o.a.c.b.c.BigDecimalConverter [http-nio-8090-exec-2] -     No conversion required, value is already a BigDecimal
2026-01-22 16:16:31 DEBUG o.a.c.b.converters.LongConverter [http-nio-8090-exec-2] - Converting 'Long' value '0' to type 'Long'
2026-01-22 16:16:31 DEBUG o.a.c.b.converters.LongConverter [http-nio-8090-exec-2] -     No conversion required, value is already a Long
2026-01-22 16:16:31 DEBUG o.a.c.b.c.BigDecimalConverter [http-nio-8090-exec-2] - Converting 'BigDecimal' value '0' to type 'BigDecimal'
2026-01-22 16:16:31 DEBUG o.a.c.b.c.BigDecimalConverter [http-nio-8090-exec-2] -     No conversion required, value is already a BigDecimal
2026-01-22 16:16:31 DEBUG o.a.c.b.c.BigDecimalConverter [http-nio-8090-exec-2] - Converting 'BigDecimal' value '0' to type 'BigDecimal'
2026-01-22 16:16:31 DEBUG o.a.c.b.c.BigDecimalConverter [http-nio-8090-exec-2] -     No conversion required, value is already a BigDecimal
2026-01-22 16:16:31 DEBUG o.a.c.b.converters.StringConverter [http-nio-8090-exec-2] - Converting 'String' value '' to type 'String'
2026-01-22 16:16:31 DEBUG o.a.c.b.converters.StringConverter [http-nio-8090-exec-2] - Converting 'String' value 'Admin' to type 'String'
2026-01-22 16:16:31 DEBUG o.a.c.b.converters.StringConverter [http-nio-8090-exec-2] - Converting 'String' value 'P' to type 'String'
2026-01-22 16:16:31 DEBUG o.a.c.b.converters.StringConverter [http-nio-8090-exec-2] - Converting 'String' value '' to type 'String'
2026-01-22 16:16:31 DEBUG o.a.c.b.converters.StringConverter [http-nio-8090-exec-2] - Converting 'String' value 'N' to type 'String'
2026-01-22 16:16:31 DEBUG o.a.c.b.converters.StringConverter [http-nio-8090-exec-2] - Converting 'String' value '' to type 'String'
2026-01-22 16:16:31 DEBUG o.a.c.b.c.BigDecimalConverter [http-nio-8090-exec-2] - Converting 'BigDecimal' value '10500' to type 'BigDecimal'
2026-01-22 16:16:31 DEBUG o.a.c.b.c.BigDecimalConverter [http-nio-8090-exec-2] -     No conversion required, value is already a BigDecimal
2026-01-22 16:16:31 DEBUG o.a.c.b.converters.IntegerConverter [http-nio-8090-exec-2] - Converting 'Integer' value '2' to type 'Integer'
2026-01-22 16:16:31 DEBUG o.a.c.b.converters.IntegerConverter [http-nio-8090-exec-2] -     No conversion required, value is already a Integer
2026-01-22 16:16:31 DEBUG o.a.c.b.converters.StringConverter [http-nio-8090-exec-2] - Converting 'String' value '20200127' to type 'String'
2026-01-22 16:16:31 DEBUG o.a.c.b.converters.StringConverter [http-nio-8090-exec-2] - Converting 'String' value 'Admin' to type 'String'
2026-01-22 16:16:31 DEBUG o.a.c.b.converters.StringConverter [http-nio-8090-exec-2] - Converting 'String' value '20200127210300' to type 'String'
2026-01-22 16:16:31 DEBUG o.a.c.b.converters.StringConverter [http-nio-8090-exec-2] - Converting 'String' value '01' to type 'String'
2026-01-22 16:16:31 DEBUG o.a.c.b.c.BigDecimalConverter [http-nio-8090-exec-2] - Converting 'BigDecimal' value '10500' to type 'BigDecimal'
2026-01-22 16:16:31 DEBUG o.a.c.b.c.BigDecimalConverter [http-nio-8090-exec-2] -     No conversion required, value is already a BigDecimal
2026-01-22 16:16:31 DEBUG o.s.w.r.f.client.ExchangeFunctions [http-nio-8090-exec-2] - [6b26ef95] HTTP POST https://etims-api-sbx2.kra.go.ke/etims-api/insertTrnsPurchase
2026-01-22 16:16:31 DEBUG r.n.r.PooledConnectionProvider [reactor-http-nio-2] - [8512f7f6, L:/192.168.4.138:64683 - R:etims-api-sbx2.kra.go.ke/196.61.52.69:443] Channel acquired, now: 1 active connections, 0 inactive connections and 0 pending acquire requests.
2026-01-22 16:16:31 DEBUG r.n.http.client.HttpClientConnect [reactor-http-nio-2] - [8512f7f6-15, L:/192.168.4.138:64683 - R:etims-api-sbx2.kra.go.ke/196.61.52.69:443] Handler is being applied: {uri=https://etims-api-sbx2.kra.go.ke/etims-api/insertTrnsPurchase, method=POST}
2026-01-22 16:16:31 DEBUG r.n.r.DefaultPooledConnectionProvider [reactor-http-nio-2] - [8512f7f6-15, L:/192.168.4.138:64683 - R:etims-api-sbx2.kra.go.ke/196.61.52.69:443] onStateChange(POST{uri=/etims-api/insertTrnsPurchase, connection=PooledConnection{channel=[id: 0x8512f7f6, L:/192.168.4.138:64683 - R:etims-api-sbx2.kra.go.ke/196.61.52.69:443]}}, [request_prepared])
2026-01-22 16:16:31 DEBUG o.s.core.codec.CharSequenceEncoder [reactor-http-nio-2] - [6b26ef95] Writing "{"invcNo":3,"orgInvcNo":0,"taxprNm":null,"spplrTin":null,"spplrBhfId":null,"spplrNm":null,"spplrInvc (truncated)..."
2026-01-22 16:16:31 DEBUG r.n.r.DefaultPooledConnectionProvider [reactor-http-nio-2] - [8512f7f6-15, L:/192.168.4.138:64683 - R:etims-api-sbx2.kra.go.ke/196.61.52.69:443] onStateChange(POST{uri=/etims-api/insertTrnsPurchase, connection=PooledConnection{channel=[id: 0x8512f7f6, L:/192.168.4.138:64683 - R:etims-api-sbx2.kra.go.ke/196.61.52.69:443]}}, [request_sent])
2026-01-22 16:16:31 INFO  c.k.v.execute.offline.ResendSchedule [vscu-thread-2] - Executing Resend Schedule
2026-01-22 16:16:32 DEBUG r.n.http.client.HttpClientOperations [reactor-http-nio-2] - [8512f7f6-15, L:/192.168.4.138:64683 - R:etims-api-sbx2.kra.go.ke/196.61.52.69:443] Received response (auto-read:false) : RESPONSE(decodeResult: success, version: HTTP/1.1)
HTTP/1.1 200 
Set-Cookie: <filtered>
Content-Type: <filtered>
Transfer-Encoding: <filtered>
Date: <filtered>
2026-01-22 16:16:32 DEBUG r.n.r.DefaultPooledConnectionProvider [reactor-http-nio-2] - [8512f7f6-15, L:/192.168.4.138:64683 - R:etims-api-sbx2.kra.go.ke/196.61.52.69:443] onStateChange(POST{uri=/etims-api/insertTrnsPurchase, connection=PooledConnection{channel=[id: 0x8512f7f6, L:/192.168.4.138:64683 - R:etims-api-sbx2.kra.go.ke/196.61.52.69:443]}}, [response_received])
2026-01-22 16:16:32 DEBUG o.s.w.r.f.client.ExchangeFunctions [reactor-http-nio-2] - [6b26ef95] [8512f7f6-15, L:/192.168.4.138:64683 - R:etims-api-sbx2.kra.go.ke/196.61.52.69:443] Response 200 OK
2026-01-22 16:16:32 DEBUG reactor.netty.channel.FluxReceive [reactor-http-nio-2] - [8512f7f6-15, L:/192.168.4.138:64683 - R:etims-api-sbx2.kra.go.ke/196.61.52.69:443] [terminated=false, cancelled=false, pending=0, error=null]: subscribing inbound receiver
2026-01-22 16:16:32 DEBUG r.n.http.client.HttpClientOperations [reactor-http-nio-2] - [8512f7f6-15, L:/192.168.4.138:64683 - R:etims-api-sbx2.kra.go.ke/196.61.52.69:443] Received last HTTP packet
2026-01-22 16:16:32 DEBUG o.s.core.codec.StringDecoder [reactor-http-nio-2] - [6b26ef95] [8512f7f6-15, L:/192.168.4.138:64683 - R:etims-api-sbx2.kra.go.ke/196.61.52.69:443] Decoded "{"resultCd":"000","resultMsg":"Successful","resultDt":"20260122161631","data":null}"
2026-01-22 16:16:32 DEBUG r.n.r.DefaultPooledConnectionProvider [reactor-http-nio-2] - [8512f7f6, L:/192.168.4.138:64683 - R:etims-api-sbx2.kra.go.ke/196.61.52.69:443] onStateChange(POST{uri=/etims-api/insertTrnsPurchase, connection=PooledConnection{channel=[id: 0x8512f7f6, L:/192.168.4.138:64683 - R:etims-api-sbx2.kra.go.ke/196.61.52.69:443]}}, [response_completed])
2026-01-22 16:16:32 DEBUG r.n.r.DefaultPooledConnectionProvider [reactor-http-nio-2] - [8512f7f6, L:/192.168.4.138:64683 - R:etims-api-sbx2.kra.go.ke/196.61.52.69:443] onStateChange(POST{uri=/etims-api/insertTrnsPurchase, connection=PooledConnection{channel=[id: 0x8512f7f6, L:/192.168.4.138:64683 - R:etims-api-sbx2.kra.go.ke/196.61.52.69:443]}}, [disconnecting])
2026-01-22 16:16:32 DEBUG r.n.r.DefaultPooledConnectionProvider [reactor-http-nio-2] - [8512f7f6, L:/192.168.4.138:64683 - R:etims-api-sbx2.kra.go.ke/196.61.52.69:443] Releasing channel
2026-01-22 16:16:32 DEBUG r.n.r.PooledConnectionProvider [reactor-http-nio-2] - [8512f7f6, L:/192.168.4.138:64683 - R:etims-api-sbx2.kra.go.ke/196.61.52.69:443] Channel cleaned, now: 0 active connections, 1 inactive connections and 0 pending acquire requests.
2026-01-22 16:16:32 DEBUG o.s.w.s.m.m.a.RequestResponseBodyMethodProcessor [http-nio-8090-exec-2] - Using 'application/json', given [*/*] and supported [application/json, application/*+json]
2026-01-22 16:16:32 DEBUG o.s.w.s.m.m.a.RequestResponseBodyMethodProcessor [http-nio-8090-exec-2] - Writing [com.kra.vsdc.execute.model.TrnsPurchaseSaveRes@5f9f535e]
2026-01-22 16:16:32 DEBUG o.s.o.j.s.OpenEntityManagerInViewInterceptor [http-nio-8090-exec-2] - Closing JPA EntityManager in OpenEntityManagerInViewInterceptor
2026-01-22 16:16:32 DEBUG o.s.web.servlet.DispatcherServlet [http-nio-8090-exec-2] - Completed 200 OK
2026-01-22 16:16:34 INFO  c.k.v.execute.offline.ResendSchedule [vscu-thread-2] - Executing Resend Schedule
2026-01-22 16:16:37 DEBUG com.zaxxer.hikari.pool.HikariPool [HikariPool-1 housekeeper] - HikariPool-1 - Pool stats (total=20, active=0, idle=20, waiting=0)
2026-01-22 16:16:37 DEBUG com.zaxxer.hikari.pool.HikariPool [HikariPool-1 housekeeper] - HikariPool-1 - Fill pool skipped, pool has sufficient level or currently being filled (queueDepth=0).
2026-01-22 16:16:37 INFO  c.k.v.execute.offline.ResendSchedule [vscu-thread-2] - Executing Resend Schedule
2026-01-22 16:16:40 INFO  c.k.v.execute.offline.ResendSchedule [vscu-thread-2] - Executing Resend Schedule
2026-01-22 16:16:40 DEBUG o.s.web.servlet.DispatcherServlet [http-nio-8090-exec-3] - POST "/trnsSales/saveSales", parameters={}
2026-01-22 16:16:40 DEBUG o.s.w.s.m.m.a.RequestMappingHandlerMapping [http-nio-8090-exec-3] - Mapped to com.kra.vsdc.excute.TrnsSalesExcute#saveTrnsSales(TrnsSalesSaveWrReq)
2026-01-22 16:16:40 DEBUG o.s.o.j.s.OpenEntityManagerInViewInterceptor [http-nio-8090-exec-3] - Opening JPA EntityManager in OpenEntityManagerInViewInterceptor
2026-01-22 16:16:40 DEBUG o.s.w.s.m.m.a.RequestResponseBodyMethodProcessor [http-nio-8090-exec-3] - Read "application/json;charset=UTF-8" to [TrnsSalesSaveWrReq(tin=P600002364A, bhfId=00, invcNo=19, orgInvcNo=70221000001268, custTin=, custNm= (truncated)...]
2026-01-22 16:16:40 INFO  com.kra.vsdc.excute.TrnsSalesExcute [http-nio-8090-exec-3] - stored inv no 1
2026-01-22 16:16:40 INFO  com.kra.vsdc.excute.TrnsSalesExcute [http-nio-8090-exec-3] - Your invoice number does not match the one expected by the system. The expected invoice number is: 1
2026-01-22 16:16:40 DEBUG o.s.w.s.m.m.a.RequestResponseBodyMethodProcessor [http-nio-8090-exec-3] - Using 'application/json', given [*/*] and supported [application/json, application/*+json]
2026-01-22 16:16:40 DEBUG o.s.w.s.m.m.a.RequestResponseBodyMethodProcessor [http-nio-8090-exec-3] - Writing [com.kra.vsdc.execute.model.TrnsSalesSaveWrRes@51b4e26d]
2026-01-22 16:16:40 DEBUG o.s.o.j.s.OpenEntityManagerInViewInterceptor [http-nio-8090-exec-3] - Closing JPA EntityManager in OpenEntityManagerInViewInterceptor
2026-01-22 16:16:40 DEBUG o.s.web.servlet.DispatcherServlet [http-nio-8090-exec-3] - Completed 200 OK
2026-01-22 16:16:43 INFO  c.k.v.execute.offline.ResendSchedule [vscu-thread-2] - Executing Resend Schedule
2026-01-22 16:16:49 INFO  c.k.v.execute.offline.ResendSchedule [vscu-thread-2] - Executing Resend Schedule
2026-01-22 16:16:51 INFO  c.kra.vsdc.manage.DataResendManager [ForkJoinPool.commonPool-worker-1] - START Processing: files in trnsSales
2026-01-22 16:16:51 INFO  c.k.v.execute.offline.ResendSchedule [pool-66-thread-2] - Resend operations started asynchronously.
2026-01-22 16:16:51 INFO  c.kra.vsdc.manage.DataResendManager [pool-67-thread-1] - Processing file P600002364A_00_19.json
2026-01-22 16:16:51 DEBUG o.s.w.r.f.client.ExchangeFunctions [pool-67-thread-1] - [3c70a202] HTTP POST https://etims-api-sbx2.kra.go.ke/etims-api/saveTrnsSalesVsdc
2026-01-22 16:16:51 DEBUG r.n.r.PooledConnectionProvider [reactor-http-nio-2] - [8512f7f6, L:/192.168.4.138:64683 - R:etims-api-sbx2.kra.go.ke/196.61.52.69:443] Channel acquired, now: 1 active connections, 0 inactive connections and 0 pending acquire requests.
2026-01-22 16:16:51 DEBUG r.n.http.client.HttpClientConnect [reactor-http-nio-2] - [8512f7f6-16, L:/192.168.4.138:64683 - R:etims-api-sbx2.kra.go.ke/196.61.52.69:443] Handler is being applied: {uri=https://etims-api-sbx2.kra.go.ke/etims-api/saveTrnsSalesVsdc, method=POST}
2026-01-22 16:16:51 DEBUG r.n.r.DefaultPooledConnectionProvider [reactor-http-nio-2] - [8512f7f6-16, L:/192.168.4.138:64683 - R:etims-api-sbx2.kra.go.ke/196.61.52.69:443] onStateChange(POST{uri=/etims-api/saveTrnsSalesVsdc, connection=PooledConnection{channel=[id: 0x8512f7f6, L:/192.168.4.138:64683 - R:etims-api-sbx2.kra.go.ke/196.61.52.69:443]}}, [request_prepared])
2026-01-22 16:16:51 DEBUG o.s.core.codec.CharSequenceEncoder [reactor-http-nio-2] - [3c70a202] Writing "{"invcNo":19,"orgInvcNo":70221000001268,"custNo":null,"custTin":"","custBhfId":null,"custNm":"","sal (truncated)..."
2026-01-22 16:16:51 DEBUG r.n.r.DefaultPooledConnectionProvider [reactor-http-nio-2] - [8512f7f6-16, L:/192.168.4.138:64683 - R:etims-api-sbx2.kra.go.ke/196.61.52.69:443] onStateChange(POST{uri=/etims-api/saveTrnsSalesVsdc, connection=PooledConnection{channel=[id: 0x8512f7f6, L:/192.168.4.138:64683 - R:etims-api-sbx2.kra.go.ke/196.61.52.69:443]}}, [request_sent])
2026-01-22 16:16:52 DEBUG o.s.web.servlet.DispatcherServlet [http-nio-8090-exec-6] - POST "/trnsSales/saveSales", parameters={}
2026-01-22 16:16:52 DEBUG o.s.w.s.m.m.a.RequestMappingHandlerMapping [http-nio-8090-exec-6] - Mapped to com.kra.vsdc.excute.TrnsSalesExcute#saveTrnsSales(TrnsSalesSaveWrReq)
2026-01-22 16:16:52 DEBUG o.s.o.j.s.OpenEntityManagerInViewInterceptor [http-nio-8090-exec-6] - Opening JPA EntityManager in OpenEntityManagerInViewInterceptor
2026-01-22 16:16:52 DEBUG o.s.w.s.m.m.a.RequestResponseBodyMethodProcessor [http-nio-8090-exec-6] - Read "application/json;charset=UTF-8" to [TrnsSalesSaveWrReq(tin=P600002364A, bhfId=00, invcNo=1, orgInvcNo=70221000001268, custTin=, custNm=, (truncated)...]
2026-01-22 16:16:52 DEBUG r.n.http.client.HttpClientOperations [reactor-http-nio-2] - [8512f7f6-16, L:/192.168.4.138:64683 - R:etims-api-sbx2.kra.go.ke/196.61.52.69:443] Received response (auto-read:false) : RESPONSE(decodeResult: success, version: HTTP/1.1)
HTTP/1.1 200 
Set-Cookie: <filtered>
Content-Type: <filtered>
Transfer-Encoding: <filtered>
Date: <filtered>
2026-01-22 16:16:52 DEBUG r.n.r.DefaultPooledConnectionProvider [reactor-http-nio-2] - [8512f7f6-16, L:/192.168.4.138:64683 - R:etims-api-sbx2.kra.go.ke/196.61.52.69:443] onStateChange(POST{uri=/etims-api/saveTrnsSalesVsdc, connection=PooledConnection{channel=[id: 0x8512f7f6, L:/192.168.4.138:64683 - R:etims-api-sbx2.kra.go.ke/196.61.52.69:443]}}, [response_received])
2026-01-22 16:16:52 DEBUG o.s.w.r.f.client.ExchangeFunctions [reactor-http-nio-2] - [3c70a202] [8512f7f6-16, L:/192.168.4.138:64683 - R:etims-api-sbx2.kra.go.ke/196.61.52.69:443] Response 200 OK
2026-01-22 16:16:52 DEBUG reactor.netty.channel.FluxReceive [reactor-http-nio-2] - [8512f7f6-16, L:/192.168.4.138:64683 - R:etims-api-sbx2.kra.go.ke/196.61.52.69:443] [terminated=false, cancelled=false, pending=0, error=null]: subscribing inbound receiver
2026-01-22 16:16:52 DEBUG r.n.http.client.HttpClientOperations [reactor-http-nio-2] - [8512f7f6-16, L:/192.168.4.138:64683 - R:etims-api-sbx2.kra.go.ke/196.61.52.69:443] Received last HTTP packet
2026-01-22 16:16:52 DEBUG o.s.core.codec.StringDecoder [reactor-http-nio-2] - [3c70a202] [8512f7f6-16, L:/192.168.4.138:64683 - R:etims-api-sbx2.kra.go.ke/196.61.52.69:443] Decoded "{"resultCd":"000","resultMsg":"Successful","resultDt":"20260122161652","data":null}"
2026-01-22 16:16:52 DEBUG r.n.r.DefaultPooledConnectionProvider [reactor-http-nio-2] - [8512f7f6, L:/192.168.4.138:64683 - R:etims-api-sbx2.kra.go.ke/196.61.52.69:443] onStateChange(POST{uri=/etims-api/saveTrnsSalesVsdc, connection=PooledConnection{channel=[id: 0x8512f7f6, L:/192.168.4.138:64683 - R:etims-api-sbx2.kra.go.ke/196.61.52.69:443]}}, [response_completed])
2026-01-22 16:16:52 DEBUG r.n.r.DefaultPooledConnectionProvider [reactor-http-nio-2] - [8512f7f6, L:/192.168.4.138:64683 - R:etims-api-sbx2.kra.go.ke/196.61.52.69:443] onStateChange(POST{uri=/etims-api/saveTrnsSalesVsdc, connection=PooledConnection{channel=[id: 0x8512f7f6, L:/192.168.4.138:64683 - R:etims-api-sbx2.kra.go.ke/196.61.52.69:443]}}, [disconnecting])
2026-01-22 16:16:52 DEBUG r.n.r.DefaultPooledConnectionProvider [reactor-http-nio-2] - [8512f7f6, L:/192.168.4.138:64683 - R:etims-api-sbx2.kra.go.ke/196.61.52.69:443] Releasing channel
2026-01-22 16:16:52 DEBUG r.n.r.PooledConnectionProvider [reactor-http-nio-2] - [8512f7f6, L:/192.168.4.138:64683 - R:etims-api-sbx2.kra.go.ke/196.61.52.69:443] Channel cleaned, now: 0 active connections, 1 inactive connections and 0 pending acquire requests.
2026-01-22 16:16:52 INFO  c.kra.vsdc.manage.DataResendManager [ForkJoinPool.commonPool-worker-1] - END: Processing files in trnsSales
2026-01-22 16:16:52 INFO  com.kra.vsdc.excute.TrnsSalesExcute [http-nio-8090-exec-6] - stored inv no 20
2026-01-22 16:16:52 INFO  com.kra.vsdc.excute.TrnsSalesExcute [http-nio-8090-exec-6] - Your invoice number does not match the one expected by the system. The expected invoice number is: 20
2026-01-22 16:16:52 DEBUG o.s.w.s.m.m.a.RequestResponseBodyMethodProcessor [http-nio-8090-exec-6] - Using 'application/json', given [*/*] and supported [application/json, application/*+json]
2026-01-22 16:16:52 DEBUG o.s.w.s.m.m.a.RequestResponseBodyMethodProcessor [http-nio-8090-exec-6] - Writing [com.kra.vsdc.execute.model.TrnsSalesSaveWrRes@1385ec40]
2026-01-22 16:16:52 DEBUG o.s.o.j.s.OpenEntityManagerInViewInterceptor [http-nio-8090-exec-6] - Closing JPA EntityManager in OpenEntityManagerInViewInterceptor
2026-01-22 16:16:52 DEBUG o.s.web.servlet.DispatcherServlet [http-nio-8090-exec-6] - Completed 200 OK
2026-01-22 16:16:54 INFO  c.k.v.execute.offline.ResendSchedule [vscu-thread-2] - Executing Resend Schedule
2026-01-22 16:16:55 INFO  c.k.v.execute.offline.ResendSchedule [pool-68-thread-2] - Resend operations started asynchronously.
2026-01-22 16:16:55 INFO  c.kra.vsdc.manage.DataResendManager [ForkJoinPool.commonPool-worker-6] - START Processing: files in trnsSales
2026-01-22 16:16:55 INFO  c.kra.vsdc.manage.DataResendManager [pool-69-thread-1] - Processing file P600002364A_00_1.json
2026-01-22 16:16:55 DEBUG o.s.w.r.f.client.ExchangeFunctions [pool-69-thread-1] - [517b031f] HTTP POST https://etims-api-sbx2.kra.go.ke/etims-api/saveTrnsSalesVsdc
2026-01-22 16:16:55 DEBUG r.n.r.PooledConnectionProvider [reactor-http-nio-2] - [8512f7f6, L:/192.168.4.138:64683 - R:etims-api-sbx2.kra.go.ke/196.61.52.69:443] Channel acquired, now: 1 active connections, 0 inactive connections and 0 pending acquire requests.
2026-01-22 16:16:55 DEBUG r.n.http.client.HttpClientConnect [reactor-http-nio-2] - [8512f7f6-17, L:/192.168.4.138:64683 - R:etims-api-sbx2.kra.go.ke/196.61.52.69:443] Handler is being applied: {uri=https://etims-api-sbx2.kra.go.ke/etims-api/saveTrnsSalesVsdc, method=POST}
2026-01-22 16:16:55 DEBUG r.n.r.DefaultPooledConnectionProvider [reactor-http-nio-2] - [8512f7f6-17, L:/192.168.4.138:64683 - R:etims-api-sbx2.kra.go.ke/196.61.52.69:443] onStateChange(POST{uri=/etims-api/saveTrnsSalesVsdc, connection=PooledConnection{channel=[id: 0x8512f7f6, L:/192.168.4.138:64683 - R:etims-api-sbx2.kra.go.ke/196.61.52.69:443]}}, [request_prepared])
2026-01-22 16:16:55 DEBUG o.s.core.codec.CharSequenceEncoder [reactor-http-nio-2] - [517b031f] Writing "{"invcNo":1,"orgInvcNo":70221000001268,"custNo":null,"custTin":"","custBhfId":null,"custNm":"","sale (truncated)..."
2026-01-22 16:16:55 DEBUG r.n.r.DefaultPooledConnectionProvider [reactor-http-nio-2] - [8512f7f6-17, L:/192.168.4.138:64683 - R:etims-api-sbx2.kra.go.ke/196.61.52.69:443] onStateChange(POST{uri=/etims-api/saveTrnsSalesVsdc, connection=PooledConnection{channel=[id: 0x8512f7f6, L:/192.168.4.138:64683 - R:etims-api-sbx2.kra.go.ke/196.61.52.69:443]}}, [request_sent])
2026-01-22 16:16:55 DEBUG r.n.http.client.HttpClientOperations [reactor-http-nio-2] - [8512f7f6-17, L:/192.168.4.138:64683 - R:etims-api-sbx2.kra.go.ke/196.61.52.69:443] Received response (auto-read:false) : RESPONSE(decodeResult: success, version: HTTP/1.1)
HTTP/1.1 200 
Set-Cookie: <filtered>
Content-Type: <filtered>
Transfer-Encoding: <filtered>
Date: <filtered>
2026-01-22 16:16:55 DEBUG r.n.r.DefaultPooledConnectionProvider [reactor-http-nio-2] - [8512f7f6-17, L:/192.168.4.138:64683 - R:etims-api-sbx2.kra.go.ke/196.61.52.69:443] onStateChange(POST{uri=/etims-api/saveTrnsSalesVsdc, connection=PooledConnection{channel=[id: 0x8512f7f6, L:/192.168.4.138:64683 - R:etims-api-sbx2.kra.go.ke/196.61.52.69:443]}}, [response_received])
2026-01-22 16:16:55 DEBUG o.s.w.r.f.client.ExchangeFunctions [reactor-http-nio-2] - [517b031f] [8512f7f6-17, L:/192.168.4.138:64683 - R:etims-api-sbx2.kra.go.ke/196.61.52.69:443] Response 200 OK
2026-01-22 16:16:55 DEBUG reactor.netty.channel.FluxReceive [reactor-http-nio-2] - [8512f7f6-17, L:/192.168.4.138:64683 - R:etims-api-sbx2.kra.go.ke/196.61.52.69:443] [terminated=false, cancelled=false, pending=0, error=null]: subscribing inbound receiver
2026-01-22 16:16:55 DEBUG r.n.http.client.HttpClientOperations [reactor-http-nio-2] - [8512f7f6-17, L:/192.168.4.138:64683 - R:etims-api-sbx2.kra.go.ke/196.61.52.69:443] Received last HTTP packet
2026-01-22 16:16:55 DEBUG o.s.core.codec.StringDecoder [reactor-http-nio-2] - [517b031f] [8512f7f6-17, L:/192.168.4.138:64683 - R:etims-api-sbx2.kra.go.ke/196.61.52.69:443] Decoded "{"resultCd":"000","resultMsg":"Successful","resultDt":"20260122161655","data":null}"
2026-01-22 16:16:55 DEBUG r.n.r.DefaultPooledConnectionProvider [reactor-http-nio-2] - [8512f7f6, L:/192.168.4.138:64683 - R:etims-api-sbx2.kra.go.ke/196.61.52.69:443] onStateChange(POST{uri=/etims-api/saveTrnsSalesVsdc, connection=PooledConnection{channel=[id: 0x8512f7f6, L:/192.168.4.138:64683 - R:etims-api-sbx2.kra.go.ke/196.61.52.69:443]}}, [response_completed])
2026-01-22 16:16:55 DEBUG r.n.r.DefaultPooledConnectionProvider [reactor-http-nio-2] - [8512f7f6, L:/192.168.4.138:64683 - R:etims-api-sbx2.kra.go.ke/196.61.52.69:443] onStateChange(POST{uri=/etims-api/saveTrnsSalesVsdc, connection=PooledConnection{channel=[id: 0x8512f7f6, L:/192.168.4.138:64683 - R:etims-api-sbx2.kra.go.ke/196.61.52.69:443]}}, [disconnecting])
2026-01-22 16:16:55 DEBUG r.n.r.DefaultPooledConnectionProvider [reactor-http-nio-2] - [8512f7f6, L:/192.168.4.138:64683 - R:etims-api-sbx2.kra.go.ke/196.61.52.69:443] Releasing channel
2026-01-22 16:16:55 DEBUG r.n.r.PooledConnectionProvider [reactor-http-nio-2] - [8512f7f6, L:/192.168.4.138:64683 - R:etims-api-sbx2.kra.go.ke/196.61.52.69:443] Channel cleaned, now: 0 active connections, 1 inactive connections and 0 pending acquire requests.
2026-01-22 16:16:55 INFO  c.kra.vsdc.manage.DataResendManager [ForkJoinPool.commonPool-worker-6] - END: Processing files in trnsSales
2026-01-22 16:16:58 INFO  c.k.v.execute.offline.ResendSchedule [vscu-thread-2] - Executing Resend Schedule
2026-01-22 16:17:01 INFO  c.k.v.execute.offline.ResendSchedule [vscu-thread-2] - Executing Resend Schedule
2026-01-22 16:17:04 INFO  c.k.v.execute.offline.ResendSchedule [vscu-thread-2] - Executing Resend Schedule
2026-01-22 16:17:05 DEBUG o.s.web.servlet.DispatcherServlet [http-nio-8090-exec-9] - POST "/stock/selectStockItems", parameters={}
2026-01-22 16:17:05 DEBUG o.s.w.s.m.m.a.RequestMappingHandlerMapping [http-nio-8090-exec-9] - Mapped to com.kra.vsdc.excute.StockIoExcute#selectStockMoveList(StockMoveReq)
2026-01-22 16:17:05 DEBUG o.s.o.j.s.OpenEntityManagerInViewInterceptor [http-nio-8090-exec-9] - Opening JPA EntityManager in OpenEntityManagerInViewInterceptor
2026-01-22 16:17:05 DEBUG o.s.w.s.m.m.a.RequestResponseBodyMethodProcessor [http-nio-8090-exec-9] - Read "application/json;charset=UTF-8" to [com.kra.vsdc.execute.model.StockMoveReq@451bf8e3]
2026-01-22 16:17:05 DEBUG o.apache.commons.beanutils.BeanUtils [http-nio-8090-exec-9] - BeanUtils.copyProperties(com.kra.vsdc.execute.model.StockMoveReqBody@5c71a366, com.kra.vsdc.execute.model.StockMoveReq@451bf8e3)
2026-01-22 16:17:05 DEBUG o.a.c.b.converters.StringConverter [http-nio-8090-exec-9] - Converting 'String' value '20180524000000' to type 'String'
2026-01-22 16:17:05 DEBUG o.s.w.r.f.client.ExchangeFunctions [http-nio-8090-exec-9] - [3359ba18] HTTP POST https://etims-api-sbx2.kra.go.ke/etims-api/selectStockMoveList
2026-01-22 16:17:05 DEBUG r.n.r.PooledConnectionProvider [reactor-http-nio-2] - [8512f7f6, L:/192.168.4.138:64683 - R:etims-api-sbx2.kra.go.ke/196.61.52.69:443] Channel acquired, now: 1 active connections, 0 inactive connections and 0 pending acquire requests.
2026-01-22 16:17:05 DEBUG r.n.http.client.HttpClientConnect [reactor-http-nio-2] - [8512f7f6-18, L:/192.168.4.138:64683 - R:etims-api-sbx2.kra.go.ke/196.61.52.69:443] Handler is being applied: {uri=https://etims-api-sbx2.kra.go.ke/etims-api/selectStockMoveList, method=POST}
2026-01-22 16:17:05 DEBUG r.n.r.DefaultPooledConnectionProvider [reactor-http-nio-2] - [8512f7f6-18, L:/192.168.4.138:64683 - R:etims-api-sbx2.kra.go.ke/196.61.52.69:443] onStateChange(POST{uri=/etims-api/selectStockMoveList, connection=PooledConnection{channel=[id: 0x8512f7f6, L:/192.168.4.138:64683 - R:etims-api-sbx2.kra.go.ke/196.61.52.69:443]}}, [request_prepared])
2026-01-22 16:17:05 DEBUG o.s.core.codec.CharSequenceEncoder [reactor-http-nio-2] - [3359ba18] Writing "{"lastReqDt":"20180524000000"}"
2026-01-22 16:17:05 DEBUG r.n.r.DefaultPooledConnectionProvider [reactor-http-nio-2] - [8512f7f6-18, L:/192.168.4.138:64683 - R:etims-api-sbx2.kra.go.ke/196.61.52.69:443] onStateChange(POST{uri=/etims-api/selectStockMoveList, connection=PooledConnection{channel=[id: 0x8512f7f6, L:/192.168.4.138:64683 - R:etims-api-sbx2.kra.go.ke/196.61.52.69:443]}}, [request_sent])
2026-01-22 16:17:07 DEBUG com.zaxxer.hikari.pool.HikariPool [HikariPool-1 housekeeper] - HikariPool-1 - Pool stats (total=20, active=0, idle=20, waiting=0)
2026-01-22 16:17:07 DEBUG com.zaxxer.hikari.pool.HikariPool [HikariPool-1 housekeeper] - HikariPool-1 - Fill pool skipped, pool has sufficient level or currently being filled (queueDepth=0).
2026-01-22 16:17:07 INFO  c.k.v.execute.offline.ResendSchedule [vscu-thread-2] - Executing Resend Schedule
2026-01-22 16:17:10 INFO  c.k.v.execute.offline.ResendSchedule [vscu-thread-2] - Executing Resend Schedule
2026-01-22 16:17:13 INFO  c.k.v.execute.offline.ResendSchedule [vscu-thread-2] - Executing Resend Schedule
2026-01-22 16:17:16 INFO  c.k.v.execute.offline.ResendSchedule [vscu-thread-2] - Executing Resend Schedule
2026-01-22 16:17:19 INFO  c.k.v.execute.offline.ResendSchedule [vscu-thread-2] - Executing Resend Schedule
2026-01-22 16:17:22 INFO  c.k.v.execute.offline.ResendSchedule [vscu-thread-2] - Executing Resend Schedule
2026-01-22 16:17:25 INFO  c.k.v.execute.offline.ResendSchedule [vscu-thread-2] - Executing Resend Schedule
2026-01-22 16:17:28 INFO  c.k.v.execute.offline.ResendSchedule [vscu-thread-2] - Executing Resend Schedule
2026-01-22 16:17:31 INFO  c.k.v.execute.offline.ResendSchedule [vscu-thread-2] - Executing Resend Schedule
2026-01-22 16:17:34 INFO  c.k.v.execute.offline.ResendSchedule [vscu-thread-2] - Executing Resend Schedule
2026-01-22 16:17:37 DEBUG com.zaxxer.hikari.pool.HikariPool [HikariPool-1 housekeeper] - HikariPool-1 - Pool stats (total=20, active=0, idle=20, waiting=0)
2026-01-22 16:17:37 DEBUG com.zaxxer.hikari.pool.HikariPool [HikariPool-1 housekeeper] - HikariPool-1 - Fill pool skipped, pool has sufficient level or currently being filled (queueDepth=0).
2026-01-22 16:17:37 INFO  c.k.v.execute.offline.ResendSchedule [vscu-thread-2] - Executing Resend Schedule
2026-01-22 16:17:40 INFO  c.k.v.execute.offline.ResendSchedule [vscu-thread-2] - Executing Resend Schedule
2026-01-22 16:17:43 INFO  c.k.v.execute.offline.ResendSchedule [vscu-thread-2] - Executing Resend Schedule
2026-01-22 16:17:46 INFO  c.k.v.execute.offline.ResendSchedule [vscu-thread-1] - Executing Resend Schedule
2026-01-22 16:17:46 DEBUG r.n.http.client.HttpClientOperations [reactor-http-nio-2] - [8512f7f6-18, L:/192.168.4.138:64683 - R:etims-api-sbx2.kra.go.ke/196.61.52.69:443] Received response (auto-read:false) : RESPONSE(decodeResult: success, version: HTTP/1.1)
HTTP/1.1 200 
Set-Cookie: <filtered>
Content-Type: <filtered>
Transfer-Encoding: <filtered>
Date: <filtered>
2026-01-22 16:17:46 DEBUG r.n.r.DefaultPooledConnectionProvider [reactor-http-nio-2] - [8512f7f6-18, L:/192.168.4.138:64683 - R:etims-api-sbx2.kra.go.ke/196.61.52.69:443] onStateChange(POST{uri=/etims-api/selectStockMoveList, connection=PooledConnection{channel=[id: 0x8512f7f6, L:/192.168.4.138:64683 - R:etims-api-sbx2.kra.go.ke/196.61.52.69:443]}}, [response_received])
2026-01-22 16:17:46 DEBUG o.s.w.r.f.client.ExchangeFunctions [reactor-http-nio-2] - [3359ba18] [8512f7f6-18, L:/192.168.4.138:64683 - R:etims-api-sbx2.kra.go.ke/196.61.52.69:443] Response 200 OK
2026-01-22 16:17:46 DEBUG reactor.netty.channel.FluxReceive [reactor-http-nio-2] - [8512f7f6-18, L:/192.168.4.138:64683 - R:etims-api-sbx2.kra.go.ke/196.61.52.69:443] [terminated=false, cancelled=false, pending=0, error=null]: subscribing inbound receiver
2026-01-22 16:17:46 DEBUG r.n.http.client.HttpClientOperations [reactor-http-nio-2] - [8512f7f6-18, L:/192.168.4.138:64683 - R:etims-api-sbx2.kra.go.ke/196.61.52.69:443] Received last HTTP packet
2026-01-22 16:17:46 DEBUG o.s.core.codec.StringDecoder [reactor-http-nio-2] - [3359ba18] [8512f7f6-18, L:/192.168.4.138:64683 - R:etims-api-sbx2.kra.go.ke/196.61.52.69:443] Decoded "{"resultCd":"001","resultMsg":"There is no search result","resultDt":"20260122161746","data":null}"
2026-01-22 16:17:46 DEBUG r.n.r.DefaultPooledConnectionProvider [reactor-http-nio-2] - [8512f7f6, L:/192.168.4.138:64683 - R:etims-api-sbx2.kra.go.ke/196.61.52.69:443] onStateChange(POST{uri=/etims-api/selectStockMoveList, connection=PooledConnection{channel=[id: 0x8512f7f6, L:/192.168.4.138:64683 - R:etims-api-sbx2.kra.go.ke/196.61.52.69:443]}}, [response_completed])
2026-01-22 16:17:46 DEBUG r.n.r.DefaultPooledConnectionProvider [reactor-http-nio-2] - [8512f7f6, L:/192.168.4.138:64683 - R:etims-api-sbx2.kra.go.ke/196.61.52.69:443] onStateChange(POST{uri=/etims-api/selectStockMoveList, connection=PooledConnection{channel=[id: 0x8512f7f6, L:/192.168.4.138:64683 - R:etims-api-sbx2.kra.go.ke/196.61.52.69:443]}}, [disconnecting])
2026-01-22 16:17:46 DEBUG r.n.r.DefaultPooledConnectionProvider [reactor-http-nio-2] - [8512f7f6, L:/192.168.4.138:64683 - R:etims-api-sbx2.kra.go.ke/196.61.52.69:443] Releasing channel
2026-01-22 16:17:46 DEBUG r.n.r.PooledConnectionProvider [reactor-http-nio-2] - [8512f7f6, L:/192.168.4.138:64683 - R:etims-api-sbx2.kra.go.ke/196.61.52.69:443] Channel cleaned, now: 0 active connections, 1 inactive connections and 0 pending acquire requests.
2026-01-22 16:17:46 DEBUG o.s.w.s.m.m.a.RequestResponseBodyMethodProcessor [http-nio-8090-exec-9] - Using 'application/json', given [*/*] and supported [application/json, application/*+json]
2026-01-22 16:17:46 DEBUG o.s.w.s.m.m.a.RequestResponseBodyMethodProcessor [http-nio-8090-exec-9] - Writing [com.kra.vsdc.execute.model.StockMoveRes@27bd0e52]
2026-01-22 16:17:46 DEBUG o.s.o.j.s.OpenEntityManagerInViewInterceptor [http-nio-8090-exec-9] - Closing JPA EntityManager in OpenEntityManagerInViewInterceptor
2026-01-22 16:17:46 DEBUG o.s.web.servlet.DispatcherServlet [http-nio-8090-exec-9] - Completed 200 OK
2026-01-22 16:17:49 INFO  c.k.v.execute.offline.ResendSchedule [vscu-thread-1] - Executing Resend Schedule
2026-01-22 16:17:52 INFO  c.k.v.execute.offline.ResendSchedule [vscu-thread-1] - Executing Resend Schedule
2026-01-22 16:17:52 DEBUG o.s.web.servlet.DispatcherServlet [http-nio-8090-exec-10] - POST "/stock/saveStockItems", parameters={}
2026-01-22 16:17:52 DEBUG o.s.w.s.m.m.a.RequestMappingHandlerMapping [http-nio-8090-exec-10] - Mapped to com.kra.vsdc.excute.StockIoExcute#insertStockIO(StockIoSaveReq)
2026-01-22 16:17:52 DEBUG o.s.o.j.s.OpenEntityManagerInViewInterceptor [http-nio-8090-exec-10] - Opening JPA EntityManager in OpenEntityManagerInViewInterceptor
2026-01-22 16:17:52 DEBUG o.s.w.s.m.m.a.RequestResponseBodyMethodProcessor [http-nio-8090-exec-10] - Read "application/json;charset=UTF-8" to [com.kra.vsdc.execute.model.StockIoSaveReq@6b022c8f]
2026-01-22 16:17:52 DEBUG o.apache.commons.beanutils.BeanUtils [http-nio-8090-exec-10] - BeanUtils.copyProperties(com.kra.vsdc.execute.model.StockIoSaveReqBody@64339b25, com.kra.vsdc.execute.model.StockIoSaveReq@6b022c8f)
2026-01-22 16:17:52 DEBUG o.a.c.b.converters.StringConverter [http-nio-8090-exec-10] - Converting 'String' value 'Admin' to type 'String'
2026-01-22 16:17:52 DEBUG o.a.c.b.converters.StringConverter [http-nio-8090-exec-10] - Converting 'String' value 'Admin' to type 'String'
2026-01-22 16:17:52 DEBUG o.a.c.b.converters.IntegerConverter [http-nio-8090-exec-10] - Converting 'Integer' value '2' to type 'Integer'
2026-01-22 16:17:52 DEBUG o.a.c.b.converters.IntegerConverter [http-nio-8090-exec-10] -     No conversion required, value is already a Integer
2026-01-22 16:17:52 DEBUG o.a.c.b.converters.StringConverter [http-nio-8090-exec-10] - Converting 'String' value 'M' to type 'String'
2026-01-22 16:17:52 DEBUG o.a.c.b.converters.IntegerConverter [http-nio-8090-exec-10] - Converting 'Integer' value '2' to type 'Integer'
2026-01-22 16:17:52 DEBUG o.a.c.b.converters.IntegerConverter [http-nio-8090-exec-10] -     No conversion required, value is already a Integer
2026-01-22 16:17:52 DEBUG o.a.c.b.converters.StringConverter [http-nio-8090-exec-10] - Converting 'String' value '11' to type 'String'
2026-01-22 16:17:52 DEBUG o.a.c.b.c.BigDecimalConverter [http-nio-8090-exec-10] - Converting 'BigDecimal' value '70000' to type 'BigDecimal'
2026-01-22 16:17:52 DEBUG o.a.c.b.c.BigDecimalConverter [http-nio-8090-exec-10] -     No conversion required, value is already a BigDecimal
2026-01-22 16:17:52 DEBUG o.a.c.b.converters.IntegerConverter [http-nio-8090-exec-10] - Converting 'Integer' value '2' to type 'Integer'
2026-01-22 16:17:52 DEBUG o.a.c.b.converters.IntegerConverter [http-nio-8090-exec-10] -     No conversion required, value is already a Integer
2026-01-22 16:17:52 DEBUG o.a.c.b.c.BigDecimalConverter [http-nio-8090-exec-10] - Converting 'BigDecimal' value '12000' to type 'BigDecimal'
2026-01-22 16:17:52 DEBUG o.a.c.b.c.BigDecimalConverter [http-nio-8090-exec-10] -     No conversion required, value is already a BigDecimal
2026-01-22 16:17:52 DEBUG o.a.c.b.converters.StringConverter [http-nio-8090-exec-10] - Converting 'String' value 'Admin' to type 'String'
2026-01-22 16:17:52 DEBUG o.a.c.b.converters.StringConverter [http-nio-8090-exec-10] - Converting 'String' value '20200126' to type 'String'
2026-01-22 16:17:52 DEBUG o.a.c.b.converters.StringConverter [http-nio-8090-exec-10] - Converting 'String' value 'Admin' to type 'String'
2026-01-22 16:17:52 DEBUG o.a.c.b.c.BigDecimalConverter [http-nio-8090-exec-10] - Converting 'BigDecimal' value '70000' to type 'BigDecimal'
2026-01-22 16:17:52 DEBUG o.a.c.b.c.BigDecimalConverter [http-nio-8090-exec-10] -     No conversion required, value is already a BigDecimal
2026-01-22 16:17:52 DEBUG o.s.w.r.f.client.ExchangeFunctions [http-nio-8090-exec-10] - [7e3540e7] HTTP POST https://etims-api-sbx2.kra.go.ke/etims-api/insertStockIO
2026-01-22 16:17:52 DEBUG r.n.r.PooledConnectionProvider [reactor-http-nio-2] - [8512f7f6, L:/192.168.4.138:64683 - R:etims-api-sbx2.kra.go.ke/196.61.52.69:443] Channel acquired, now: 1 active connections, 0 inactive connections and 0 pending acquire requests.
2026-01-22 16:17:52 DEBUG r.n.http.client.HttpClientConnect [reactor-http-nio-2] - [8512f7f6-19, L:/192.168.4.138:64683 - R:etims-api-sbx2.kra.go.ke/196.61.52.69:443] Handler is being applied: {uri=https://etims-api-sbx2.kra.go.ke/etims-api/insertStockIO, method=POST}
2026-01-22 16:17:52 DEBUG r.n.r.DefaultPooledConnectionProvider [reactor-http-nio-2] - [8512f7f6-19, L:/192.168.4.138:64683 - R:etims-api-sbx2.kra.go.ke/196.61.52.69:443] onStateChange(POST{uri=/etims-api/insertStockIO, connection=PooledConnection{channel=[id: 0x8512f7f6, L:/192.168.4.138:64683 - R:etims-api-sbx2.kra.go.ke/196.61.52.69:443]}}, [request_prepared])
2026-01-22 16:17:52 DEBUG o.s.core.codec.CharSequenceEncoder [reactor-http-nio-2] - [7e3540e7] Writing "{"sarNo":2,"orgSarNo":2,"regTyCd":"M","custTin":null,"custNm":null,"custBhfId":null,"sarTyCd":"11"," (truncated)..."
2026-01-22 16:17:52 DEBUG r.n.r.DefaultPooledConnectionProvider [reactor-http-nio-2] - [8512f7f6-19, L:/192.168.4.138:64683 - R:etims-api-sbx2.kra.go.ke/196.61.52.69:443] onStateChange(POST{uri=/etims-api/insertStockIO, connection=PooledConnection{channel=[id: 0x8512f7f6, L:/192.168.4.138:64683 - R:etims-api-sbx2.kra.go.ke/196.61.52.69:443]}}, [request_sent])
2026-01-22 16:17:54 DEBUG r.n.http.client.HttpClientOperations [reactor-http-nio-2] - [8512f7f6-19, L:/192.168.4.138:64683 - R:etims-api-sbx2.kra.go.ke/196.61.52.69:443] Received response (auto-read:false) : RESPONSE(decodeResult: success, version: HTTP/1.1)
HTTP/1.1 200 
Set-Cookie: <filtered>
Content-Type: <filtered>
Transfer-Encoding: <filtered>
Date: <filtered>
2026-01-22 16:17:54 DEBUG r.n.r.DefaultPooledConnectionProvider [reactor-http-nio-2] - [8512f7f6-19, L:/192.168.4.138:64683 - R:etims-api-sbx2.kra.go.ke/196.61.52.69:443] onStateChange(POST{uri=/etims-api/insertStockIO, connection=PooledConnection{channel=[id: 0x8512f7f6, L:/192.168.4.138:64683 - R:etims-api-sbx2.kra.go.ke/196.61.52.69:443]}}, [response_received])
2026-01-22 16:17:54 DEBUG o.s.w.r.f.client.ExchangeFunctions [reactor-http-nio-2] - [7e3540e7] [8512f7f6-19, L:/192.168.4.138:64683 - R:etims-api-sbx2.kra.go.ke/196.61.52.69:443] Response 200 OK
2026-01-22 16:17:54 DEBUG reactor.netty.channel.FluxReceive [reactor-http-nio-2] - [8512f7f6-19, L:/192.168.4.138:64683 - R:etims-api-sbx2.kra.go.ke/196.61.52.69:443] [terminated=false, cancelled=false, pending=0, error=null]: subscribing inbound receiver
2026-01-22 16:17:54 DEBUG r.n.http.client.HttpClientOperations [reactor-http-nio-2] - [8512f7f6-19, L:/192.168.4.138:64683 - R:etims-api-sbx2.kra.go.ke/196.61.52.69:443] Received last HTTP packet
2026-01-22 16:17:54 DEBUG o.s.core.codec.StringDecoder [reactor-http-nio-2] - [7e3540e7] [8512f7f6-19, L:/192.168.4.138:64683 - R:etims-api-sbx2.kra.go.ke/196.61.52.69:443] Decoded "{"resultCd":"913","resultMsg":"Code value error among request parameters.[<itemList(itemSeq=1)><pkgU (truncated)..."
2026-01-22 16:17:54 DEBUG r.n.r.DefaultPooledConnectionProvider [reactor-http-nio-2] - [8512f7f6, L:/192.168.4.138:64683 - R:etims-api-sbx2.kra.go.ke/196.61.52.69:443] onStateChange(POST{uri=/etims-api/insertStockIO, connection=PooledConnection{channel=[id: 0x8512f7f6, L:/192.168.4.138:64683 - R:etims-api-sbx2.kra.go.ke/196.61.52.69:443]}}, [response_completed])
2026-01-22 16:17:54 DEBUG r.n.r.DefaultPooledConnectionProvider [reactor-http-nio-2] - [8512f7f6, L:/192.168.4.138:64683 - R:etims-api-sbx2.kra.go.ke/196.61.52.69:443] onStateChange(POST{uri=/etims-api/insertStockIO, connection=PooledConnection{channel=[id: 0x8512f7f6, L:/192.168.4.138:64683 - R:etims-api-sbx2.kra.go.ke/196.61.52.69:443]}}, [disconnecting])
2026-01-22 16:17:54 DEBUG r.n.r.DefaultPooledConnectionProvider [reactor-http-nio-2] - [8512f7f6, L:/192.168.4.138:64683 - R:etims-api-sbx2.kra.go.ke/196.61.52.69:443] Releasing channel
2026-01-22 16:17:54 DEBUG r.n.r.PooledConnectionProvider [reactor-http-nio-2] - [8512f7f6, L:/192.168.4.138:64683 - R:etims-api-sbx2.kra.go.ke/196.61.52.69:443] Channel cleaned, now: 0 active connections, 1 inactive connections and 0 pending acquire requests.
2026-01-22 16:17:54 DEBUG o.s.w.s.m.m.a.RequestResponseBodyMethodProcessor [http-nio-8090-exec-10] - Using 'application/json', given [*/*] and supported [application/json, application/*+json]
2026-01-22 16:17:54 DEBUG o.s.w.s.m.m.a.RequestResponseBodyMethodProcessor [http-nio-8090-exec-10] - Writing [com.kra.vsdc.execute.model.StockIoSaveRes@1781f347]
2026-01-22 16:17:54 DEBUG o.s.o.j.s.OpenEntityManagerInViewInterceptor [http-nio-8090-exec-10] - Closing JPA EntityManager in OpenEntityManagerInViewInterceptor
2026-01-22 16:17:54 DEBUG o.s.web.servlet.DispatcherServlet [http-nio-8090-exec-10] - Completed 200 OK
2026-01-22 16:17:55 INFO  c.k.v.execute.offline.ResendSchedule [vscu-thread-1] - Executing Resend Schedule
2026-01-22 16:17:58 INFO  c.k.v.execute.offline.ResendSchedule [vscu-thread-1] - Executing Resend Schedule
2026-01-22 16:17:59 DEBUG o.s.web.servlet.DispatcherServlet [http-nio-8090-exec-1] - POST "/stockMaster/saveStockMaster", parameters={}
2026-01-22 16:17:59 DEBUG o.s.w.s.m.m.a.RequestMappingHandlerMapping [http-nio-8090-exec-1] - Mapped to com.kra.vsdc.excute.StockMasterExcute#saveStockMaster(StockMasterSaveReq)
2026-01-22 16:17:59 DEBUG o.s.o.j.s.OpenEntityManagerInViewInterceptor [http-nio-8090-exec-1] - Opening JPA EntityManager in OpenEntityManagerInViewInterceptor
2026-01-22 16:17:59 DEBUG o.s.w.s.m.m.a.RequestResponseBodyMethodProcessor [http-nio-8090-exec-1] - Read "application/json;charset=UTF-8" to [com.kra.vsdc.execute.model.StockMasterSaveReq@2307f642]
2026-01-22 16:17:59 DEBUG o.apache.commons.beanutils.BeanUtils [http-nio-8090-exec-1] - BeanUtils.copyProperties(com.kra.vsdc.execute.model.StockMasterSaveReqBody@6b65cf38, com.kra.vsdc.execute.model.StockMasterSaveReq@2307f642)
2026-01-22 16:17:59 DEBUG o.a.c.b.converters.StringConverter [http-nio-8090-exec-1] - Converting 'String' value 'Admin' to type 'String'
2026-01-22 16:17:59 DEBUG o.a.c.b.converters.StringConverter [http-nio-8090-exec-1] - Converting 'String' value 'Admin' to type 'String'
2026-01-22 16:17:59 DEBUG o.a.c.b.converters.StringConverter [http-nio-8090-exec-1] - Converting 'String' value 'Admin' to type 'String'
2026-01-22 16:17:59 DEBUG o.a.c.b.converters.StringConverter [http-nio-8090-exec-1] - Converting 'String' value 'Admin' to type 'String'
2026-01-22 16:17:59 DEBUG o.a.c.b.c.BigDecimalConverter [http-nio-8090-exec-1] - Converting 'BigDecimal' value '10' to type 'BigDecimal'
2026-01-22 16:17:59 DEBUG o.a.c.b.c.BigDecimalConverter [http-nio-8090-exec-1] -     No conversion required, value is already a BigDecimal
2026-01-22 16:17:59 DEBUG o.a.c.b.converters.StringConverter [http-nio-8090-exec-1] - Converting 'String' value 'KE1NTXU0000001' to type 'String'
2026-01-22 16:17:59 DEBUG o.s.w.r.f.client.ExchangeFunctions [http-nio-8090-exec-1] - [72fe4dfc] HTTP POST https://etims-api-sbx2.kra.go.ke/etims-api/saveStockMaster
2026-01-22 16:17:59 DEBUG r.n.r.PooledConnectionProvider [reactor-http-nio-2] - [8512f7f6, L:/192.168.4.138:64683 - R:etims-api-sbx2.kra.go.ke/196.61.52.69:443] Channel acquired, now: 1 active connections, 0 inactive connections and 0 pending acquire requests.
2026-01-22 16:17:59 DEBUG r.n.http.client.HttpClientConnect [reactor-http-nio-2] - [8512f7f6-20, L:/192.168.4.138:64683 - R:etims-api-sbx2.kra.go.ke/196.61.52.69:443] Handler is being applied: {uri=https://etims-api-sbx2.kra.go.ke/etims-api/saveStockMaster, method=POST}
2026-01-22 16:17:59 DEBUG r.n.r.DefaultPooledConnectionProvider [reactor-http-nio-2] - [8512f7f6-20, L:/192.168.4.138:64683 - R:etims-api-sbx2.kra.go.ke/196.61.52.69:443] onStateChange(POST{uri=/etims-api/saveStockMaster, connection=PooledConnection{channel=[id: 0x8512f7f6, L:/192.168.4.138:64683 - R:etims-api-sbx2.kra.go.ke/196.61.52.69:443]}}, [request_prepared])
2026-01-22 16:17:59 DEBUG o.s.core.codec.CharSequenceEncoder [reactor-http-nio-2] - [72fe4dfc] Writing "{"itemCd":"KE1NTXU0000001","rsdQty":10,"regrId":"Admin","regrNm":"Admin","modrId":"Admin","modrNm":" (truncated)..."
2026-01-22 16:17:59 DEBUG r.n.r.DefaultPooledConnectionProvider [reactor-http-nio-2] - [8512f7f6-20, L:/192.168.4.138:64683 - R:etims-api-sbx2.kra.go.ke/196.61.52.69:443] onStateChange(POST{uri=/etims-api/saveStockMaster, connection=PooledConnection{channel=[id: 0x8512f7f6, L:/192.168.4.138:64683 - R:etims-api-sbx2.kra.go.ke/196.61.52.69:443]}}, [request_sent])
2026-01-22 16:17:59 DEBUG r.n.http.client.HttpClientOperations [reactor-http-nio-2] - [8512f7f6-20, L:/192.168.4.138:64683 - R:etims-api-sbx2.kra.go.ke/196.61.52.69:443] Received response (auto-read:false) : RESPONSE(decodeResult: success, version: HTTP/1.1)
HTTP/1.1 200 
Set-Cookie: <filtered>
Content-Type: <filtered>
Transfer-Encoding: <filtered>
Date: <filtered>
2026-01-22 16:17:59 DEBUG r.n.r.DefaultPooledConnectionProvider [reactor-http-nio-2] - [8512f7f6-20, L:/192.168.4.138:64683 - R:etims-api-sbx2.kra.go.ke/196.61.52.69:443] onStateChange(POST{uri=/etims-api/saveStockMaster, connection=PooledConnection{channel=[id: 0x8512f7f6, L:/192.168.4.138:64683 - R:etims-api-sbx2.kra.go.ke/196.61.52.69:443]}}, [response_received])
2026-01-22 16:17:59 DEBUG o.s.w.r.f.client.ExchangeFunctions [reactor-http-nio-2] - [72fe4dfc] [8512f7f6-20, L:/192.168.4.138:64683 - R:etims-api-sbx2.kra.go.ke/196.61.52.69:443] Response 200 OK
2026-01-22 16:17:59 DEBUG reactor.netty.channel.FluxReceive [reactor-http-nio-2] - [8512f7f6-20, L:/192.168.4.138:64683 - R:etims-api-sbx2.kra.go.ke/196.61.52.69:443] [terminated=false, cancelled=false, pending=0, error=null]: subscribing inbound receiver
2026-01-22 16:17:59 DEBUG r.n.http.client.HttpClientOperations [reactor-http-nio-2] - [8512f7f6-20, L:/192.168.4.138:64683 - R:etims-api-sbx2.kra.go.ke/196.61.52.69:443] Received last HTTP packet
2026-01-22 16:17:59 DEBUG o.s.core.codec.StringDecoder [reactor-http-nio-2] - [72fe4dfc] [8512f7f6-20, L:/192.168.4.138:64683 - R:etims-api-sbx2.kra.go.ke/196.61.52.69:443] Decoded "{"resultCd":"000","resultMsg":"Successful","resultDt":"20260122161759","data":null}"
2026-01-22 16:17:59 DEBUG r.n.r.DefaultPooledConnectionProvider [reactor-http-nio-2] - [8512f7f6, L:/192.168.4.138:64683 - R:etims-api-sbx2.kra.go.ke/196.61.52.69:443] onStateChange(POST{uri=/etims-api/saveStockMaster, connection=PooledConnection{channel=[id: 0x8512f7f6, L:/192.168.4.138:64683 - R:etims-api-sbx2.kra.go.ke/196.61.52.69:443]}}, [response_completed])
2026-01-22 16:17:59 DEBUG r.n.r.DefaultPooledConnectionProvider [reactor-http-nio-2] - [8512f7f6, L:/192.168.4.138:64683 - R:etims-api-sbx2.kra.go.ke/196.61.52.69:443] onStateChange(POST{uri=/etims-api/saveStockMaster, connection=PooledConnection{channel=[id: 0x8512f7f6, L:/192.168.4.138:64683 - R:etims-api-sbx2.kra.go.ke/196.61.52.69:443]}}, [disconnecting])
2026-01-22 16:17:59 DEBUG r.n.r.DefaultPooledConnectionProvider [reactor-http-nio-2] - [8512f7f6, L:/192.168.4.138:64683 - R:etims-api-sbx2.kra.go.ke/196.61.52.69:443] Releasing channel
2026-01-22 16:17:59 DEBUG r.n.r.PooledConnectionProvider [reactor-http-nio-2] - [8512f7f6, L:/192.168.4.138:64683 - R:etims-api-sbx2.kra.go.ke/196.61.52.69:443] Channel cleaned, now: 0 active connections, 1 inactive connections and 0 pending acquire requests.
2026-01-22 16:17:59 DEBUG o.s.w.s.m.m.a.RequestResponseBodyMethodProcessor [http-nio-8090-exec-1] - Using 'application/json', given [*/*] and supported [application/json, application/*+json]
2026-01-22 16:17:59 DEBUG o.s.w.s.m.m.a.RequestResponseBodyMethodProcessor [http-nio-8090-exec-1] - Writing [com.kra.vsdc.execute.model.StockMasterSaveRes@6c802f0e]
2026-01-22 16:17:59 DEBUG o.s.o.j.s.OpenEntityManagerInViewInterceptor [http-nio-8090-exec-1] - Closing JPA EntityManager in OpenEntityManagerInViewInterceptor
2026-01-22 16:17:59 DEBUG o.s.web.servlet.DispatcherServlet [http-nio-8090-exec-1] - Completed 200 OK
2026-01-22 16:18:01 INFO  c.k.v.execute.offline.ResendSchedule [vscu-thread-1] - Executing Resend Schedule
2026-01-22 16:18:04 INFO  c.k.v.execute.offline.ResendSchedule [vscu-thread-1] - Executing Resend Schedule
2026-01-22 16:18:07 DEBUG com.zaxxer.hikari.pool.HikariPool [HikariPool-1 housekeeper] - HikariPool-1 - Pool stats (total=20, active=0, idle=20, waiting=0)
2026-01-22 16:18:07 DEBUG com.zaxxer.hikari.pool.HikariPool [HikariPool-1 housekeeper] - HikariPool-1 - Fill pool skipped, pool has sufficient level or currently being filled (queueDepth=0).
2026-01-22 16:18:07 INFO  c.k.v.execute.offline.ResendSchedule [vscu-thread-1] - Executing Resend Schedule
2026-01-22 16:18:10 INFO  c.k.v.execute.offline.ResendSchedule [vscu-thread-1] - Executing Resend Schedule
2026-01-22 16:18:13 INFO  c.k.v.execute.offline.ResendSchedule [vscu-thread-1] - Executing Resend Schedule
2026-01-22 16:18:16 INFO  c.k.v.execute.offline.ResendSchedule [vscu-thread-1] - Executing Resend Schedule
2026-01-22 16:18:19 INFO  c.k.v.execute.offline.ResendSchedule [vscu-thread-1] - Executing Resend Schedule
2026-01-22 16:18:20 DEBUG r.n.r.DefaultPooledConnectionProvider [reactor-http-nio-2] - [8512f7f6, L:/192.168.4.138:64683 ! R:etims-api-sbx2.kra.go.ke/196.61.52.69:443] onStateChange(PooledConnection{channel=[id: 0x8512f7f6, L:/192.168.4.138:64683 ! R:etims-api-sbx2.kra.go.ke/196.61.52.69:443]}, [disconnecting])
2026-01-22 16:18:22 INFO  c.k.v.execute.offline.ResendSchedule [vscu-thread-1] - Executing Resend Schedule
2026-01-22 16:18:25 INFO  c.k.v.execute.offline.ResendSchedule [vscu-thread-1] - Executing Resend Schedule
2026-01-22 16:18:28 INFO  c.k.v.execute.offline.ResendSchedule [vscu-thread-1] - Executing Resend Schedule
2026-01-22 16:18:31 INFO  c.k.v.execute.offline.ResendSchedule [vscu-thread-1] - Executing Resend Schedule
2026-01-22 16:18:34 INFO  c.k.v.execute.offline.ResendSchedule [vscu-thread-1] - Executing Resend Schedule
2026-01-22 16:18:37 DEBUG com.zaxxer.hikari.pool.HikariPool [HikariPool-1 housekeeper] - HikariPool-1 - Pool stats (total=20, active=0, idle=20, waiting=0)
2026-01-22 16:18:37 DEBUG com.zaxxer.hikari.pool.HikariPool [HikariPool-1 housekeeper] - HikariPool-1 - Fill pool skipped, pool has sufficient level or currently being filled (queueDepth=0).
2026-01-22 16:18:37 INFO  c.k.v.execute.offline.ResendSchedule [vscu-thread-1] - Executing Resend Schedule
2026-01-22 16:18:40 INFO  c.k.v.execute.offline.ResendSchedule [vscu-thread-1] - Executing Resend Schedule
2026-01-22 16:18:43 INFO  c.k.v.execute.offline.ResendSchedule [vscu-thread-3] - Executing Resend Schedule
2026-01-22 16:18:46 INFO  c.k.v.execute.offline.ResendSchedule [vscu-thread-3] - Executing Resend Schedule
2026-01-22 16:18:49 INFO  c.k.v.execute.offline.ResendSchedule [vscu-thread-3] - Executing Resend Schedule
2026-01-22 16:18:52 INFO  c.k.v.execute.offline.ResendSchedule [vscu-thread-3] - Executing Resend Schedule
2026-01-22 16:18:55 INFO  c.k.v.execute.offline.ResendSchedule [vscu-thread-3] - Executing Resend Schedule
2026-01-22 16:18:58 INFO  c.k.v.execute.offline.ResendSchedule [vscu-thread-3] - Executing Resend Schedule
2026-01-22 16:19:02 INFO  c.k.v.execute.offline.ResendSchedule [vscu-thread-3] - Executing Resend Schedule
2026-01-22 16:19:05 INFO  c.k.v.execute.offline.ResendSchedule [vscu-thread-3] - Executing Resend Schedule
2026-01-22 16:19:07 DEBUG com.zaxxer.hikari.pool.HikariPool [HikariPool-1 housekeeper] - HikariPool-1 - Pool stats (total=20, active=0, idle=20, waiting=0)
2026-01-22 16:19:07 DEBUG com.zaxxer.hikari.pool.HikariPool [HikariPool-1 housekeeper] - HikariPool-1 - Fill pool skipped, pool has sufficient level or currently being filled (queueDepth=0).
2026-01-22 16:19:08 INFO  c.k.v.execute.offline.ResendSchedule [vscu-thread-3] - Executing Resend Schedule
2026-01-22 16:19:11 INFO  c.k.v.execute.offline.ResendSchedule [vscu-thread-3] - Executing Resend Schedule
2026-01-22 16:19:14 INFO  c.k.v.execute.offline.ResendSchedule [vscu-thread-3] - Executing Resend Schedule
2026-01-22 16:19:17 INFO  c.k.v.execute.offline.ResendSchedule [vscu-thread-3] - Executing Resend Schedule
2026-01-22 16:19:20 INFO  c.k.v.execute.offline.ResendSchedule [vscu-thread-3] - Executing Resend Schedule
2026-01-22 16:19:23 INFO  c.k.v.execute.offline.ResendSchedule [vscu-thread-3] - Executing Resend Schedule
2026-01-22 16:19:26 INFO  c.k.v.execute.offline.ResendSchedule [vscu-thread-3] - Executing Resend Schedule
2026-01-22 16:19:29 INFO  c.k.v.execute.offline.ResendSchedule [vscu-thread-3] - Executing Resend Schedule
2026-01-22 16:19:32 INFO  c.k.v.execute.offline.ResendSchedule [vscu-thread-1] - Executing Resend Schedule
2026-01-22 16:19:35 INFO  c.k.v.execute.offline.ResendSchedule [vscu-thread-1] - Executing Resend Schedule
2026-01-22 16:19:37 DEBUG com.zaxxer.hikari.pool.HikariPool [HikariPool-1 housekeeper] - HikariPool-1 - Pool stats (total=20, active=0, idle=20, waiting=0)
2026-01-22 16:19:37 DEBUG com.zaxxer.hikari.pool.HikariPool [HikariPool-1 housekeeper] - HikariPool-1 - Fill pool skipped, pool has sufficient level or currently being filled (queueDepth=0).
2026-01-22 16:19:38 INFO  c.k.v.execute.offline.ResendSchedule [vscu-thread-1] - Executing Resend Schedule
2026-01-22 16:19:41 INFO  c.k.v.execute.offline.ResendSchedule [vscu-thread-1] - Executing Resend Schedule
2026-01-22 16:19:44 INFO  c.k.v.execute.offline.ResendSchedule [vscu-thread-1] - Executing Resend Schedule
2026-01-22 16:19:47 INFO  c.k.v.execute.offline.ResendSchedule [vscu-thread-1] - Executing Resend Schedule
2026-01-22 16:19:50 INFO  c.k.v.execute.offline.ResendSchedule [vscu-thread-1] - Executing Resend Schedule
2026-01-22 16:19:53 INFO  c.k.v.execute.offline.ResendSchedule [vscu-thread-1] - Executing Resend Schedule
2026-01-22 16:19:56 INFO  c.k.v.execute.offline.ResendSchedule [vscu-thread-1] - Executing Resend Schedule
2026-01-22 16:19:59 INFO  c.k.v.execute.offline.ResendSchedule [vscu-thread-1] - Executing Resend Schedule
2026-01-22 16:20:02 INFO  c.k.v.execute.offline.ResendSchedule [vscu-thread-1] - Executing Resend Schedule
2026-01-22 16:20:05 INFO  c.k.v.execute.offline.ResendSchedule [vscu-thread-1] - Executing Resend Schedule
2026-01-22 16:20:07 DEBUG com.zaxxer.hikari.pool.HikariPool [HikariPool-1 housekeeper] - HikariPool-1 - Pool stats (total=20, active=0, idle=20, waiting=0)
2026-01-22 16:20:07 DEBUG com.zaxxer.hikari.pool.HikariPool [HikariPool-1 housekeeper] - HikariPool-1 - Fill pool skipped, pool has sufficient level or currently being filled (queueDepth=0).
2026-01-22 16:20:08 INFO  c.k.v.execute.offline.ResendSchedule [vscu-thread-1] - Executing Resend Schedule
2026-01-22 16:20:11 INFO  c.k.v.execute.offline.ResendSchedule [vscu-thread-1] - Executing Resend Schedule
2026-01-22 16:20:14 INFO  c.k.v.execute.offline.ResendSchedule [vscu-thread-1] - Executing Resend Schedule
2026-01-22 16:20:17 INFO  c.k.v.execute.offline.ResendSchedule [vscu-thread-1] - Executing Resend Schedule
2026-01-22 16:20:20 INFO  c.k.v.execute.offline.ResendSchedule [vscu-thread-1] - Executing Resend Schedule
2026-01-22 16:20:23 INFO  c.k.v.execute.offline.ResendSchedule [vscu-thread-1] - Executing Resend Schedule
2026-01-22 16:20:26 INFO  c.k.v.execute.offline.ResendSchedule [vscu-thread-1] - Executing Resend Schedule
2026-01-22 16:20:29 INFO  c.k.v.execute.offline.ResendSchedule [vscu-thread-1] - Executing Resend Schedule
2026-01-22 16:20:32 INFO  c.k.v.execute.offline.ResendSchedule [vscu-thread-1] - Executing Resend Schedule
2026-01-22 16:20:35 INFO  c.k.v.execute.offline.ResendSchedule [vscu-thread-2] - Executing Resend Schedule
2026-01-22 16:20:37 DEBUG com.zaxxer.hikari.pool.HikariPool [HikariPool-1 housekeeper] - HikariPool-1 - Pool stats (total=20, active=0, idle=20, waiting=0)
2026-01-22 16:20:37 DEBUG com.zaxxer.hikari.pool.HikariPool [HikariPool-1 housekeeper] - HikariPool-1 - Fill pool skipped, pool has sufficient level or currently being filled (queueDepth=0).
2026-01-22 16:20:38 INFO  c.k.v.execute.offline.ResendSchedule [vscu-thread-2] - Executing Resend Schedule
2026-01-22 16:20:41 INFO  c.k.v.execute.offline.ResendSchedule [vscu-thread-2] - Executing Resend Schedule
2026-01-22 16:20:44 INFO  c.k.v.execute.offline.ResendSchedule [vscu-thread-2] - Executing Resend Schedule
2026-01-22 16:20:47 INFO  c.k.v.execute.offline.ResendSchedule [vscu-thread-2] - Executing Resend Schedule
2026-01-22 16:20:50 INFO  c.k.v.execute.offline.ResendSchedule [vscu-thread-2] - Executing Resend Schedule
2026-01-22 16:20:53 INFO  c.k.v.execute.offline.ResendSchedule [vscu-thread-1] - Executing Resend Schedule
2026-01-22 16:20:56 INFO  c.k.v.execute.offline.ResendSchedule [vscu-thread-1] - Executing Resend Schedule
2026-01-22 16:20:59 INFO  c.k.v.execute.offline.ResendSchedule [vscu-thread-1] - Executing Resend Schedule
2026-01-22 16:21:02 INFO  c.k.v.execute.offline.ResendSchedule [vscu-thread-1] - Executing Resend Schedule
2026-01-22 16:21:05 INFO  c.k.v.execute.offline.ResendSchedule [vscu-thread-1] - Executing Resend Schedule
2026-01-22 16:21:07 DEBUG com.zaxxer.hikari.pool.HikariPool [HikariPool-1 housekeeper] - HikariPool-1 - Pool stats (total=20, active=0, idle=20, waiting=0)
2026-01-22 16:21:07 DEBUG com.zaxxer.hikari.pool.HikariPool [HikariPool-1 housekeeper] - HikariPool-1 - Fill pool skipped, pool has sufficient level or currently being filled (queueDepth=0).
2026-01-22 16:21:08 INFO  c.k.v.execute.offline.ResendSchedule [vscu-thread-1] - Executing Resend Schedule
2026-01-22 16:21:11 INFO  c.k.v.execute.offline.ResendSchedule [vscu-thread-1] - Executing Resend Schedule
2026-01-22 16:21:14 INFO  c.k.v.execute.offline.ResendSchedule [vscu-thread-1] - Executing Resend Schedule
2026-01-22 16:21:17 INFO  c.k.v.execute.offline.ResendSchedule [vscu-thread-1] - Executing Resend Schedule
2026-01-22 16:21:20 INFO  c.k.v.execute.offline.ResendSchedule [vscu-thread-1] - Executing Resend Schedule
2026-01-22 16:21:23 INFO  c.k.v.execute.offline.ResendSchedule [vscu-thread-1] - Executing Resend Schedule
2026-01-22 16:21:26 INFO  c.k.v.execute.offline.ResendSchedule [vscu-thread-1] - Executing Resend Schedule
2026-01-22 16:21:29 INFO  c.k.v.execute.offline.ResendSchedule [vscu-thread-1] - Executing Resend Schedule
2026-01-22 16:21:32 INFO  c.k.v.execute.offline.ResendSchedule [vscu-thread-1] - Executing Resend Schedule
2026-01-22 16:21:35 INFO  c.k.v.execute.offline.ResendSchedule [vscu-thread-1] - Executing Resend Schedule
2026-01-22 16:21:37 DEBUG com.zaxxer.hikari.pool.HikariPool [HikariPool-1 housekeeper] - HikariPool-1 - Pool stats (total=20, active=0, idle=20, waiting=0)
2026-01-22 16:21:37 DEBUG com.zaxxer.hikari.pool.HikariPool [HikariPool-1 housekeeper] - HikariPool-1 - Fill pool skipped, pool has sufficient level or currently being filled (queueDepth=0).
2026-01-22 16:21:38 INFO  c.k.v.execute.offline.ResendSchedule [vscu-thread-1] - Executing Resend Schedule
2026-01-22 16:21:41 INFO  c.k.v.execute.offline.ResendSchedule [vscu-thread-1] - Executing Resend Schedule
2026-01-22 16:21:44 INFO  c.k.v.execute.offline.ResendSchedule [vscu-thread-1] - Executing Resend Schedule
2026-01-22 16:21:47 INFO  c.k.v.execute.offline.ResendSchedule [vscu-thread-1] - Executing Resend Schedule
2026-01-22 16:21:50 INFO  c.k.v.execute.offline.ResendSchedule [vscu-thread-1] - Executing Resend Schedule
2026-01-22 16:21:53 INFO  c.k.v.execute.offline.ResendSchedule [vscu-thread-1] - Executing Resend Schedule
2026-01-22 16:21:56 INFO  c.k.v.execute.offline.ResendSchedule [vscu-thread-3] - Executing Resend Schedule
2026-01-22 16:21:59 INFO  c.k.v.execute.offline.ResendSchedule [vscu-thread-3] - Executing Resend Schedule
2026-01-22 16:22:02 INFO  c.k.v.execute.offline.ResendSchedule [vscu-thread-3] - Executing Resend Schedule
2026-01-22 16:22:05 INFO  c.k.v.execute.offline.ResendSchedule [vscu-thread-3] - Executing Resend Schedule
2026-01-22 16:22:07 DEBUG com.zaxxer.hikari.pool.HikariPool [HikariPool-1 housekeeper] - HikariPool-1 - Pool stats (total=20, active=0, idle=20, waiting=0)
2026-01-22 16:22:07 DEBUG com.zaxxer.hikari.pool.HikariPool [HikariPool-1 housekeeper] - HikariPool-1 - Fill pool skipped, pool has sufficient level or currently being filled (queueDepth=0).
2026-01-22 16:22:08 INFO  c.k.v.execute.offline.ResendSchedule [vscu-thread-3] - Executing Resend Schedule
2026-01-22 16:22:12 INFO  c.k.v.execute.offline.ResendSchedule [vscu-thread-3] - Executing Resend Schedule
2026-01-22 16:22:15 INFO  c.k.v.execute.offline.ResendSchedule [vscu-thread-1] - Executing Resend Schedule
2026-01-22 16:22:18 INFO  c.k.v.execute.offline.ResendSchedule [vscu-thread-1] - Executing Resend Schedule
2026-01-22 16:22:21 INFO  c.k.v.execute.offline.ResendSchedule [vscu-thread-1] - Executing Resend Schedule
2026-01-22 16:22:24 INFO  c.k.v.execute.offline.ResendSchedule [vscu-thread-1] - Executing Resend Schedule
2026-01-22 16:22:27 INFO  c.k.v.execute.offline.ResendSchedule [vscu-thread-3] - Executing Resend Schedule
2026-01-22 16:22:30 INFO  c.k.v.execute.offline.ResendSchedule [vscu-thread-3] - Executing Resend Schedule
2026-01-22 16:22:33 INFO  c.k.v.execute.offline.ResendSchedule [vscu-thread-3] - Executing Resend Schedule
2026-01-22 16:22:36 INFO  c.k.v.execute.offline.ResendSchedule [vscu-thread-3] - Executing Resend Schedule
2026-01-22 16:22:37 DEBUG com.zaxxer.hikari.pool.HikariPool [HikariPool-1 housekeeper] - HikariPool-1 - Pool stats (total=20, active=0, idle=20, waiting=0)
2026-01-22 16:22:37 DEBUG com.zaxxer.hikari.pool.HikariPool [HikariPool-1 housekeeper] - HikariPool-1 - Fill pool skipped, pool has sufficient level or currently being filled (queueDepth=0).
2026-01-22 16:22:39 INFO  c.k.v.execute.offline.ResendSchedule [vscu-thread-3] - Executing Resend Schedule
2026-01-22 16:22:42 INFO  c.k.v.execute.offline.ResendSchedule [vscu-thread-3] - Executing Resend Schedule
2026-01-22 16:22:45 INFO  c.k.v.execute.offline.ResendSchedule [vscu-thread-3] - Executing Resend Schedule
2026-01-22 16:22:48 INFO  c.k.v.execute.offline.ResendSchedule [vscu-thread-3] - Executing Resend Schedule
2026-01-22 16:22:51 INFO  c.k.v.execute.offline.ResendSchedule [vscu-thread-3] - Executing Resend Schedule
2026-01-22 16:22:54 INFO  c.k.v.execute.offline.ResendSchedule [vscu-thread-3] - Executing Resend Schedule
2026-01-22 16:22:57 INFO  c.k.v.execute.offline.ResendSchedule [vscu-thread-3] - Executing Resend Schedule
2026-01-22 16:23:00 INFO  c.k.v.execute.offline.ResendSchedule [vscu-thread-3] - Executing Resend Schedule
2026-01-22 16:23:03 INFO  c.k.v.execute.offline.ResendSchedule [vscu-thread-3] - Executing Resend Schedule
2026-01-22 16:23:06 INFO  c.k.v.execute.offline.ResendSchedule [vscu-thread-3] - Executing Resend Schedule
2026-01-22 16:23:07 DEBUG com.zaxxer.hikari.pool.HikariPool [HikariPool-1 housekeeper] - HikariPool-1 - Pool stats (total=20, active=0, idle=20, waiting=0)
2026-01-22 16:23:07 DEBUG com.zaxxer.hikari.pool.HikariPool [HikariPool-1 housekeeper] - HikariPool-1 - Fill pool skipped, pool has sufficient level or currently being filled (queueDepth=0).
2026-01-22 16:23:09 INFO  c.k.v.execute.offline.ResendSchedule [vscu-thread-3] - Executing Resend Schedule
2026-01-22 16:23:12 INFO  c.k.v.execute.offline.ResendSchedule [vscu-thread-3] - Executing Resend Schedule
2026-01-22 16:23:15 INFO  c.k.v.execute.offline.ResendSchedule [vscu-thread-3] - Executing Resend Schedule
2026-01-22 16:23:18 INFO  c.k.v.execute.offline.ResendSchedule [vscu-thread-3] - Executing Resend Schedule
2026-01-22 16:23:21 INFO  c.k.v.execute.offline.ResendSchedule [vscu-thread-3] - Executing Resend Schedule
2026-01-22 16:23:24 INFO  c.k.v.execute.offline.ResendSchedule [vscu-thread-3] - Executing Resend Schedule
2026-01-22 16:23:27 INFO  c.k.v.execute.offline.ResendSchedule [vscu-thread-3] - Executing Resend Schedule
2026-01-22 16:23:30 INFO  c.k.v.execute.offline.ResendSchedule [vscu-thread-3] - Executing Resend Schedule
2026-01-22 16:23:33 INFO  c.k.v.execute.offline.ResendSchedule [vscu-thread-3] - Executing Resend Schedule
2026-01-22 16:23:36 INFO  c.k.v.execute.offline.ResendSchedule [vscu-thread-3] - Executing Resend Schedule
2026-01-22 16:23:37 DEBUG com.zaxxer.hikari.pool.HikariPool [HikariPool-1 housekeeper] - HikariPool-1 - Pool stats (total=20, active=0, idle=20, waiting=0)
2026-01-22 16:23:37 DEBUG com.zaxxer.hikari.pool.HikariPool [HikariPool-1 housekeeper] - HikariPool-1 - Fill pool skipped, pool has sufficient level or currently being filled (queueDepth=0).
2026-01-22 16:23:39 INFO  c.k.v.execute.offline.ResendSchedule [vscu-thread-3] - Executing Resend Schedule
2026-01-22 16:23:42 INFO  c.k.v.execute.offline.ResendSchedule [vscu-thread-3] - Executing Resend Schedule
2026-01-22 16:23:45 INFO  c.k.v.execute.offline.ResendSchedule [vscu-thread-3] - Executing Resend Schedule
2026-01-22 16:23:48 INFO  c.k.v.execute.offline.ResendSchedule [vscu-thread-3] - Executing Resend Schedule
2026-01-22 16:23:51 INFO  c.k.v.execute.offline.ResendSchedule [vscu-thread-3] - Executing Resend Schedule
2026-01-22 16:23:54 INFO  c.k.v.execute.offline.ResendSchedule [vscu-thread-2] - Executing Resend Schedule
2026-01-22 16:23:57 INFO  c.k.v.execute.offline.ResendSchedule [vscu-thread-2] - Executing Resend Schedule
2026-01-22 16:24:00 INFO  c.k.v.execute.offline.ResendSchedule [vscu-thread-2] - Executing Resend Schedule
2026-01-22 16:24:03 INFO  c.k.v.execute.offline.ResendSchedule [vscu-thread-2] - Executing Resend Schedule
2026-01-22 16:24:06 INFO  c.k.v.execute.offline.ResendSchedule [vscu-thread-2] - Executing Resend Schedule
2026-01-22 16:24:07 DEBUG com.zaxxer.hikari.pool.HikariPool [HikariPool-1 housekeeper] - HikariPool-1 - Pool stats (total=20, active=0, idle=20, waiting=0)
2026-01-22 16:24:07 DEBUG com.zaxxer.hikari.pool.HikariPool [HikariPool-1 housekeeper] - HikariPool-1 - Fill pool skipped, pool has sufficient level or currently being filled (queueDepth=0).
2026-01-22 16:24:09 INFO  c.k.v.execute.offline.ResendSchedule [vscu-thread-2] - Executing Resend Schedule
2026-01-22 16:24:12 INFO  c.k.v.execute.offline.ResendSchedule [vscu-thread-2] - Executing Resend Schedule
2026-01-22 16:24:15 INFO  c.k.v.execute.offline.ResendSchedule [vscu-thread-2] - Executing Resend Schedule
2026-01-22 16:24:18 INFO  c.k.v.execute.offline.ResendSchedule [vscu-thread-2] - Executing Resend Schedule
2026-01-22 16:24:21 INFO  c.k.v.execute.offline.ResendSchedule [vscu-thread-2] - Executing Resend Schedule
2026-01-22 16:24:24 INFO  c.k.v.execute.offline.ResendSchedule [vscu-thread-2] - Executing Resend Schedule
2026-01-22 16:24:27 INFO  c.k.v.execute.offline.ResendSchedule [vscu-thread-2] - Executing Resend Schedule
2026-01-22 16:24:30 INFO  c.k.v.execute.offline.ResendSchedule [vscu-thread-2] - Executing Resend Schedule
2026-01-22 16:24:33 INFO  c.k.v.execute.offline.ResendSchedule [vscu-thread-2] - Executing Resend Schedule
2026-01-22 16:24:36 INFO  c.k.v.execute.offline.ResendSchedule [vscu-thread-2] - Executing Resend Schedule
2026-01-22 16:24:37 DEBUG com.zaxxer.hikari.pool.HikariPool [HikariPool-1 housekeeper] - HikariPool-1 - Pool stats (total=20, active=0, idle=20, waiting=0)
2026-01-22 16:24:37 DEBUG com.zaxxer.hikari.pool.HikariPool [HikariPool-1 housekeeper] - HikariPool-1 - Fill pool skipped, pool has sufficient level or currently being filled (queueDepth=0).
2026-01-22 16:24:39 INFO  c.k.v.execute.offline.ResendSchedule [vscu-thread-2] - Executing Resend Schedule
2026-01-22 16:24:42 INFO  c.k.v.execute.offline.ResendSchedule [vscu-thread-2] - Executing Resend Schedule
2026-01-22 16:24:45 INFO  c.k.v.execute.offline.ResendSchedule [vscu-thread-2] - Executing Resend Schedule
2026-01-22 16:24:48 INFO  c.k.v.execute.offline.ResendSchedule [vscu-thread-2] - Executing Resend Schedule
2026-01-22 16:24:51 INFO  c.k.v.execute.offline.ResendSchedule [vscu-thread-2] - Executing Resend Schedule
2026-01-22 16:24:54 INFO  c.k.v.execute.offline.ResendSchedule [vscu-thread-2] - Executing Resend Schedule
2026-01-22 16:24:57 INFO  c.k.v.execute.offline.ResendSchedule [vscu-thread-2] - Executing Resend Schedule
2026-01-22 16:25:00 INFO  c.k.v.execute.offline.ResendSchedule [vscu-thread-2] - Executing Resend Schedule
2026-01-22 16:25:03 INFO  c.k.v.execute.offline.ResendSchedule [vscu-thread-2] - Executing Resend Schedule
2026-01-22 16:25:06 INFO  c.k.v.execute.offline.ResendSchedule [vscu-thread-2] - Executing Resend Schedule
2026-01-22 16:25:07 DEBUG com.zaxxer.hikari.pool.HikariPool [HikariPool-1 housekeeper] - HikariPool-1 - Pool stats (total=20, active=0, idle=20, waiting=0)
2026-01-22 16:25:07 DEBUG com.zaxxer.hikari.pool.HikariPool [HikariPool-1 housekeeper] - HikariPool-1 - Fill pool skipped, pool has sufficient level or currently being filled (queueDepth=0).
2026-01-22 16:25:09 INFO  c.k.v.execute.offline.ResendSchedule [vscu-thread-2] - Executing Resend Schedule
2026-01-22 16:25:12 INFO  c.k.v.execute.offline.ResendSchedule [vscu-thread-2] - Executing Resend Schedule
2026-01-22 16:25:15 INFO  c.k.v.execute.offline.ResendSchedule [vscu-thread-2] - Executing Resend Schedule
2026-01-22 16:25:18 INFO  c.k.v.execute.offline.ResendSchedule [vscu-thread-2] - Executing Resend Schedule
2026-01-22 16:25:22 INFO  c.k.v.execute.offline.ResendSchedule [vscu-thread-2] - Executing Resend Schedule
2026-01-22 16:25:25 INFO  c.k.v.execute.offline.ResendSchedule [vscu-thread-2] - Executing Resend Schedule
2026-01-22 16:25:28 INFO  c.k.v.execute.offline.ResendSchedule [vscu-thread-2] - Executing Resend Schedule
2026-01-22 16:25:31 INFO  c.k.v.execute.offline.ResendSchedule [vscu-thread-2] - Executing Resend Schedule
2026-01-22 16:25:34 INFO  c.k.v.execute.offline.ResendSchedule [vscu-thread-2] - Executing Resend Schedule
2026-01-22 16:25:37 INFO  c.k.v.execute.offline.ResendSchedule [vscu-thread-2] - Executing Resend Schedule
2026-01-22 16:25:37 DEBUG com.zaxxer.hikari.pool.HikariPool [HikariPool-1 housekeeper] - HikariPool-1 - Pool stats (total=20, active=0, idle=20, waiting=0)
2026-01-22 16:25:37 DEBUG com.zaxxer.hikari.pool.HikariPool [HikariPool-1 housekeeper] - HikariPool-1 - Fill pool skipped, pool has sufficient level or currently being filled (queueDepth=0).
2026-01-22 16:25:40 INFO  c.k.v.execute.offline.ResendSchedule [vscu-thread-2] - Executing Resend Schedule
2026-01-22 16:25:43 INFO  c.k.v.execute.offline.ResendSchedule [vscu-thread-2] - Executing Resend Schedule
2026-01-22 16:25:46 INFO  c.k.v.execute.offline.ResendSchedule [vscu-thread-2] - Executing Resend Schedule
2026-01-22 16:25:49 INFO  c.k.v.execute.offline.ResendSchedule [vscu-thread-2] - Executing Resend Schedule
2026-01-22 16:25:52 INFO  c.k.v.execute.offline.ResendSchedule [vscu-thread-2] - Executing Resend Schedule
2026-01-22 16:25:55 INFO  c.k.v.execute.offline.ResendSchedule [vscu-thread-2] - Executing Resend Schedule
2026-01-22 16:25:58 INFO  c.k.v.execute.offline.ResendSchedule [vscu-thread-2] - Executing Resend Schedule
2026-01-22 16:26:01 INFO  c.k.v.execute.offline.ResendSchedule [vscu-thread-2] - Executing Resend Schedule
2026-01-22 16:26:04 INFO  c.k.v.execute.offline.ResendSchedule [vscu-thread-2] - Executing Resend Schedule
2026-01-22 16:26:07 INFO  c.k.v.execute.offline.ResendSchedule [vscu-thread-2] - Executing Resend Schedule
2026-01-22 16:26:07 DEBUG com.zaxxer.hikari.pool.HikariPool [HikariPool-1 housekeeper] - HikariPool-1 - Pool stats (total=20, active=0, idle=20, waiting=0)
2026-01-22 16:26:07 DEBUG com.zaxxer.hikari.pool.HikariPool [HikariPool-1 housekeeper] - HikariPool-1 - Fill pool skipped, pool has sufficient level or currently being filled (queueDepth=0).
2026-01-22 16:26:10 INFO  c.k.v.execute.offline.ResendSchedule [vscu-thread-2] - Executing Resend Schedule
2026-01-22 16:26:13 INFO  c.k.v.execute.offline.ResendSchedule [vscu-thread-2] - Executing Resend Schedule
2026-01-22 16:26:16 INFO  c.k.v.execute.offline.ResendSchedule [vscu-thread-2] - Executing Resend Schedule
2026-01-22 16:26:19 INFO  c.k.v.execute.offline.ResendSchedule [vscu-thread-2] - Executing Resend Schedule
2026-01-22 16:26:22 INFO  c.k.v.execute.offline.ResendSchedule [vscu-thread-2] - Executing Resend Schedule
2026-01-22 16:26:25 INFO  c.k.v.execute.offline.ResendSchedule [vscu-thread-2] - Executing Resend Schedule
2026-01-22 16:26:28 INFO  c.k.v.execute.offline.ResendSchedule [vscu-thread-2] - Executing Resend Schedule
2026-01-22 16:26:31 INFO  c.k.v.execute.offline.ResendSchedule [vscu-thread-2] - Executing Resend Schedule
2026-01-22 16:26:34 INFO  c.k.v.execute.offline.ResendSchedule [vscu-thread-2] - Executing Resend Schedule
2026-01-22 16:26:37 INFO  c.k.v.execute.offline.ResendSchedule [vscu-thread-2] - Executing Resend Schedule
2026-01-22 16:26:37 DEBUG com.zaxxer.hikari.pool.HikariPool [HikariPool-1 housekeeper] - HikariPool-1 - Pool stats (total=20, active=0, idle=20, waiting=0)
2026-01-22 16:26:37 DEBUG com.zaxxer.hikari.pool.HikariPool [HikariPool-1 housekeeper] - HikariPool-1 - Fill pool skipped, pool has sufficient level or currently being filled (queueDepth=0).
2026-01-22 16:26:40 INFO  c.k.v.execute.offline.ResendSchedule [vscu-thread-2] - Executing Resend Schedule
2026-01-22 16:26:43 INFO  c.k.v.execute.offline.ResendSchedule [vscu-thread-2] - Executing Resend Schedule
2026-01-22 16:26:46 INFO  c.k.v.execute.offline.ResendSchedule [vscu-thread-2] - Executing Resend Schedule
2026-01-22 16:26:49 INFO  c.k.v.execute.offline.ResendSchedule [vscu-thread-2] - Executing Resend Schedule
2026-01-22 16:26:52 INFO  c.k.v.execute.offline.ResendSchedule [vscu-thread-2] - Executing Resend Schedule
2026-01-22 16:26:55 INFO  c.k.v.execute.offline.ResendSchedule [vscu-thread-2] - Executing Resend Schedule
2026-01-22 16:26:58 INFO  c.k.v.execute.offline.ResendSchedule [vscu-thread-2] - Executing Resend Schedule
2026-01-22 16:27:01 INFO  c.k.v.execute.offline.ResendSchedule [vscu-thread-2] - Executing Resend Schedule
2026-01-22 16:27:04 INFO  c.k.v.execute.offline.ResendSchedule [vscu-thread-2] - Executing Resend Schedule
2026-01-22 16:27:07 DEBUG com.zaxxer.hikari.pool.HikariPool [HikariPool-1 housekeeper] - HikariPool-1 - Pool stats (total=20, active=0, idle=20, waiting=0)
2026-01-22 16:27:07 DEBUG com.zaxxer.hikari.pool.HikariPool [HikariPool-1 housekeeper] - HikariPool-1 - Fill pool skipped, pool has sufficient level or currently being filled (queueDepth=0).
2026-01-22 16:27:07 INFO  c.k.v.execute.offline.ResendSchedule [vscu-thread-2] - Executing Resend Schedule
2026-01-22 16:27:10 INFO  c.k.v.execute.offline.ResendSchedule [vscu-thread-2] - Executing Resend Schedule
2026-01-22 16:27:13 INFO  c.k.v.execute.offline.ResendSchedule [vscu-thread-2] - Executing Resend Schedule
2026-01-22 16:27:16 INFO  c.k.v.execute.offline.ResendSchedule [vscu-thread-2] - Executing Resend Schedule
2026-01-22 16:27:19 INFO  c.k.v.execute.offline.ResendSchedule [vscu-thread-2] - Executing Resend Schedule
2026-01-22 16:27:22 INFO  c.k.v.execute.offline.ResendSchedule [vscu-thread-2] - Executing Resend Schedule
2026-01-22 16:27:25 INFO  c.k.v.execute.offline.ResendSchedule [vscu-thread-2] - Executing Resend Schedule
2026-01-22 16:27:28 INFO  c.k.v.execute.offline.ResendSchedule [vscu-thread-2] - Executing Resend Schedule
2026-01-22 16:27:31 INFO  c.k.v.execute.offline.ResendSchedule [vscu-thread-2] - Executing Resend Schedule
2026-01-22 16:27:34 INFO  c.k.v.execute.offline.ResendSchedule [vscu-thread-2] - Executing Resend Schedule
2026-01-22 16:27:37 DEBUG com.zaxxer.hikari.pool.HikariPool [HikariPool-1 housekeeper] - HikariPool-1 - Pool stats (total=20, active=0, idle=20, waiting=0)
2026-01-22 16:27:37 DEBUG com.zaxxer.hikari.pool.HikariPool [HikariPool-1 housekeeper] - HikariPool-1 - Fill pool skipped, pool has sufficient level or currently being filled (queueDepth=0).
2026-01-22 16:27:37 INFO  c.k.v.execute.offline.ResendSchedule [vscu-thread-2] - Executing Resend Schedule
2026-01-22 16:27:40 INFO  c.k.v.execute.offline.ResendSchedule [vscu-thread-2] - Executing Resend Schedule
2026-01-22 16:27:43 INFO  c.k.v.execute.offline.ResendSchedule [vscu-thread-2] - Executing Resend Schedule
2026-01-22 16:27:46 INFO  c.k.v.execute.offline.ResendSchedule [vscu-thread-2] - Executing Resend Schedule
2026-01-22 16:27:49 INFO  c.k.v.execute.offline.ResendSchedule [vscu-thread-2] - Executing Resend Schedule
2026-01-22 16:27:52 INFO  c.k.v.execute.offline.ResendSchedule [vscu-thread-2] - Executing Resend Schedule
2026-01-22 16:27:55 INFO  c.k.v.execute.offline.ResendSchedule [vscu-thread-2] - Executing Resend Schedule
2026-01-22 16:27:58 INFO  c.k.v.execute.offline.ResendSchedule [vscu-thread-2] - Executing Resend Schedule
2026-01-22 16:28:01 INFO  c.k.v.execute.offline.ResendSchedule [vscu-thread-2] - Executing Resend Schedule
2026-01-22 16:28:04 INFO  c.k.v.execute.offline.ResendSchedule [vscu-thread-2] - Executing Resend Schedule
2026-01-22 16:28:07 DEBUG com.zaxxer.hikari.pool.HikariPool [HikariPool-1 housekeeper] - HikariPool-1 - Pool stats (total=20, active=0, idle=20, waiting=0)
2026-01-22 16:28:07 DEBUG com.zaxxer.hikari.pool.HikariPool [HikariPool-1 housekeeper] - HikariPool-1 - Fill pool skipped, pool has sufficient level or currently being filled (queueDepth=0).
2026-01-22 16:28:07 INFO  c.k.v.execute.offline.ResendSchedule [vscu-thread-2] - Executing Resend Schedule
2026-01-22 16:28:10 INFO  c.k.v.execute.offline.ResendSchedule [vscu-thread-2] - Executing Resend Schedule
2026-01-22 16:28:13 INFO  c.k.v.execute.offline.ResendSchedule [vscu-thread-2] - Executing Resend Schedule
2026-01-22 16:28:16 INFO  c.k.v.execute.offline.ResendSchedule [vscu-thread-2] - Executing Resend Schedule
2026-01-22 16:28:19 INFO  c.k.v.execute.offline.ResendSchedule [vscu-thread-2] - Executing Resend Schedule
2026-01-22 16:28:22 INFO  c.k.v.execute.offline.ResendSchedule [vscu-thread-2] - Executing Resend Schedule
2026-01-22 16:28:25 INFO  c.k.v.execute.offline.ResendSchedule [vscu-thread-2] - Executing Resend Schedule
2026-01-22 16:28:29 INFO  c.k.v.execute.offline.ResendSchedule [vscu-thread-1] - Executing Resend Schedule
2026-01-22 16:28:32 INFO  c.k.v.execute.offline.ResendSchedule [vscu-thread-1] - Executing Resend Schedule
2026-01-22 16:28:35 INFO  c.k.v.execute.offline.ResendSchedule [vscu-thread-2] - Executing Resend Schedule
2026-01-22 16:28:37 DEBUG com.zaxxer.hikari.pool.HikariPool [HikariPool-1 housekeeper] - HikariPool-1 - Pool stats (total=20, active=0, idle=20, waiting=0)
2026-01-22 16:28:37 DEBUG com.zaxxer.hikari.pool.HikariPool [HikariPool-1 housekeeper] - HikariPool-1 - Fill pool skipped, pool has sufficient level or currently being filled (queueDepth=0).
2026-01-22 16:28:38 INFO  c.k.v.execute.offline.ResendSchedule [vscu-thread-2] - Executing Resend Schedule
2026-01-22 16:28:41 INFO  c.k.v.execute.offline.ResendSchedule [vscu-thread-2] - Executing Resend Schedule
2026-01-22 16:28:44 INFO  c.k.v.execute.offline.ResendSchedule [vscu-thread-2] - Executing Resend Schedule
2026-01-22 16:28:47 INFO  c.k.v.execute.offline.ResendSchedule [vscu-thread-2] - Executing Resend Schedule
2026-01-22 16:28:50 INFO  c.k.v.execute.offline.ResendSchedule [vscu-thread-2] - Executing Resend Schedule
2026-01-22 16:28:53 INFO  c.k.v.execute.offline.ResendSchedule [vscu-thread-2] - Executing Resend Schedule
2026-01-22 16:28:56 INFO  c.k.v.execute.offline.ResendSchedule [vscu-thread-2] - Executing Resend Schedule
2026-01-22 16:28:59 INFO  c.k.v.execute.offline.ResendSchedule [vscu-thread-2] - Executing Resend Schedule
2026-01-22 16:29:02 INFO  c.k.v.execute.offline.ResendSchedule [vscu-thread-2] - Executing Resend Schedule
2026-01-22 16:29:05 INFO  c.k.v.execute.offline.ResendSchedule [vscu-thread-2] - Executing Resend Schedule
2026-01-22 16:29:07 DEBUG com.zaxxer.hikari.pool.HikariPool [HikariPool-1 housekeeper] - HikariPool-1 - Pool stats (total=20, active=0, idle=20, waiting=0)
2026-01-22 16:29:07 DEBUG com.zaxxer.hikari.pool.HikariPool [HikariPool-1 housekeeper] - HikariPool-1 - Fill pool skipped, pool has sufficient level or currently being filled (queueDepth=0).
2026-01-22 16:29:08 INFO  c.k.v.execute.offline.ResendSchedule [vscu-thread-3] - Executing Resend Schedule
2026-01-22 16:29:11 INFO  c.k.v.execute.offline.ResendSchedule [vscu-thread-3] - Executing Resend Schedule
2026-01-22 16:29:14 INFO  c.k.v.execute.offline.ResendSchedule [vscu-thread-2] - Executing Resend Schedule
2026-01-22 16:29:17 INFO  c.k.v.execute.offline.ResendSchedule [vscu-thread-2] - Executing Resend Schedule
2026-01-22 16:29:20 INFO  c.k.v.execute.offline.ResendSchedule [vscu-thread-2] - Executing Resend Schedule
2026-01-22 16:29:23 INFO  c.k.v.execute.offline.ResendSchedule [vscu-thread-2] - Executing Resend Schedule
2026-01-22 16:29:26 INFO  c.k.v.execute.offline.ResendSchedule [vscu-thread-2] - Executing Resend Schedule
2026-01-22 16:29:29 INFO  c.k.v.execute.offline.ResendSchedule [vscu-thread-2] - Executing Resend Schedule
2026-01-22 16:29:32 INFO  c.k.v.execute.offline.ResendSchedule [vscu-thread-2] - Executing Resend Schedule
2026-01-22 16:29:35 INFO  c.k.v.execute.offline.ResendSchedule [vscu-thread-2] - Executing Resend Schedule
2026-01-22 16:29:37 DEBUG com.zaxxer.hikari.pool.HikariPool [HikariPool-1 housekeeper] - HikariPool-1 - Pool stats (total=20, active=0, idle=20, waiting=0)
2026-01-22 16:29:37 DEBUG com.zaxxer.hikari.pool.HikariPool [HikariPool-1 housekeeper] - HikariPool-1 - Fill pool skipped, pool has sufficient level or currently being filled (queueDepth=0).
2026-01-22 16:29:38 INFO  c.k.v.execute.offline.ResendSchedule [vscu-thread-2] - Executing Resend Schedule
2026-01-22 16:29:41 INFO  c.k.v.execute.offline.ResendSchedule [vscu-thread-2] - Executing Resend Schedule
2026-01-22 16:29:44 INFO  c.k.v.execute.offline.ResendSchedule [vscu-thread-2] - Executing Resend Schedule
2026-01-22 16:29:47 INFO  c.k.v.execute.offline.ResendSchedule [vscu-thread-2] - Executing Resend Schedule
2026-01-22 16:29:50 INFO  c.k.v.execute.offline.ResendSchedule [vscu-thread-2] - Executing Resend Schedule
2026-01-22 16:29:53 INFO  c.k.v.execute.offline.ResendSchedule [vscu-thread-1] - Executing Resend Schedule
2026-01-22 16:29:56 INFO  c.k.v.execute.offline.ResendSchedule [vscu-thread-1] - Executing Resend Schedule
2026-01-22 16:29:59 INFO  c.k.v.execute.offline.ResendSchedule [vscu-thread-1] - Executing Resend Schedule
2026-01-22 16:30:02 INFO  c.k.v.execute.offline.ResendSchedule [vscu-thread-1] - Executing Resend Schedule
2026-01-22 16:30:05 INFO  c.k.v.execute.offline.ResendSchedule [vscu-thread-1] - Executing Resend Schedule
2026-01-22 16:30:07 DEBUG com.zaxxer.hikari.pool.HikariPool [HikariPool-1 housekeeper] - HikariPool-1 - Pool stats (total=20, active=0, idle=20, waiting=0)
2026-01-22 16:30:07 DEBUG com.zaxxer.hikari.pool.HikariPool [HikariPool-1 housekeeper] - HikariPool-1 - Fill pool skipped, pool has sufficient level or currently being filled (queueDepth=0).
2026-01-22 16:30:08 INFO  c.k.v.execute.offline.ResendSchedule [vscu-thread-1] - Executing Resend Schedule
2026-01-22 16:30:11 INFO  c.k.v.execute.offline.ResendSchedule [vscu-thread-1] - Executing Resend Schedule
2026-01-22 16:30:14 INFO  c.k.v.execute.offline.ResendSchedule [vscu-thread-1] - Executing Resend Schedule
2026-01-22 16:30:17 INFO  c.k.v.execute.offline.ResendSchedule [vscu-thread-1] - Executing Resend Schedule
2026-01-22 16:30:20 INFO  c.k.v.execute.offline.ResendSchedule [vscu-thread-1] - Executing Resend Schedule
2026-01-22 16:30:23 INFO  c.k.v.execute.offline.ResendSchedule [vscu-thread-1] - Executing Resend Schedule
2026-01-22 16:30:26 INFO  c.k.v.execute.offline.ResendSchedule [vscu-thread-1] - Executing Resend Schedule
2026-01-22 16:30:29 INFO  c.k.v.execute.offline.ResendSchedule [vscu-thread-1] - Executing Resend Schedule
2026-01-22 16:30:32 INFO  c.k.v.execute.offline.ResendSchedule [vscu-thread-1] - Executing Resend Schedule
2026-01-22 16:30:35 INFO  c.k.v.execute.offline.ResendSchedule [vscu-thread-1] - Executing Resend Schedule
2026-01-22 16:30:37 DEBUG com.zaxxer.hikari.pool.HikariPool [HikariPool-1 housekeeper] - HikariPool-1 - Pool stats (total=20, active=0, idle=20, waiting=0)
2026-01-22 16:30:37 DEBUG com.zaxxer.hikari.pool.HikariPool [HikariPool-1 housekeeper] - HikariPool-1 - Fill pool skipped, pool has sufficient level or currently being filled (queueDepth=0).
2026-01-22 16:30:38 INFO  c.k.v.execute.offline.ResendSchedule [vscu-thread-3] - Executing Resend Schedule
2026-01-22 16:30:41 INFO  c.k.v.execute.offline.ResendSchedule [vscu-thread-3] - Executing Resend Schedule
2026-01-22 16:30:44 INFO  c.k.v.execute.offline.ResendSchedule [vscu-thread-3] - Executing Resend Schedule
2026-01-22 16:30:47 INFO  c.k.v.execute.offline.ResendSchedule [vscu-thread-3] - Executing Resend Schedule
2026-01-22 16:30:50 INFO  c.k.v.execute.offline.ResendSchedule [vscu-thread-3] - Executing Resend Schedule
2026-01-22 16:30:53 INFO  c.k.v.execute.offline.ResendSchedule [vscu-thread-3] - Executing Resend Schedule
2026-01-22 16:30:56 INFO  c.k.v.execute.offline.ResendSchedule [vscu-thread-3] - Executing Resend Schedule
2026-01-22 16:30:59 INFO  c.k.v.execute.offline.ResendSchedule [vscu-thread-3] - Executing Resend Schedule
2026-01-22 16:31:02 INFO  c.k.v.execute.offline.ResendSchedule [vscu-thread-3] - Executing Resend Schedule
2026-01-22 16:31:05 INFO  c.k.v.execute.offline.ResendSchedule [vscu-thread-3] - Executing Resend Schedule
2026-01-22 16:31:07 DEBUG com.zaxxer.hikari.pool.HikariPool [HikariPool-1 housekeeper] - HikariPool-1 - Pool stats (total=20, active=0, idle=20, waiting=0)
2026-01-22 16:31:07 DEBUG com.zaxxer.hikari.pool.HikariPool [HikariPool-1 housekeeper] - HikariPool-1 - Fill pool skipped, pool has sufficient level or currently being filled (queueDepth=0).
2026-01-22 16:31:08 INFO  c.k.v.execute.offline.ResendSchedule [vscu-thread-3] - Executing Resend Schedule
2026-01-22 16:31:11 INFO  c.k.v.execute.offline.ResendSchedule [vscu-thread-3] - Executing Resend Schedule
2026-01-22 16:31:14 INFO  c.k.v.execute.offline.ResendSchedule [vscu-thread-3] - Executing Resend Schedule
2026-01-22 16:31:17 INFO  c.k.v.execute.offline.ResendSchedule [vscu-thread-3] - Executing Resend Schedule
2026-01-22 16:31:20 INFO  c.k.v.execute.offline.ResendSchedule [vscu-thread-3] - Executing Resend Schedule
2026-01-22 16:31:23 INFO  c.k.v.execute.offline.ResendSchedule [vscu-thread-3] - Executing Resend Schedule
2026-01-22 16:31:26 INFO  c.k.v.execute.offline.ResendSchedule [vscu-thread-1] - Executing Resend Schedule
2026-01-22 16:31:29 INFO  c.k.v.execute.offline.ResendSchedule [vscu-thread-1] - Executing Resend Schedule
2026-01-22 16:31:32 INFO  c.k.v.execute.offline.ResendSchedule [vscu-thread-1] - Executing Resend Schedule
2026-01-22 16:31:36 INFO  c.k.v.execute.offline.ResendSchedule [vscu-thread-1] - Executing Resend Schedule
2026-01-22 16:31:37 DEBUG com.zaxxer.hikari.pool.HikariPool [HikariPool-1 housekeeper] - HikariPool-1 - Pool stats (total=20, active=0, idle=20, waiting=0)
2026-01-22 16:31:37 DEBUG com.zaxxer.hikari.pool.HikariPool [HikariPool-1 housekeeper] - HikariPool-1 - Fill pool skipped, pool has sufficient level or currently being filled (queueDepth=0).
2026-01-22 16:31:39 INFO  c.k.v.execute.offline.ResendSchedule [vscu-thread-1] - Executing Resend Schedule
2026-01-22 16:31:42 INFO  c.k.v.execute.offline.ResendSchedule [vscu-thread-1] - Executing Resend Schedule
2026-01-22 16:31:45 INFO  c.k.v.execute.offline.ResendSchedule [vscu-thread-1] - Executing Resend Schedule
2026-01-22 16:31:48 INFO  c.k.v.execute.offline.ResendSchedule [vscu-thread-1] - Executing Resend Schedule
2026-01-22 16:31:51 INFO  c.k.v.execute.offline.ResendSchedule [vscu-thread-1] - Executing Resend Schedule
2026-01-22 16:31:54 INFO  c.k.v.execute.offline.ResendSchedule [vscu-thread-1] - Executing Resend Schedule
2026-01-22 16:31:57 INFO  c.k.v.execute.offline.ResendSchedule [vscu-thread-1] - Executing Resend Schedule
2026-01-22 16:32:00 INFO  c.k.v.execute.offline.ResendSchedule [vscu-thread-1] - Executing Resend Schedule
2026-01-22 16:32:03 INFO  c.k.v.execute.offline.ResendSchedule [vscu-thread-1] - Executing Resend Schedule
2026-01-22 16:32:06 INFO  c.k.v.execute.offline.ResendSchedule [vscu-thread-1] - Executing Resend Schedule
2026-01-22 16:32:07 DEBUG com.zaxxer.hikari.pool.HikariPool [HikariPool-1 housekeeper] - HikariPool-1 - Pool stats (total=20, active=0, idle=20, waiting=0)
2026-01-22 16:32:07 DEBUG com.zaxxer.hikari.pool.HikariPool [HikariPool-1 housekeeper] - HikariPool-1 - Fill pool skipped, pool has sufficient level or currently being filled (queueDepth=0).
2026-01-22 16:32:09 INFO  c.k.v.execute.offline.ResendSchedule [vscu-thread-1] - Executing Resend Schedule
2026-01-22 16:32:12 INFO  c.k.v.execute.offline.ResendSchedule [vscu-thread-1] - Executing Resend Schedule
2026-01-22 16:32:15 INFO  c.k.v.execute.offline.ResendSchedule [vscu-thread-1] - Executing Resend Schedule
2026-01-22 16:32:18 INFO  c.k.v.execute.offline.ResendSchedule [vscu-thread-1] - Executing Resend Schedule
2026-01-22 16:32:21 INFO  c.k.v.execute.offline.ResendSchedule [vscu-thread-3] - Executing Resend Schedule
2026-01-22 16:32:24 INFO  c.k.v.execute.offline.ResendSchedule [vscu-thread-3] - Executing Resend Schedule
2026-01-22 16:32:27 INFO  c.k.v.execute.offline.ResendSchedule [vscu-thread-3] - Executing Resend Schedule
2026-01-22 16:32:30 INFO  c.k.v.execute.offline.ResendSchedule [vscu-thread-3] - Executing Resend Schedule
2026-01-22 16:32:33 INFO  c.k.v.execute.offline.ResendSchedule [vscu-thread-3] - Executing Resend Schedule
2026-01-22 16:32:36 INFO  c.k.v.execute.offline.ResendSchedule [vscu-thread-3] - Executing Resend Schedule
2026-01-22 16:32:37 DEBUG com.zaxxer.hikari.pool.HikariPool [HikariPool-1 housekeeper] - HikariPool-1 - Pool stats (total=20, active=0, idle=20, waiting=0)
2026-01-22 16:32:37 DEBUG com.zaxxer.hikari.pool.HikariPool [HikariPool-1 housekeeper] - HikariPool-1 - Fill pool skipped, pool has sufficient level or currently being filled (queueDepth=0).
2026-01-22 16:32:39 INFO  c.k.v.execute.offline.ResendSchedule [vscu-thread-3] - Executing Resend Schedule
2026-01-22 16:32:42 INFO  c.k.v.execute.offline.ResendSchedule [vscu-thread-3] - Executing Resend Schedule
2026-01-22 16:32:45 INFO  c.k.v.execute.offline.ResendSchedule [vscu-thread-3] - Executing Resend Schedule
2026-01-22 16:32:48 INFO  c.k.v.execute.offline.ResendSchedule [vscu-thread-3] - Executing Resend Schedule
2026-01-22 16:32:51 INFO  c.k.v.execute.offline.ResendSchedule [vscu-thread-3] - Executing Resend Schedule
2026-01-22 16:32:54 INFO  c.k.v.execute.offline.ResendSchedule [vscu-thread-3] - Executing Resend Schedule
2026-01-22 16:32:57 INFO  c.k.v.execute.offline.ResendSchedule [vscu-thread-3] - Executing Resend Schedule
2026-01-22 16:33:00 INFO  c.k.v.execute.offline.ResendSchedule [vscu-thread-3] - Executing Resend Schedule
2026-01-22 16:33:03 INFO  c.k.v.execute.offline.ResendSchedule [vscu-thread-3] - Executing Resend Schedule
2026-01-22 16:33:06 INFO  c.k.v.execute.offline.ResendSchedule [vscu-thread-3] - Executing Resend Schedule
2026-01-22 16:33:07 DEBUG com.zaxxer.hikari.pool.HikariPool [HikariPool-1 housekeeper] - HikariPool-1 - Pool stats (total=20, active=0, idle=20, waiting=0)
2026-01-22 16:33:07 DEBUG com.zaxxer.hikari.pool.HikariPool [HikariPool-1 housekeeper] - HikariPool-1 - Fill pool skipped, pool has sufficient level or currently being filled (queueDepth=0).
2026-01-22 16:33:09 INFO  c.k.v.execute.offline.ResendSchedule [vscu-thread-3] - Executing Resend Schedule
2026-01-22 16:33:12 INFO  c.k.v.execute.offline.ResendSchedule [vscu-thread-2] - Executing Resend Schedule
2026-01-22 16:33:15 INFO  c.k.v.execute.offline.ResendSchedule [vscu-thread-2] - Executing Resend Schedule
2026-01-22 16:33:18 INFO  c.k.v.execute.offline.ResendSchedule [vscu-thread-2] - Executing Resend Schedule
2026-01-22 16:33:21 INFO  c.k.v.execute.offline.ResendSchedule [vscu-thread-2] - Executing Resend Schedule
2026-01-22 16:33:24 INFO  c.k.v.execute.offline.ResendSchedule [vscu-thread-2] - Executing Resend Schedule
2026-01-22 16:33:27 INFO  c.k.v.execute.offline.ResendSchedule [vscu-thread-2] - Executing Resend Schedule
2026-01-22 16:33:30 INFO  c.k.v.execute.offline.ResendSchedule [vscu-thread-2] - Executing Resend Schedule
2026-01-22 16:33:33 INFO  c.k.v.execute.offline.ResendSchedule [vscu-thread-2] - Executing Resend Schedule
2026-01-22 16:33:36 INFO  c.k.v.execute.offline.ResendSchedule [vscu-thread-2] - Executing Resend Schedule
2026-01-22 16:33:37 DEBUG com.zaxxer.hikari.pool.HikariPool [HikariPool-1 housekeeper] - HikariPool-1 - Pool stats (total=20, active=0, idle=20, waiting=0)
2026-01-22 16:33:37 DEBUG com.zaxxer.hikari.pool.HikariPool [HikariPool-1 housekeeper] - HikariPool-1 - Fill pool skipped, pool has sufficient level or currently being filled (queueDepth=0).
2026-01-22 16:33:39 INFO  c.k.v.execute.offline.ResendSchedule [vscu-thread-2] - Executing Resend Schedule
2026-01-22 16:33:42 INFO  c.k.v.execute.offline.ResendSchedule [vscu-thread-2] - Executing Resend Schedule
2026-01-22 16:33:45 INFO  c.k.v.execute.offline.ResendSchedule [vscu-thread-2] - Executing Resend Schedule
2026-01-22 16:33:48 INFO  c.k.v.execute.offline.ResendSchedule [vscu-thread-2] - Executing Resend Schedule
2026-01-22 16:33:51 INFO  c.k.v.execute.offline.ResendSchedule [vscu-thread-1] - Executing Resend Schedule
2026-01-22 16:33:54 INFO  c.k.v.execute.offline.ResendSchedule [vscu-thread-1] - Executing Resend Schedule
2026-01-22 16:33:57 INFO  c.k.v.execute.offline.ResendSchedule [vscu-thread-1] - Executing Resend Schedule
2026-01-22 16:34:00 INFO  c.k.v.execute.offline.ResendSchedule [vscu-thread-1] - Executing Resend Schedule
2026-01-22 16:34:03 INFO  c.k.v.execute.offline.ResendSchedule [vscu-thread-1] - Executing Resend Schedule
2026-01-22 16:34:06 INFO  c.k.v.execute.offline.ResendSchedule [vscu-thread-1] - Executing Resend Schedule
2026-01-22 16:34:07 DEBUG com.zaxxer.hikari.pool.HikariPool [HikariPool-1 housekeeper] - HikariPool-1 - Pool stats (total=20, active=0, idle=20, waiting=0)
2026-01-22 16:34:07 DEBUG com.zaxxer.hikari.pool.HikariPool [HikariPool-1 housekeeper] - HikariPool-1 - Fill pool skipped, pool has sufficient level or currently being filled (queueDepth=0).
2026-01-22 16:34:09 INFO  c.k.v.execute.offline.ResendSchedule [vscu-thread-1] - Executing Resend Schedule
2026-01-22 16:34:12 INFO  c.k.v.execute.offline.ResendSchedule [vscu-thread-1] - Executing Resend Schedule
2026-01-22 16:34:15 INFO  c.k.v.execute.offline.ResendSchedule [vscu-thread-1] - Executing Resend Schedule
2026-01-22 16:34:18 INFO  c.k.v.execute.offline.ResendSchedule [vscu-thread-1] - Executing Resend Schedule
2026-01-22 16:34:21 INFO  c.k.v.execute.offline.ResendSchedule [vscu-thread-1] - Executing Resend Schedule
2026-01-22 16:34:24 INFO  c.k.v.execute.offline.ResendSchedule [vscu-thread-1] - Executing Resend Schedule
2026-01-22 16:34:28 INFO  c.k.v.execute.offline.ResendSchedule [vscu-thread-1] - Executing Resend Schedule
2026-01-22 16:34:31 INFO  c.k.v.execute.offline.ResendSchedule [vscu-thread-1] - Executing Resend Schedule
2026-01-22 16:34:34 INFO  c.k.v.execute.offline.ResendSchedule [vscu-thread-1] - Executing Resend Schedule
2026-01-22 16:34:37 INFO  c.k.v.execute.offline.ResendSchedule [vscu-thread-1] - Executing Resend Schedule
2026-01-22 16:34:37 DEBUG com.zaxxer.hikari.pool.HikariPool [HikariPool-1 housekeeper] - HikariPool-1 - Pool stats (total=20, active=0, idle=20, waiting=0)
2026-01-22 16:34:37 DEBUG com.zaxxer.hikari.pool.HikariPool [HikariPool-1 housekeeper] - HikariPool-1 - Fill pool skipped, pool has sufficient level or currently being filled (queueDepth=0).
2026-01-22 16:34:40 INFO  c.k.v.execute.offline.ResendSchedule [vscu-thread-1] - Executing Resend Schedule
2026-01-22 16:34:43 INFO  c.k.v.execute.offline.ResendSchedule [vscu-thread-1] - Executing Resend Schedule
2026-01-22 16:34:46 INFO  c.k.v.execute.offline.ResendSchedule [vscu-thread-1] - Executing Resend Schedule
2026-01-22 16:34:49 INFO  c.k.v.execute.offline.ResendSchedule [vscu-thread-1] - Executing Resend Schedule
2026-01-22 16:34:52 INFO  c.k.v.execute.offline.ResendSchedule [vscu-thread-1] - Executing Resend Schedule
2026-01-22 16:34:55 INFO  c.k.v.execute.offline.ResendSchedule [vscu-thread-1] - Executing Resend Schedule
2026-01-22 16:34:58 INFO  c.k.v.execute.offline.ResendSchedule [vscu-thread-1] - Executing Resend Schedule
2026-01-22 16:35:01 INFO  c.k.v.execute.offline.ResendSchedule [vscu-thread-1] - Executing Resend Schedule
2026-01-22 16:35:04 INFO  c.k.v.execute.offline.ResendSchedule [vscu-thread-1] - Executing Resend Schedule
2026-01-22 16:35:07 INFO  c.k.v.execute.offline.ResendSchedule [vscu-thread-1] - Executing Resend Schedule
2026-01-22 16:35:07 DEBUG com.zaxxer.hikari.pool.HikariPool [HikariPool-1 housekeeper] - HikariPool-1 - Pool stats (total=20, active=0, idle=20, waiting=0)
2026-01-22 16:35:07 DEBUG com.zaxxer.hikari.pool.HikariPool [HikariPool-1 housekeeper] - HikariPool-1 - Fill pool skipped, pool has sufficient level or currently being filled (queueDepth=0).
2026-01-22 16:35:10 INFO  c.k.v.execute.offline.ResendSchedule [vscu-thread-1] - Executing Resend Schedule
2026-01-22 16:35:13 INFO  c.k.v.execute.offline.ResendSchedule [vscu-thread-1] - Executing Resend Schedule
2026-01-22 16:35:16 INFO  c.k.v.execute.offline.ResendSchedule [vscu-thread-1] - Executing Resend Schedule
2026-01-22 16:35:19 INFO  c.k.v.execute.offline.ResendSchedule [vscu-thread-1] - Executing Resend Schedule
2026-01-22 16:35:22 INFO  c.k.v.execute.offline.ResendSchedule [vscu-thread-1] - Executing Resend Schedule
2026-01-22 16:35:25 INFO  c.k.v.execute.offline.ResendSchedule [vscu-thread-1] - Executing Resend Schedule
2026-01-22 16:35:28 INFO  c.k.v.execute.offline.ResendSchedule [vscu-thread-1] - Executing Resend Schedule
2026-01-22 16:35:31 INFO  c.k.v.execute.offline.ResendSchedule [vscu-thread-1] - Executing Resend Schedule
2026-01-22 16:35:34 INFO  c.k.v.execute.offline.ResendSchedule [vscu-thread-1] - Executing Resend Schedule
2026-01-22 16:35:37 INFO  c.k.v.execute.offline.ResendSchedule [vscu-thread-1] - Executing Resend Schedule
2026-01-22 16:35:37 DEBUG com.zaxxer.hikari.pool.HikariPool [HikariPool-1 housekeeper] - HikariPool-1 - Pool stats (total=20, active=0, idle=20, waiting=0)
2026-01-22 16:35:37 DEBUG com.zaxxer.hikari.pool.HikariPool [HikariPool-1 housekeeper] - HikariPool-1 - Fill pool skipped, pool has sufficient level or currently being filled (queueDepth=0).
2026-01-22 16:35:40 INFO  c.k.v.execute.offline.ResendSchedule [vscu-thread-1] - Executing Resend Schedule
2026-01-22 16:35:43 INFO  c.k.v.execute.offline.ResendSchedule [vscu-thread-1] - Executing Resend Schedule
2026-01-22 16:35:46 INFO  c.k.v.execute.offline.ResendSchedule [vscu-thread-1] - Executing Resend Schedule
2026-01-22 16:35:49 INFO  c.k.v.execute.offline.ResendSchedule [vscu-thread-1] - Executing Resend Schedule
2026-01-22 16:35:52 INFO  c.k.v.execute.offline.ResendSchedule [vscu-thread-1] - Executing Resend Schedule
2026-01-22 16:35:55 INFO  c.k.v.execute.offline.ResendSchedule [vscu-thread-1] - Executing Resend Schedule
2026-01-22 16:35:58 INFO  c.k.v.execute.offline.ResendSchedule [vscu-thread-1] - Executing Resend Schedule
2026-01-22 16:36:01 INFO  c.k.v.execute.offline.ResendSchedule [vscu-thread-1] - Executing Resend Schedule
2026-01-22 16:36:04 INFO  c.k.v.execute.offline.ResendSchedule [vscu-thread-1] - Executing Resend Schedule
2026-01-22 16:36:07 INFO  c.k.v.execute.offline.ResendSchedule [vscu-thread-1] - Executing Resend Schedule
2026-01-22 16:36:07 DEBUG com.zaxxer.hikari.pool.HikariPool [HikariPool-1 housekeeper] - HikariPool-1 - Pool stats (total=20, active=0, idle=20, waiting=0)
2026-01-22 16:36:07 DEBUG com.zaxxer.hikari.pool.HikariPool [HikariPool-1 housekeeper] - HikariPool-1 - Fill pool skipped, pool has sufficient level or currently being filled (queueDepth=0).
2026-01-22 16:36:10 INFO  c.k.v.execute.offline.ResendSchedule [vscu-thread-1] - Executing Resend Schedule
2026-01-22 16:36:13 INFO  c.k.v.execute.offline.ResendSchedule [vscu-thread-1] - Executing Resend Schedule
2026-01-22 16:36:16 INFO  c.k.v.execute.offline.ResendSchedule [vscu-thread-1] - Executing Resend Schedule
2026-01-22 16:36:19 INFO  c.k.v.execute.offline.ResendSchedule [vscu-thread-1] - Executing Resend Schedule
2026-01-22 16:36:22 INFO  c.k.v.execute.offline.ResendSchedule [vscu-thread-2] - Executing Resend Schedule
2026-01-22 16:36:25 INFO  c.k.v.execute.offline.ResendSchedule [vscu-thread-2] - Executing Resend Schedule
2026-01-22 16:36:28 INFO  c.k.v.execute.offline.ResendSchedule [vscu-thread-2] - Executing Resend Schedule
2026-01-22 16:36:31 INFO  c.k.v.execute.offline.ResendSchedule [vscu-thread-2] - Executing Resend Schedule
2026-01-22 16:36:34 INFO  c.k.v.execute.offline.ResendSchedule [vscu-thread-2] - Executing Resend Schedule
2026-01-22 16:36:37 DEBUG com.zaxxer.hikari.pool.HikariPool [HikariPool-1 housekeeper] - HikariPool-1 - Pool stats (total=20, active=0, idle=20, waiting=0)
2026-01-22 16:36:37 DEBUG com.zaxxer.hikari.pool.HikariPool [HikariPool-1 housekeeper] - HikariPool-1 - Fill pool skipped, pool has sufficient level or currently being filled (queueDepth=0).
2026-01-22 16:36:37 INFO  c.k.v.execute.offline.ResendSchedule [vscu-thread-2] - Executing Resend Schedule
2026-01-22 16:36:40 INFO  c.k.v.execute.offline.ResendSchedule [vscu-thread-2] - Executing Resend Schedule
2026-01-22 16:36:43 INFO  c.k.v.execute.offline.ResendSchedule [vscu-thread-2] - Executing Resend Schedule
2026-01-22 16:36:46 INFO  c.k.v.execute.offline.ResendSchedule [vscu-thread-2] - Executing Resend Schedule
2026-01-22 16:36:49 INFO  c.k.v.execute.offline.ResendSchedule [vscu-thread-2] - Executing Resend Schedule
2026-01-22 16:36:52 INFO  c.k.v.execute.offline.ResendSchedule [vscu-thread-2] - Executing Resend Schedule
2026-01-22 16:36:55 INFO  c.k.v.execute.offline.ResendSchedule [vscu-thread-2] - Executing Resend Schedule
2026-01-22 16:36:58 INFO  c.k.v.execute.offline.ResendSchedule [vscu-thread-2] - Executing Resend Schedule
2026-01-22 16:37:01 INFO  c.k.v.execute.offline.ResendSchedule [vscu-thread-2] - Executing Resend Schedule
2026-01-22 16:37:04 INFO  c.k.v.execute.offline.ResendSchedule [vscu-thread-2] - Executing Resend Schedule
2026-01-22 16:37:07 DEBUG com.zaxxer.hikari.pool.HikariPool [HikariPool-1 housekeeper] - HikariPool-1 - Pool stats (total=20, active=0, idle=20, waiting=0)
2026-01-22 16:37:07 DEBUG com.zaxxer.hikari.pool.HikariPool [HikariPool-1 housekeeper] - HikariPool-1 - Fill pool skipped, pool has sufficient level or currently being filled (queueDepth=0).
2026-01-22 16:37:07 INFO  c.k.v.execute.offline.ResendSchedule [vscu-thread-2] - Executing Resend Schedule
2026-01-22 16:37:10 INFO  c.k.v.execute.offline.ResendSchedule [vscu-thread-2] - Executing Resend Schedule
2026-01-22 16:37:13 INFO  c.k.v.execute.offline.ResendSchedule [vscu-thread-2] - Executing Resend Schedule
2026-01-22 16:37:16 INFO  c.k.v.execute.offline.ResendSchedule [vscu-thread-2] - Executing Resend Schedule
2026-01-22 16:37:19 INFO  c.k.v.execute.offline.ResendSchedule [vscu-thread-2] - Executing Resend Schedule
2026-01-22 16:37:22 INFO  c.k.v.execute.offline.ResendSchedule [vscu-thread-2] - Executing Resend Schedule
2026-01-22 16:37:25 INFO  c.k.v.execute.offline.ResendSchedule [vscu-thread-2] - Executing Resend Schedule
2026-01-22 16:37:28 INFO  c.k.v.execute.offline.ResendSchedule [vscu-thread-1] - Executing Resend Schedule
2026-01-22 16:37:31 INFO  c.k.v.execute.offline.ResendSchedule [vscu-thread-1] - Executing Resend Schedule
2026-01-22 16:37:34 INFO  c.k.v.execute.offline.ResendSchedule [vscu-thread-1] - Executing Resend Schedule
2026-01-22 16:37:37 DEBUG com.zaxxer.hikari.pool.HikariPool [HikariPool-1 housekeeper] - HikariPool-1 - Pool stats (total=20, active=0, idle=20, waiting=0)
2026-01-22 16:37:37 DEBUG com.zaxxer.hikari.pool.HikariPool [HikariPool-1 housekeeper] - HikariPool-1 - Fill pool skipped, pool has sufficient level or currently being filled (queueDepth=0).
2026-01-22 16:37:37 INFO  c.k.v.execute.offline.ResendSchedule [vscu-thread-1] - Executing Resend Schedule
2026-01-22 16:37:40 INFO  c.k.v.execute.offline.ResendSchedule [vscu-thread-1] - Executing Resend Schedule
2026-01-22 16:37:44 INFO  c.k.v.execute.offline.ResendSchedule [vscu-thread-1] - Executing Resend Schedule
2026-01-22 16:37:47 INFO  c.k.v.execute.offline.ResendSchedule [vscu-thread-1] - Executing Resend Schedule
2026-01-22 16:37:50 INFO  c.k.v.execute.offline.ResendSchedule [vscu-thread-1] - Executing Resend Schedule
2026-01-22 16:37:53 INFO  c.k.v.execute.offline.ResendSchedule [vscu-thread-1] - Executing Resend Schedule
2026-01-22 16:37:56 INFO  c.k.v.execute.offline.ResendSchedule [vscu-thread-1] - Executing Resend Schedule
2026-01-22 16:37:59 INFO  c.k.v.execute.offline.ResendSchedule [vscu-thread-2] - Executing Resend Schedule
2026-01-22 16:38:02 INFO  c.k.v.execute.offline.ResendSchedule [vscu-thread-2] - Executing Resend Schedule
2026-01-22 16:38:05 INFO  c.k.v.execute.offline.ResendSchedule [vscu-thread-2] - Executing Resend Schedule
2026-01-22 16:38:07 DEBUG com.zaxxer.hikari.pool.HikariPool [HikariPool-1 housekeeper] - HikariPool-1 - Pool stats (total=20, active=0, idle=20, waiting=0)
2026-01-22 16:38:07 DEBUG com.zaxxer.hikari.pool.HikariPool [HikariPool-1 housekeeper] - HikariPool-1 - Fill pool skipped, pool has sufficient level or currently being filled (queueDepth=0).
2026-01-22 16:38:08 INFO  c.k.v.execute.offline.ResendSchedule [vscu-thread-2] - Executing Resend Schedule
2026-01-22 16:38:11 INFO  c.k.v.execute.offline.ResendSchedule [vscu-thread-2] - Executing Resend Schedule
2026-01-22 16:38:14 INFO  c.k.v.execute.offline.ResendSchedule [vscu-thread-2] - Executing Resend Schedule
2026-01-22 16:38:17 INFO  c.k.v.execute.offline.ResendSchedule [vscu-thread-2] - Executing Resend Schedule
2026-01-22 16:38:20 INFO  c.k.v.execute.offline.ResendSchedule [vscu-thread-2] - Executing Resend Schedule
2026-01-22 16:38:23 INFO  c.k.v.execute.offline.ResendSchedule [vscu-thread-2] - Executing Resend Schedule
2026-01-22 16:38:26 INFO  c.k.v.execute.offline.ResendSchedule [vscu-thread-2] - Executing Resend Schedule
2026-01-22 16:38:29 INFO  c.k.v.execute.offline.ResendSchedule [vscu-thread-2] - Executing Resend Schedule
2026-01-22 16:38:32 INFO  c.k.v.execute.offline.ResendSchedule [vscu-thread-2] - Executing Resend Schedule
2026-01-22 16:38:35 INFO  c.k.v.execute.offline.ResendSchedule [vscu-thread-2] - Executing Resend Schedule
2026-01-22 16:38:37 DEBUG com.zaxxer.hikari.pool.HikariPool [HikariPool-1 housekeeper] - HikariPool-1 - Pool stats (total=20, active=0, idle=20, waiting=0)
2026-01-22 16:38:37 DEBUG com.zaxxer.hikari.pool.HikariPool [HikariPool-1 housekeeper] - HikariPool-1 - Fill pool skipped, pool has sufficient level or currently being filled (queueDepth=0).
2026-01-22 16:38:38 INFO  c.k.v.execute.offline.ResendSchedule [vscu-thread-2] - Executing Resend Schedule
2026-01-22 16:38:41 INFO  c.k.v.execute.offline.ResendSchedule [vscu-thread-2] - Executing Resend Schedule
2026-01-22 16:38:44 INFO  c.k.v.execute.offline.ResendSchedule [vscu-thread-2] - Executing Resend Schedule
2026-01-22 16:38:47 INFO  c.k.v.execute.offline.ResendSchedule [vscu-thread-2] - Executing Resend Schedule
2026-01-22 16:38:50 INFO  c.k.v.execute.offline.ResendSchedule [vscu-thread-2] - Executing Resend Schedule
2026-01-22 16:38:53 INFO  c.k.v.execute.offline.ResendSchedule [vscu-thread-2] - Executing Resend Schedule
2026-01-22 16:38:56 INFO  c.k.v.execute.offline.ResendSchedule [vscu-thread-2] - Executing Resend Schedule
2026-01-22 16:38:59 INFO  c.k.v.execute.offline.ResendSchedule [vscu-thread-2] - Executing Resend Schedule
2026-01-22 16:39:02 INFO  c.k.v.execute.offline.ResendSchedule [vscu-thread-2] - Executing Resend Schedule
2026-01-22 16:39:05 INFO  c.k.v.execute.offline.ResendSchedule [vscu-thread-2] - Executing Resend Schedule
2026-01-22 16:39:07 DEBUG com.zaxxer.hikari.pool.HikariPool [HikariPool-1 housekeeper] - HikariPool-1 - Pool stats (total=20, active=0, idle=20, waiting=0)
2026-01-22 16:39:07 DEBUG com.zaxxer.hikari.pool.HikariPool [HikariPool-1 housekeeper] - HikariPool-1 - Fill pool skipped, pool has sufficient level or currently being filled (queueDepth=0).
2026-01-22 16:39:08 INFO  c.k.v.execute.offline.ResendSchedule [vscu-thread-2] - Executing Resend Schedule
2026-01-22 16:39:11 INFO  c.k.v.execute.offline.ResendSchedule [vscu-thread-2] - Executing Resend Schedule
2026-01-22 16:39:14 INFO  c.k.v.execute.offline.ResendSchedule [vscu-thread-2] - Executing Resend Schedule
2026-01-22 16:39:17 INFO  c.k.v.execute.offline.ResendSchedule [vscu-thread-2] - Executing Resend Schedule
2026-01-22 16:39:20 INFO  c.k.v.execute.offline.ResendSchedule [vscu-thread-2] - Executing Resend Schedule
2026-01-22 16:39:23 INFO  c.k.v.execute.offline.ResendSchedule [vscu-thread-2] - Executing Resend Schedule
2026-01-22 16:39:26 INFO  c.k.v.execute.offline.ResendSchedule [vscu-thread-2] - Executing Resend Schedule
2026-01-22 16:39:29 INFO  c.k.v.execute.offline.ResendSchedule [vscu-thread-2] - Executing Resend Schedule
2026-01-22 16:39:32 INFO  c.k.v.execute.offline.ResendSchedule [vscu-thread-2] - Executing Resend Schedule
2026-01-22 16:39:35 INFO  c.k.v.execute.offline.ResendSchedule [vscu-thread-2] - Executing Resend Schedule
2026-01-22 16:39:37 DEBUG com.zaxxer.hikari.pool.HikariPool [HikariPool-1 housekeeper] - HikariPool-1 - Pool stats (total=20, active=0, idle=20, waiting=0)
2026-01-22 16:39:37 DEBUG com.zaxxer.hikari.pool.HikariPool [HikariPool-1 housekeeper] - HikariPool-1 - Fill pool skipped, pool has sufficient level or currently being filled (queueDepth=0).
2026-01-22 16:39:38 INFO  c.k.v.execute.offline.ResendSchedule [vscu-thread-2] - Executing Resend Schedule
2026-01-22 16:39:41 INFO  c.k.v.execute.offline.ResendSchedule [vscu-thread-2] - Executing Resend Schedule
2026-01-22 16:39:44 INFO  c.k.v.execute.offline.ResendSchedule [vscu-thread-2] - Executing Resend Schedule
2026-01-22 16:39:47 INFO  c.k.v.execute.offline.ResendSchedule [vscu-thread-2] - Executing Resend Schedule
2026-01-22 16:39:50 INFO  c.k.v.execute.offline.ResendSchedule [vscu-thread-2] - Executing Resend Schedule
2026-01-22 16:39:53 INFO  c.k.v.execute.offline.ResendSchedule [vscu-thread-2] - Executing Resend Schedule
2026-01-22 16:39:56 INFO  c.k.v.execute.offline.ResendSchedule [vscu-thread-2] - Executing Resend Schedule
2026-01-22 16:39:59 INFO  c.k.v.execute.offline.ResendSchedule [vscu-thread-2] - Executing Resend Schedule
2026-01-22 16:40:02 INFO  c.k.v.execute.offline.ResendSchedule [vscu-thread-2] - Executing Resend Schedule
2026-01-22 16:40:05 INFO  c.k.v.execute.offline.ResendSchedule [vscu-thread-2] - Executing Resend Schedule
2026-01-22 16:40:07 DEBUG com.zaxxer.hikari.pool.HikariPool [HikariPool-1 housekeeper] - HikariPool-1 - Pool stats (total=20, active=0, idle=20, waiting=0)
2026-01-22 16:40:07 DEBUG com.zaxxer.hikari.pool.HikariPool [HikariPool-1 housekeeper] - HikariPool-1 - Fill pool skipped, pool has sufficient level or currently being filled (queueDepth=0).
2026-01-22 16:40:08 INFO  c.k.v.execute.offline.ResendSchedule [vscu-thread-2] - Executing Resend Schedule
2026-01-22 16:40:11 INFO  c.k.v.execute.offline.ResendSchedule [vscu-thread-2] - Executing Resend Schedule
2026-01-22 16:40:14 INFO  c.k.v.execute.offline.ResendSchedule [vscu-thread-2] - Executing Resend Schedule
2026-01-22 16:40:17 INFO  c.k.v.execute.offline.ResendSchedule [vscu-thread-2] - Executing Resend Schedule
2026-01-22 16:40:20 INFO  c.k.v.execute.offline.ResendSchedule [vscu-thread-2] - Executing Resend Schedule
2026-01-22 16:40:23 INFO  c.k.v.execute.offline.ResendSchedule [vscu-thread-2] - Executing Resend Schedule
2026-01-22 16:40:26 INFO  c.k.v.execute.offline.ResendSchedule [vscu-thread-2] - Executing Resend Schedule
2026-01-22 16:40:29 INFO  c.k.v.execute.offline.ResendSchedule [vscu-thread-2] - Executing Resend Schedule
2026-01-22 16:40:32 INFO  c.k.v.execute.offline.ResendSchedule [vscu-thread-2] - Executing Resend Schedule
2026-01-22 16:40:35 INFO  c.k.v.execute.offline.ResendSchedule [vscu-thread-2] - Executing Resend Schedule
2026-01-22 16:40:37 DEBUG com.zaxxer.hikari.pool.HikariPool [HikariPool-1 housekeeper] - HikariPool-1 - Pool stats (total=20, active=0, idle=20, waiting=0)
2026-01-22 16:40:37 DEBUG com.zaxxer.hikari.pool.HikariPool [HikariPool-1 housekeeper] - HikariPool-1 - Fill pool skipped, pool has sufficient level or currently being filled (queueDepth=0).
2026-01-22 16:40:38 INFO  c.k.v.execute.offline.ResendSchedule [vscu-thread-2] - Executing Resend Schedule
2026-01-22 16:40:41 INFO  c.k.v.execute.offline.ResendSchedule [vscu-thread-2] - Executing Resend Schedule
2026-01-22 16:40:44 INFO  c.k.v.execute.offline.ResendSchedule [vscu-thread-2] - Executing Resend Schedule
2026-01-22 16:40:47 INFO  c.k.v.execute.offline.ResendSchedule [vscu-thread-2] - Executing Resend Schedule
2026-01-22 16:40:50 INFO  c.k.v.execute.offline.ResendSchedule [vscu-thread-2] - Executing Resend Schedule
2026-01-22 16:40:53 INFO  c.k.v.execute.offline.ResendSchedule [vscu-thread-2] - Executing Resend Schedule
2026-01-22 16:40:56 INFO  c.k.v.execute.offline.ResendSchedule [vscu-thread-2] - Executing Resend Schedule
2026-01-22 16:40:59 INFO  c.k.v.execute.offline.ResendSchedule [vscu-thread-2] - Executing Resend Schedule
2026-01-22 16:41:03 INFO  c.k.v.execute.offline.ResendSchedule [vscu-thread-2] - Executing Resend Schedule
2026-01-22 16:41:06 INFO  c.k.v.execute.offline.ResendSchedule [vscu-thread-2] - Executing Resend Schedule
2026-01-22 16:41:07 DEBUG com.zaxxer.hikari.pool.HikariPool [HikariPool-1 housekeeper] - HikariPool-1 - Pool stats (total=20, active=0, idle=20, waiting=0)
2026-01-22 16:41:07 DEBUG com.zaxxer.hikari.pool.HikariPool [HikariPool-1 housekeeper] - HikariPool-1 - Fill pool skipped, pool has sufficient level or currently being filled (queueDepth=0).
2026-01-22 16:41:09 INFO  c.k.v.execute.offline.ResendSchedule [vscu-thread-2] - Executing Resend Schedule
2026-01-22 16:41:12 INFO  c.k.v.execute.offline.ResendSchedule [vscu-thread-1] - Executing Resend Schedule
2026-01-22 16:41:15 INFO  c.k.v.execute.offline.ResendSchedule [vscu-thread-1] - Executing Resend Schedule
2026-01-22 16:41:18 INFO  c.k.v.execute.offline.ResendSchedule [vscu-thread-1] - Executing Resend Schedule
2026-01-22 16:41:21 INFO  c.k.v.execute.offline.ResendSchedule [vscu-thread-1] - Executing Resend Schedule
2026-01-22 16:41:24 INFO  c.k.v.execute.offline.ResendSchedule [vscu-thread-1] - Executing Resend Schedule
2026-01-22 16:41:27 INFO  c.k.v.execute.offline.ResendSchedule [vscu-thread-1] - Executing Resend Schedule
2026-01-22 16:41:30 INFO  c.k.v.execute.offline.ResendSchedule [vscu-thread-1] - Executing Resend Schedule
2026-01-22 16:41:33 INFO  c.k.v.execute.offline.ResendSchedule [vscu-thread-1] - Executing Resend Schedule
2026-01-22 16:41:36 INFO  c.k.v.execute.offline.ResendSchedule [vscu-thread-1] - Executing Resend Schedule
2026-01-22 16:41:37 DEBUG com.zaxxer.hikari.pool.HikariPool [HikariPool-1 housekeeper] - HikariPool-1 - Pool stats (total=20, active=0, idle=20, waiting=0)
2026-01-22 16:41:37 DEBUG com.zaxxer.hikari.pool.HikariPool [HikariPool-1 housekeeper] - HikariPool-1 - Fill pool skipped, pool has sufficient level or currently being filled (queueDepth=0).
2026-01-22 16:41:39 INFO  c.k.v.execute.offline.ResendSchedule [vscu-thread-1] - Executing Resend Schedule
2026-01-22 16:41:42 INFO  c.k.v.execute.offline.ResendSchedule [vscu-thread-2] - Executing Resend Schedule
2026-01-22 16:41:45 INFO  c.k.v.execute.offline.ResendSchedule [vscu-thread-2] - Executing Resend Schedule
2026-01-22 16:41:48 INFO  c.k.v.execute.offline.ResendSchedule [vscu-thread-2] - Executing Resend Schedule
2026-01-22 16:41:51 INFO  c.k.v.execute.offline.ResendSchedule [vscu-thread-2] - Executing Resend Schedule
2026-01-22 16:41:54 INFO  c.k.v.execute.offline.ResendSchedule [vscu-thread-2] - Executing Resend Schedule
2026-01-22 16:41:57 INFO  c.k.v.execute.offline.ResendSchedule [vscu-thread-2] - Executing Resend Schedule
2026-01-22 16:42:00 INFO  c.k.v.execute.offline.ResendSchedule [vscu-thread-2] - Executing Resend Schedule
2026-01-22 16:42:03 INFO  c.k.v.execute.offline.ResendSchedule [vscu-thread-2] - Executing Resend Schedule
2026-01-22 16:42:06 INFO  c.k.v.execute.offline.ResendSchedule [vscu-thread-2] - Executing Resend Schedule
2026-01-22 16:42:07 DEBUG com.zaxxer.hikari.pool.HikariPool [HikariPool-1 housekeeper] - HikariPool-1 - Pool stats (total=20, active=0, idle=20, waiting=0)
2026-01-22 16:42:07 DEBUG com.zaxxer.hikari.pool.HikariPool [HikariPool-1 housekeeper] - HikariPool-1 - Fill pool skipped, pool has sufficient level or currently being filled (queueDepth=0).
2026-01-22 16:42:09 INFO  c.k.v.execute.offline.ResendSchedule [vscu-thread-2] - Executing Resend Schedule
2026-01-22 16:42:12 INFO  c.k.v.execute.offline.ResendSchedule [vscu-thread-2] - Executing Resend Schedule
2026-01-22 16:42:15 INFO  c.k.v.execute.offline.ResendSchedule [vscu-thread-2] - Executing Resend Schedule
2026-01-22 16:42:18 INFO  c.k.v.execute.offline.ResendSchedule [vscu-thread-2] - Executing Resend Schedule
2026-01-22 16:42:21 INFO  c.k.v.execute.offline.ResendSchedule [vscu-thread-2] - Executing Resend Schedule
2026-01-22 16:42:24 INFO  c.k.v.execute.offline.ResendSchedule [vscu-thread-2] - Executing Resend Schedule
2026-01-22 16:42:27 INFO  c.k.v.execute.offline.ResendSchedule [vscu-thread-2] - Executing Resend Schedule
2026-01-22 16:42:30 INFO  c.k.v.execute.offline.ResendSchedule [vscu-thread-2] - Executing Resend Schedule
2026-01-22 16:42:33 INFO  c.k.v.execute.offline.ResendSchedule [vscu-thread-2] - Executing Resend Schedule
2026-01-22 16:42:36 INFO  c.k.v.execute.offline.ResendSchedule [vscu-thread-2] - Executing Resend Schedule
2026-01-22 16:42:37 DEBUG com.zaxxer.hikari.pool.HikariPool [HikariPool-1 housekeeper] - HikariPool-1 - Pool stats (total=20, active=0, idle=20, waiting=0)
2026-01-22 16:42:37 DEBUG com.zaxxer.hikari.pool.HikariPool [HikariPool-1 housekeeper] - HikariPool-1 - Fill pool skipped, pool has sufficient level or currently being filled (queueDepth=0).
2026-01-22 16:42:39 INFO  c.k.v.execute.offline.ResendSchedule [vscu-thread-2] - Executing Resend Schedule
2026-01-22 16:42:42 INFO  c.k.v.execute.offline.ResendSchedule [vscu-thread-2] - Executing Resend Schedule
2026-01-22 16:42:45 INFO  c.k.v.execute.offline.ResendSchedule [vscu-thread-2] - Executing Resend Schedule
2026-01-22 16:42:48 INFO  c.k.v.execute.offline.ResendSchedule [vscu-thread-2] - Executing Resend Schedule
2026-01-22 16:42:51 INFO  c.k.v.execute.offline.ResendSchedule [vscu-thread-2] - Executing Resend Schedule
2026-01-22 16:42:54 DEBUG com.zaxxer.hikari.pool.PoolBase [HikariPool-1 connection closer] - HikariPool-1 - Closing connection conn4: url=jdbc:h2:mem:testdb user=SA: (connection has passed maxLifetime)
2026-01-22 16:42:54 DEBUG com.zaxxer.hikari.pool.HikariPool [HikariPool-1 connection adder] - HikariPool-1 - Added connection conn20: url=jdbc:h2:mem:testdb user=SA
2026-01-22 16:42:54 INFO  c.k.v.execute.offline.ResendSchedule [vscu-thread-2] - Executing Resend Schedule
2026-01-22 16:42:55 DEBUG com.zaxxer.hikari.pool.PoolBase [HikariPool-1 connection closer] - HikariPool-1 - Closing connection conn3: url=jdbc:h2:mem:testdb user=SA: (connection has passed maxLifetime)
2026-01-22 16:42:55 DEBUG com.zaxxer.hikari.pool.HikariPool [HikariPool-1 connection adder] - HikariPool-1 - Added connection conn21: url=jdbc:h2:mem:testdb user=SA
2026-01-22 16:42:56 DEBUG com.zaxxer.hikari.pool.PoolBase [HikariPool-1 connection closer] - HikariPool-1 - Closing connection conn7: url=jdbc:h2:mem:testdb user=SA: (connection has passed maxLifetime)
2026-01-22 16:42:56 DEBUG com.zaxxer.hikari.pool.HikariPool [HikariPool-1 connection adder] - HikariPool-1 - Added connection conn22: url=jdbc:h2:mem:testdb user=SA
2026-01-22 16:42:57 INFO  c.k.v.execute.offline.ResendSchedule [vscu-thread-2] - Executing Resend Schedule
2026-01-22 16:42:59 DEBUG com.zaxxer.hikari.pool.PoolBase [HikariPool-1 connection closer] - HikariPool-1 - Closing connection conn15: url=jdbc:h2:mem:testdb user=SA: (connection has passed maxLifetime)
2026-01-22 16:42:59 DEBUG com.zaxxer.hikari.pool.HikariPool [HikariPool-1 connection adder] - HikariPool-1 - Added connection conn23: url=jdbc:h2:mem:testdb user=SA
2026-01-22 16:42:59 DEBUG com.zaxxer.hikari.pool.PoolBase [HikariPool-1 connection closer] - HikariPool-1 - Closing connection conn16: url=jdbc:h2:mem:testdb user=SA: (connection has passed maxLifetime)
2026-01-22 16:42:59 DEBUG com.zaxxer.hikari.pool.HikariPool [HikariPool-1 connection adder] - HikariPool-1 - Added connection conn24: url=jdbc:h2:mem:testdb user=SA
2026-01-22 16:43:00 INFO  c.k.v.execute.offline.ResendSchedule [vscu-thread-2] - Executing Resend Schedule
2026-01-22 16:43:02 DEBUG com.zaxxer.hikari.pool.PoolBase [HikariPool-1 connection closer] - HikariPool-1 - Closing connection conn2: url=jdbc:h2:mem:testdb user=SA: (connection has passed maxLifetime)
2026-01-22 16:43:02 DEBUG com.zaxxer.hikari.pool.HikariPool [HikariPool-1 connection adder] - HikariPool-1 - Added connection conn25: url=jdbc:h2:mem:testdb user=SA
2026-01-22 16:43:03 DEBUG com.zaxxer.hikari.pool.PoolBase [HikariPool-1 connection closer] - HikariPool-1 - Closing connection conn12: url=jdbc:h2:mem:testdb user=SA: (connection has passed maxLifetime)
2026-01-22 16:43:03 DEBUG com.zaxxer.hikari.pool.HikariPool [HikariPool-1 connection adder] - HikariPool-1 - Added connection conn26: url=jdbc:h2:mem:testdb user=SA
2026-01-22 16:43:03 INFO  c.k.v.execute.offline.ResendSchedule [vscu-thread-2] - Executing Resend Schedule
2026-01-22 16:43:05 DEBUG com.zaxxer.hikari.pool.PoolBase [HikariPool-1 connection closer] - HikariPool-1 - Closing connection conn17: url=jdbc:h2:mem:testdb user=SA: (connection has passed maxLifetime)
2026-01-22 16:43:05 DEBUG com.zaxxer.hikari.pool.HikariPool [HikariPool-1 connection adder] - HikariPool-1 - Added connection conn27: url=jdbc:h2:mem:testdb user=SA
2026-01-22 16:43:06 DEBUG com.zaxxer.hikari.pool.PoolBase [HikariPool-1 connection closer] - HikariPool-1 - Closing connection conn1: url=jdbc:h2:mem:testdb user=SA: (connection has passed maxLifetime)
2026-01-22 16:43:06 DEBUG com.zaxxer.hikari.pool.HikariPool [HikariPool-1 connection adder] - HikariPool-1 - Added connection conn28: url=jdbc:h2:mem:testdb user=SA
2026-01-22 16:43:06 INFO  c.k.v.execute.offline.ResendSchedule [vscu-thread-2] - Executing Resend Schedule
2026-01-22 16:43:07 DEBUG com.zaxxer.hikari.pool.HikariPool [HikariPool-1 housekeeper] - HikariPool-1 - Pool stats (total=20, active=0, idle=20, waiting=0)
2026-01-22 16:43:07 DEBUG com.zaxxer.hikari.pool.HikariPool [HikariPool-1 housekeeper] - HikariPool-1 - Fill pool skipped, pool has sufficient level or currently being filled (queueDepth=0).
2026-01-22 16:43:09 INFO  c.k.v.execute.offline.ResendSchedule [vscu-thread-2] - Executing Resend Schedule
2026-01-22 16:43:12 INFO  c.k.v.execute.offline.ResendSchedule [vscu-thread-1] - Executing Resend Schedule
2026-01-22 16:43:15 INFO  c.k.v.execute.offline.ResendSchedule [vscu-thread-1] - Executing Resend Schedule
2026-01-22 16:43:16 DEBUG com.zaxxer.hikari.pool.PoolBase [HikariPool-1 connection closer] - HikariPool-1 - Closing connection conn0: url=jdbc:h2:mem:testdb user=SA: (connection has passed maxLifetime)
2026-01-22 16:43:16 DEBUG com.zaxxer.hikari.pool.HikariPool [HikariPool-1 connection adder] - HikariPool-1 - Added connection conn29: url=jdbc:h2:mem:testdb user=SA
2026-01-22 16:43:18 INFO  c.k.v.execute.offline.ResendSchedule [vscu-thread-1] - Executing Resend Schedule
2026-01-22 16:43:19 DEBUG com.zaxxer.hikari.pool.PoolBase [HikariPool-1 connection closer] - HikariPool-1 - Closing connection conn13: url=jdbc:h2:mem:testdb user=SA: (connection has passed maxLifetime)
2026-01-22 16:43:19 DEBUG com.zaxxer.hikari.pool.HikariPool [HikariPool-1 connection adder] - HikariPool-1 - Added connection conn30: url=jdbc:h2:mem:testdb user=SA
2026-01-22 16:43:20 DEBUG com.zaxxer.hikari.pool.PoolBase [HikariPool-1 connection closer] - HikariPool-1 - Closing connection conn5: url=jdbc:h2:mem:testdb user=SA: (connection has passed maxLifetime)
2026-01-22 16:43:20 DEBUG com.zaxxer.hikari.pool.HikariPool [HikariPool-1 connection adder] - HikariPool-1 - Added connection conn31: url=jdbc:h2:mem:testdb user=SA
2026-01-22 16:43:20 DEBUG com.zaxxer.hikari.pool.PoolBase [HikariPool-1 connection closer] - HikariPool-1 - Closing connection conn18: url=jdbc:h2:mem:testdb user=SA: (connection has passed maxLifetime)
2026-01-22 16:43:20 DEBUG com.zaxxer.hikari.pool.HikariPool [HikariPool-1 connection adder] - HikariPool-1 - Added connection conn32: url=jdbc:h2:mem:testdb user=SA
2026-01-22 16:43:21 INFO  c.k.v.execute.offline.ResendSchedule [vscu-thread-1] - Executing Resend Schedule
2026-01-22 16:43:21 DEBUG com.zaxxer.hikari.pool.PoolBase [HikariPool-1 connection closer] - HikariPool-1 - Closing connection conn10: url=jdbc:h2:mem:testdb user=SA: (connection has passed maxLifetime)
2026-01-22 16:43:21 DEBUG com.zaxxer.hikari.pool.HikariPool [HikariPool-1 connection adder] - HikariPool-1 - Added connection conn33: url=jdbc:h2:mem:testdb user=SA
2026-01-22 16:43:24 INFO  c.k.v.execute.offline.ResendSchedule [vscu-thread-1] - Executing Resend Schedule
2026-01-22 16:43:26 DEBUG com.zaxxer.hikari.pool.PoolBase [HikariPool-1 connection closer] - HikariPool-1 - Closing connection conn19: url=jdbc:h2:mem:testdb user=SA: (connection has passed maxLifetime)
2026-01-22 16:43:26 DEBUG com.zaxxer.hikari.pool.HikariPool [HikariPool-1 connection adder] - HikariPool-1 - Added connection conn34: url=jdbc:h2:mem:testdb user=SA
2026-01-22 16:43:27 INFO  c.k.v.execute.offline.ResendSchedule [vscu-thread-1] - Executing Resend Schedule
2026-01-22 16:43:28 DEBUG com.zaxxer.hikari.pool.PoolBase [HikariPool-1 connection closer] - HikariPool-1 - Closing connection conn6: url=jdbc:h2:mem:testdb user=SA: (connection has passed maxLifetime)
2026-01-22 16:43:28 DEBUG com.zaxxer.hikari.pool.HikariPool [HikariPool-1 connection adder] - HikariPool-1 - Added connection conn35: url=jdbc:h2:mem:testdb user=SA
2026-01-22 16:43:30 DEBUG com.zaxxer.hikari.pool.PoolBase [HikariPool-1 connection closer] - HikariPool-1 - Closing connection conn9: url=jdbc:h2:mem:testdb user=SA: (connection has passed maxLifetime)
2026-01-22 16:43:30 DEBUG com.zaxxer.hikari.pool.HikariPool [HikariPool-1 connection adder] - HikariPool-1 - Added connection conn36: url=jdbc:h2:mem:testdb user=SA
2026-01-22 16:43:30 INFO  c.k.v.execute.offline.ResendSchedule [vscu-thread-1] - Executing Resend Schedule
2026-01-22 16:43:32 DEBUG com.zaxxer.hikari.pool.PoolBase [HikariPool-1 connection closer] - HikariPool-1 - Closing connection conn8: url=jdbc:h2:mem:testdb user=SA: (connection has passed maxLifetime)
2026-01-22 16:43:32 DEBUG com.zaxxer.hikari.pool.HikariPool [HikariPool-1 connection adder] - HikariPool-1 - Added connection conn37: url=jdbc:h2:mem:testdb user=SA
2026-01-22 16:43:33 DEBUG com.zaxxer.hikari.pool.PoolBase [HikariPool-1 connection closer] - HikariPool-1 - Closing connection conn11: url=jdbc:h2:mem:testdb user=SA: (connection has passed maxLifetime)
2026-01-22 16:43:33 DEBUG com.zaxxer.hikari.pool.HikariPool [HikariPool-1 connection adder] - HikariPool-1 - Added connection conn38: url=jdbc:h2:mem:testdb user=SA
2026-01-22 16:43:33 INFO  c.k.v.execute.offline.ResendSchedule [vscu-thread-1] - Executing Resend Schedule
2026-01-22 16:43:34 DEBUG com.zaxxer.hikari.pool.PoolBase [HikariPool-1 connection closer] - HikariPool-1 - Closing connection conn14: url=jdbc:h2:mem:testdb user=SA: (connection has passed maxLifetime)
2026-01-22 16:43:34 DEBUG com.zaxxer.hikari.pool.HikariPool [HikariPool-1 connection adder] - HikariPool-1 - Added connection conn39: url=jdbc:h2:mem:testdb user=SA
2026-01-22 16:43:36 INFO  c.k.v.execute.offline.ResendSchedule [vscu-thread-1] - Executing Resend Schedule
2026-01-22 16:43:37 DEBUG com.zaxxer.hikari.pool.HikariPool [HikariPool-1 housekeeper] - HikariPool-1 - Pool stats (total=20, active=0, idle=20, waiting=0)
2026-01-22 16:43:37 DEBUG com.zaxxer.hikari.pool.HikariPool [HikariPool-1 housekeeper] - HikariPool-1 - Fill pool skipped, pool has sufficient level or currently being filled (queueDepth=0).
2026-01-22 16:43:39 INFO  c.k.v.execute.offline.ResendSchedule [vscu-thread-1] - Executing Resend Schedule
2026-01-22 16:43:42 INFO  c.k.v.execute.offline.ResendSchedule [vscu-thread-1] - Executing Resend Schedule
2026-01-22 16:43:45 INFO  c.k.v.execute.offline.ResendSchedule [vscu-thread-1] - Executing Resend Schedule
2026-01-22 16:43:48 INFO  c.k.v.execute.offline.ResendSchedule [vscu-thread-1] - Executing Resend Schedule
2026-01-22 16:43:51 INFO  c.k.v.execute.offline.ResendSchedule [vscu-thread-1] - Executing Resend Schedule
2026-01-22 16:43:54 INFO  c.k.v.execute.offline.ResendSchedule [vscu-thread-1] - Executing Resend Schedule
2026-01-22 16:43:57 INFO  c.k.v.execute.offline.ResendSchedule [vscu-thread-1] - Executing Resend Schedule
2026-01-22 16:44:00 INFO  c.k.v.execute.offline.ResendSchedule [vscu-thread-1] - Executing Resend Schedule
2026-01-22 16:44:03 INFO  c.k.v.execute.offline.ResendSchedule [vscu-thread-1] - Executing Resend Schedule
2026-01-22 16:44:06 INFO  c.k.v.execute.offline.ResendSchedule [vscu-thread-1] - Executing Resend Schedule
2026-01-22 16:44:07 DEBUG com.zaxxer.hikari.pool.HikariPool [HikariPool-1 housekeeper] - HikariPool-1 - Pool stats (total=20, active=0, idle=20, waiting=0)
2026-01-22 16:44:07 DEBUG com.zaxxer.hikari.pool.HikariPool [HikariPool-1 housekeeper] - HikariPool-1 - Fill pool skipped, pool has sufficient level or currently being filled (queueDepth=0).
2026-01-22 16:44:09 INFO  c.k.v.execute.offline.ResendSchedule [vscu-thread-1] - Executing Resend Schedule
2026-01-22 16:44:12 INFO  c.k.v.execute.offline.ResendSchedule [vscu-thread-2] - Executing Resend Schedule
2026-01-22 16:44:15 INFO  c.k.v.execute.offline.ResendSchedule [vscu-thread-2] - Executing Resend Schedule
2026-01-22 16:44:18 INFO  c.k.v.execute.offline.ResendSchedule [vscu-thread-2] - Executing Resend Schedule
2026-01-22 16:44:22 INFO  c.k.v.execute.offline.ResendSchedule [vscu-thread-2] - Executing Resend Schedule
2026-01-22 16:44:25 INFO  c.k.v.execute.offline.ResendSchedule [vscu-thread-2] - Executing Resend Schedule
2026-01-22 16:44:28 INFO  c.k.v.execute.offline.ResendSchedule [vscu-thread-2] - Executing Resend Schedule
2026-01-22 16:44:31 INFO  c.k.v.execute.offline.ResendSchedule [vscu-thread-2] - Executing Resend Schedule
2026-01-22 16:44:34 INFO  c.k.v.execute.offline.ResendSchedule [vscu-thread-2] - Executing Resend Schedule
2026-01-22 16:44:37 INFO  c.k.v.execute.offline.ResendSchedule [vscu-thread-2] - Executing Resend Schedule
2026-01-22 16:44:37 DEBUG com.zaxxer.hikari.pool.HikariPool [HikariPool-1 housekeeper] - HikariPool-1 - Pool stats (total=20, active=0, idle=20, waiting=0)
2026-01-22 16:44:37 DEBUG com.zaxxer.hikari.pool.HikariPool [HikariPool-1 housekeeper] - HikariPool-1 - Fill pool skipped, pool has sufficient level or currently being filled (queueDepth=0).
2026-01-22 16:44:40 INFO  c.k.v.execute.offline.ResendSchedule [vscu-thread-2] - Executing Resend Schedule
2026-01-22 16:44:43 INFO  c.k.v.execute.offline.ResendSchedule [vscu-thread-2] - Executing Resend Schedule
2026-01-22 16:44:46 INFO  c.k.v.execute.offline.ResendSchedule [vscu-thread-2] - Executing Resend Schedule
2026-01-22 16:44:49 INFO  c.k.v.execute.offline.ResendSchedule [vscu-thread-2] - Executing Resend Schedule
2026-01-22 16:44:52 INFO  c.k.v.execute.offline.ResendSchedule [vscu-thread-2] - Executing Resend Schedule
2026-01-22 16:44:55 INFO  c.k.v.execute.offline.ResendSchedule [vscu-thread-1] - Executing Resend Schedule
2026-01-22 16:44:58 INFO  c.k.v.execute.offline.ResendSchedule [vscu-thread-3] - Executing Resend Schedule
2026-01-22 16:45:01 INFO  c.k.v.execute.offline.ResendSchedule [vscu-thread-3] - Executing Resend Schedule
2026-01-22 16:45:04 INFO  c.k.v.execute.offline.ResendSchedule [vscu-thread-3] - Executing Resend Schedule
2026-01-22 16:45:07 INFO  c.k.v.execute.offline.ResendSchedule [vscu-thread-3] - Executing Resend Schedule
2026-01-22 16:45:07 DEBUG com.zaxxer.hikari.pool.HikariPool [HikariPool-1 housekeeper] - HikariPool-1 - Pool stats (total=20, active=0, idle=20, waiting=0)
2026-01-22 16:45:07 DEBUG com.zaxxer.hikari.pool.HikariPool [HikariPool-1 housekeeper] - HikariPool-1 - Fill pool skipped, pool has sufficient level or currently being filled (queueDepth=0).
2026-01-22 16:45:10 INFO  c.k.v.execute.offline.ResendSchedule [vscu-thread-3] - Executing Resend Schedule
2026-01-22 16:45:13 INFO  c.k.v.execute.offline.ResendSchedule [vscu-thread-3] - Executing Resend Schedule
2026-01-22 16:45:16 INFO  c.k.v.execute.offline.ResendSchedule [vscu-thread-3] - Executing Resend Schedule
2026-01-22 16:45:19 INFO  c.k.v.execute.offline.ResendSchedule [vscu-thread-3] - Executing Resend Schedule
2026-01-22 16:45:22 INFO  c.k.v.execute.offline.ResendSchedule [vscu-thread-3] - Executing Resend Schedule
2026-01-22 16:45:25 INFO  c.k.v.execute.offline.ResendSchedule [vscu-thread-3] - Executing Resend Schedule
2026-01-22 16:45:28 INFO  c.k.v.execute.offline.ResendSchedule [vscu-thread-3] - Executing Resend Schedule
2026-01-22 16:45:31 INFO  c.k.v.execute.offline.ResendSchedule [vscu-thread-3] - Executing Resend Schedule
2026-01-22 16:45:34 INFO  c.k.v.execute.offline.ResendSchedule [vscu-thread-3] - Executing Resend Schedule
2026-01-22 16:45:37 INFO  c.k.v.execute.offline.ResendSchedule [vscu-thread-3] - Executing Resend Schedule
2026-01-22 16:45:37 DEBUG com.zaxxer.hikari.pool.HikariPool [HikariPool-1 housekeeper] - HikariPool-1 - Pool stats (total=20, active=0, idle=20, waiting=0)
2026-01-22 16:45:37 DEBUG com.zaxxer.hikari.pool.HikariPool [HikariPool-1 housekeeper] - HikariPool-1 - Fill pool skipped, pool has sufficient level or currently being filled (queueDepth=0).
2026-01-22 16:45:40 INFO  c.k.v.execute.offline.ResendSchedule [vscu-thread-3] - Executing Resend Schedule
2026-01-22 16:45:43 INFO  c.k.v.execute.offline.ResendSchedule [vscu-thread-3] - Executing Resend Schedule
2026-01-22 16:45:46 INFO  c.k.v.execute.offline.ResendSchedule [vscu-thread-3] - Executing Resend Schedule
2026-01-22 16:45:49 INFO  c.k.v.execute.offline.ResendSchedule [vscu-thread-2] - Executing Resend Schedule
2026-01-22 16:45:52 INFO  c.k.v.execute.offline.ResendSchedule [vscu-thread-2] - Executing Resend Schedule
2026-01-22 16:45:55 INFO  c.k.v.execute.offline.ResendSchedule [vscu-thread-2] - Executing Resend Schedule
2026-01-22 16:45:58 INFO  c.k.v.execute.offline.ResendSchedule [vscu-thread-2] - Executing Resend Schedule
2026-01-22 16:46:01 INFO  c.k.v.execute.offline.ResendSchedule [vscu-thread-2] - Executing Resend Schedule
2026-01-22 16:46:04 INFO  c.k.v.execute.offline.ResendSchedule [vscu-thread-2] - Executing Resend Schedule
2026-01-22 16:46:07 INFO  c.k.v.execute.offline.ResendSchedule [vscu-thread-2] - Executing Resend Schedule
2026-01-22 16:46:07 DEBUG com.zaxxer.hikari.pool.HikariPool [HikariPool-1 housekeeper] - HikariPool-1 - Pool stats (total=20, active=0, idle=20, waiting=0)
2026-01-22 16:46:07 DEBUG com.zaxxer.hikari.pool.HikariPool [HikariPool-1 housekeeper] - HikariPool-1 - Fill pool skipped, pool has sufficient level or currently being filled (queueDepth=0).
2026-01-22 16:46:10 INFO  c.k.v.execute.offline.ResendSchedule [vscu-thread-1] - Executing Resend Schedule
2026-01-22 16:46:13 INFO  c.k.v.execute.offline.ResendSchedule [vscu-thread-1] - Executing Resend Schedule
2026-01-22 16:46:16 INFO  c.k.v.execute.offline.ResendSchedule [vscu-thread-1] - Executing Resend Schedule
2026-01-22 16:46:19 INFO  c.k.v.execute.offline.ResendSchedule [vscu-thread-1] - Executing Resend Schedule
2026-01-22 16:46:22 INFO  c.k.v.execute.offline.ResendSchedule [vscu-thread-1] - Executing Resend Schedule
2026-01-22 16:46:25 INFO  c.k.v.execute.offline.ResendSchedule [vscu-thread-1] - Executing Resend Schedule
2026-01-22 16:46:28 INFO  c.k.v.execute.offline.ResendSchedule [vscu-thread-1] - Executing Resend Schedule
2026-01-22 16:46:31 INFO  c.k.v.execute.offline.ResendSchedule [vscu-thread-3] - Executing Resend Schedule
2026-01-22 16:46:34 INFO  c.k.v.execute.offline.ResendSchedule [vscu-thread-3] - Executing Resend Schedule
2026-01-22 16:46:37 INFO  c.k.v.execute.offline.ResendSchedule [vscu-thread-3] - Executing Resend Schedule
2026-01-22 16:46:37 DEBUG com.zaxxer.hikari.pool.HikariPool [HikariPool-1 housekeeper] - HikariPool-1 - Pool stats (total=20, active=0, idle=20, waiting=0)
2026-01-22 16:46:37 DEBUG com.zaxxer.hikari.pool.HikariPool [HikariPool-1 housekeeper] - HikariPool-1 - Fill pool skipped, pool has sufficient level or currently being filled (queueDepth=0).
2026-01-22 16:46:40 INFO  c.k.v.execute.offline.ResendSchedule [vscu-thread-3] - Executing Resend Schedule
2026-01-22 16:46:43 INFO  c.k.v.execute.offline.ResendSchedule [vscu-thread-3] - Executing Resend Schedule
2026-01-22 16:46:46 INFO  c.k.v.execute.offline.ResendSchedule [vscu-thread-3] - Executing Resend Schedule
2026-01-22 16:46:49 INFO  c.k.v.execute.offline.ResendSchedule [vscu-thread-3] - Executing Resend Schedule
2026-01-22 16:46:52 INFO  c.k.v.execute.offline.ResendSchedule [vscu-thread-3] - Executing Resend Schedule
2026-01-22 16:46:55 INFO  c.k.v.execute.offline.ResendSchedule [vscu-thread-3] - Executing Resend Schedule
2026-01-22 16:46:58 INFO  c.k.v.execute.offline.ResendSchedule [vscu-thread-3] - Executing Resend Schedule
2026-01-22 16:47:01 INFO  c.k.v.execute.offline.ResendSchedule [vscu-thread-3] - Executing Resend Schedule
2026-01-22 16:47:04 INFO  c.k.v.execute.offline.ResendSchedule [vscu-thread-3] - Executing Resend Schedule
2026-01-22 16:47:07 INFO  c.k.v.execute.offline.ResendSchedule [vscu-thread-3] - Executing Resend Schedule
2026-01-22 16:47:07 DEBUG com.zaxxer.hikari.pool.HikariPool [HikariPool-1 housekeeper] - HikariPool-1 - Pool stats (total=20, active=0, idle=20, waiting=0)
2026-01-22 16:47:07 DEBUG com.zaxxer.hikari.pool.HikariPool [HikariPool-1 housekeeper] - HikariPool-1 - Fill pool skipped, pool has sufficient level or currently being filled (queueDepth=0).
2026-01-22 16:47:10 INFO  c.k.v.execute.offline.ResendSchedule [vscu-thread-3] - Executing Resend Schedule
2026-01-22 16:47:13 INFO  c.k.v.execute.offline.ResendSchedule [vscu-thread-3] - Executing Resend Schedule
2026-01-22 16:47:16 INFO  c.k.v.execute.offline.ResendSchedule [vscu-thread-3] - Executing Resend Schedule
2026-01-22 16:47:19 INFO  c.k.v.execute.offline.ResendSchedule [vscu-thread-3] - Executing Resend Schedule
2026-01-22 16:47:22 INFO  c.k.v.execute.offline.ResendSchedule [vscu-thread-3] - Executing Resend Schedule
2026-01-22 16:47:26 INFO  c.k.v.execute.offline.ResendSchedule [vscu-thread-3] - Executing Resend Schedule
2026-01-22 16:47:29 INFO  c.k.v.execute.offline.ResendSchedule [vscu-thread-3] - Executing Resend Schedule
2026-01-22 16:47:32 INFO  c.k.v.execute.offline.ResendSchedule [vscu-thread-3] - Executing Resend Schedule
2026-01-22 16:47:35 INFO  c.k.v.execute.offline.ResendSchedule [vscu-thread-3] - Executing Resend Schedule
2026-01-22 16:47:37 DEBUG com.zaxxer.hikari.pool.HikariPool [HikariPool-1 housekeeper] - HikariPool-1 - Pool stats (total=20, active=0, idle=20, waiting=0)
2026-01-22 16:47:37 DEBUG com.zaxxer.hikari.pool.HikariPool [HikariPool-1 housekeeper] - HikariPool-1 - Fill pool skipped, pool has sufficient level or currently being filled (queueDepth=0).
2026-01-22 16:47:38 INFO  c.k.v.execute.offline.ResendSchedule [vscu-thread-3] - Executing Resend Schedule
2026-01-22 16:47:41 INFO  c.k.v.execute.offline.ResendSchedule [vscu-thread-3] - Executing Resend Schedule
2026-01-22 16:47:44 INFO  c.k.v.execute.offline.ResendSchedule [vscu-thread-3] - Executing Resend Schedule
2026-01-22 16:47:47 INFO  c.k.v.execute.offline.ResendSchedule [vscu-thread-3] - Executing Resend Schedule
2026-01-22 16:47:50 INFO  c.k.v.execute.offline.ResendSchedule [vscu-thread-3] - Executing Resend Schedule
2026-01-22 16:47:53 INFO  c.k.v.execute.offline.ResendSchedule [vscu-thread-3] - Executing Resend Schedule
2026-01-22 16:47:56 INFO  c.k.v.execute.offline.ResendSchedule [vscu-thread-3] - Executing Resend Schedule
2026-01-22 16:47:59 INFO  c.k.v.execute.offline.ResendSchedule [vscu-thread-3] - Executing Resend Schedule
2026-01-22 16:48:02 INFO  c.k.v.execute.offline.ResendSchedule [vscu-thread-3] - Executing Resend Schedule
2026-01-22 16:48:05 INFO  c.k.v.execute.offline.ResendSchedule [vscu-thread-3] - Executing Resend Schedule
2026-01-22 16:48:07 DEBUG com.zaxxer.hikari.pool.HikariPool [HikariPool-1 housekeeper] - HikariPool-1 - Pool stats (total=20, active=0, idle=20, waiting=0)
2026-01-22 16:48:07 DEBUG com.zaxxer.hikari.pool.HikariPool [HikariPool-1 housekeeper] - HikariPool-1 - Fill pool skipped, pool has sufficient level or currently being filled (queueDepth=0).
2026-01-22 16:48:08 INFO  c.k.v.execute.offline.ResendSchedule [vscu-thread-3] - Executing Resend Schedule
2026-01-22 16:48:11 INFO  c.k.v.execute.offline.ResendSchedule [vscu-thread-3] - Executing Resend Schedule
2026-01-22 16:48:14 INFO  c.k.v.execute.offline.ResendSchedule [vscu-thread-3] - Executing Resend Schedule
2026-01-22 16:48:17 INFO  c.k.v.execute.offline.ResendSchedule [vscu-thread-3] - Executing Resend Schedule
2026-01-22 16:48:20 INFO  c.k.v.execute.offline.ResendSchedule [vscu-thread-3] - Executing Resend Schedule
2026-01-22 16:48:23 INFO  c.k.v.execute.offline.ResendSchedule [vscu-thread-3] - Executing Resend Schedule
2026-01-22 16:48:26 INFO  c.k.v.execute.offline.ResendSchedule [vscu-thread-3] - Executing Resend Schedule
2026-01-22 16:48:29 INFO  c.k.v.execute.offline.ResendSchedule [vscu-thread-3] - Executing Resend Schedule
2026-01-22 16:48:32 INFO  c.k.v.execute.offline.ResendSchedule [vscu-thread-3] - Executing Resend Schedule
2026-01-22 16:48:35 INFO  c.k.v.execute.offline.ResendSchedule [vscu-thread-3] - Executing Resend Schedule
2026-01-22 16:48:37 DEBUG com.zaxxer.hikari.pool.HikariPool [HikariPool-1 housekeeper] - HikariPool-1 - Pool stats (total=20, active=0, idle=20, waiting=0)
2026-01-22 16:48:37 DEBUG com.zaxxer.hikari.pool.HikariPool [HikariPool-1 housekeeper] - HikariPool-1 - Fill pool skipped, pool has sufficient level or currently being filled (queueDepth=0).
2026-01-22 16:48:38 INFO  c.k.v.execute.offline.ResendSchedule [vscu-thread-3] - Executing Resend Schedule
2026-01-22 16:48:41 INFO  c.k.v.execute.offline.ResendSchedule [vscu-thread-3] - Executing Resend Schedule
2026-01-22 16:48:44 INFO  c.k.v.execute.offline.ResendSchedule [vscu-thread-3] - Executing Resend Schedule
2026-01-22 16:48:47 INFO  c.k.v.execute.offline.ResendSchedule [vscu-thread-3] - Executing Resend Schedule
2026-01-22 16:48:50 INFO  c.k.v.execute.offline.ResendSchedule [vscu-thread-3] - Executing Resend Schedule
2026-01-22 16:48:53 INFO  c.k.v.execute.offline.ResendSchedule [vscu-thread-3] - Executing Resend Schedule
2026-01-22 16:48:56 INFO  c.k.v.execute.offline.ResendSchedule [vscu-thread-3] - Executing Resend Schedule
2026-01-22 16:48:59 INFO  c.k.v.execute.offline.ResendSchedule [vscu-thread-3] - Executing Resend Schedule
2026-01-22 16:49:02 INFO  c.k.v.execute.offline.ResendSchedule [vscu-thread-3] - Executing Resend Schedule
2026-01-22 16:49:05 INFO  c.k.v.execute.offline.ResendSchedule [vscu-thread-3] - Executing Resend Schedule
2026-01-22 16:49:07 DEBUG com.zaxxer.hikari.pool.HikariPool [HikariPool-1 housekeeper] - HikariPool-1 - Pool stats (total=20, active=0, idle=20, waiting=0)
2026-01-22 16:49:07 DEBUG com.zaxxer.hikari.pool.HikariPool [HikariPool-1 housekeeper] - HikariPool-1 - Fill pool skipped, pool has sufficient level or currently being filled (queueDepth=0).
2026-01-22 16:49:08 INFO  c.k.v.execute.offline.ResendSchedule [vscu-thread-3] - Executing Resend Schedule
2026-01-22 16:49:11 INFO  c.k.v.execute.offline.ResendSchedule [vscu-thread-3] - Executing Resend Schedule
2026-01-22 16:49:14 INFO  c.k.v.execute.offline.ResendSchedule [vscu-thread-3] - Executing Resend Schedule
2026-01-22 16:49:17 INFO  c.k.v.execute.offline.ResendSchedule [vscu-thread-3] - Executing Resend Schedule
2026-01-22 16:49:20 INFO  c.k.v.execute.offline.ResendSchedule [vscu-thread-3] - Executing Resend Schedule
2026-01-22 16:49:23 INFO  c.k.v.execute.offline.ResendSchedule [vscu-thread-3] - Executing Resend Schedule
2026-01-22 16:49:26 INFO  c.k.v.execute.offline.ResendSchedule [vscu-thread-3] - Executing Resend Schedule
2026-01-22 16:49:29 INFO  c.k.v.execute.offline.ResendSchedule [vscu-thread-3] - Executing Resend Schedule
2026-01-22 16:49:32 INFO  c.k.v.execute.offline.ResendSchedule [vscu-thread-3] - Executing Resend Schedule
2026-01-22 16:49:35 INFO  c.k.v.execute.offline.ResendSchedule [vscu-thread-3] - Executing Resend Schedule
2026-01-22 16:49:37 DEBUG com.zaxxer.hikari.pool.HikariPool [HikariPool-1 housekeeper] - HikariPool-1 - Pool stats (total=20, active=0, idle=20, waiting=0)
2026-01-22 16:49:37 DEBUG com.zaxxer.hikari.pool.HikariPool [HikariPool-1 housekeeper] - HikariPool-1 - Fill pool skipped, pool has sufficient level or currently being filled (queueDepth=0).
2026-01-22 16:49:38 INFO  c.k.v.execute.offline.ResendSchedule [vscu-thread-3] - Executing Resend Schedule
2026-01-22 16:49:41 INFO  c.k.v.execute.offline.ResendSchedule [vscu-thread-3] - Executing Resend Schedule
2026-01-22 16:49:44 INFO  c.k.v.execute.offline.ResendSchedule [vscu-thread-3] - Executing Resend Schedule
2026-01-22 16:49:47 INFO  c.k.v.execute.offline.ResendSchedule [vscu-thread-3] - Executing Resend Schedule
2026-01-22 16:49:50 INFO  c.k.v.execute.offline.ResendSchedule [vscu-thread-3] - Executing Resend Schedule
2026-01-22 16:49:53 INFO  c.k.v.execute.offline.ResendSchedule [vscu-thread-3] - Executing Resend Schedule
2026-01-22 16:49:56 INFO  c.k.v.execute.offline.ResendSchedule [vscu-thread-3] - Executing Resend Schedule
2026-01-22 16:49:59 INFO  c.k.v.execute.offline.ResendSchedule [vscu-thread-3] - Executing Resend Schedule
2026-01-22 16:50:02 INFO  c.k.v.execute.offline.ResendSchedule [vscu-thread-3] - Executing Resend Schedule
2026-01-22 16:50:05 INFO  c.k.v.execute.offline.ResendSchedule [vscu-thread-3] - Executing Resend Schedule
2026-01-22 16:50:07 DEBUG com.zaxxer.hikari.pool.HikariPool [HikariPool-1 housekeeper] - HikariPool-1 - Pool stats (total=20, active=0, idle=20, waiting=0)
2026-01-22 16:50:07 DEBUG com.zaxxer.hikari.pool.HikariPool [HikariPool-1 housekeeper] - HikariPool-1 - Fill pool skipped, pool has sufficient level or currently being filled (queueDepth=0).
2026-01-22 16:50:08 INFO  c.k.v.execute.offline.ResendSchedule [vscu-thread-3] - Executing Resend Schedule
2026-01-22 16:50:11 INFO  c.k.v.execute.offline.ResendSchedule [vscu-thread-3] - Executing Resend Schedule
2026-01-22 16:50:14 INFO  c.k.v.execute.offline.ResendSchedule [vscu-thread-3] - Executing Resend Schedule
2026-01-22 16:50:17 INFO  c.k.v.execute.offline.ResendSchedule [vscu-thread-3] - Executing Resend Schedule
2026-01-22 16:50:20 INFO  c.k.v.execute.offline.ResendSchedule [vscu-thread-3] - Executing Resend Schedule
2026-01-22 16:50:23 INFO  c.k.v.execute.offline.ResendSchedule [vscu-thread-3] - Executing Resend Schedule
2026-01-22 16:50:27 INFO  c.k.v.execute.offline.ResendSchedule [vscu-thread-3] - Executing Resend Schedule
2026-01-22 16:50:30 INFO  c.k.v.execute.offline.ResendSchedule [vscu-thread-3] - Executing Resend Schedule
2026-01-22 16:50:33 INFO  c.k.v.execute.offline.ResendSchedule [vscu-thread-3] - Executing Resend Schedule
2026-01-22 16:50:36 INFO  c.k.v.execute.offline.ResendSchedule [vscu-thread-3] - Executing Resend Schedule
2026-01-22 16:50:37 DEBUG com.zaxxer.hikari.pool.HikariPool [HikariPool-1 housekeeper] - HikariPool-1 - Pool stats (total=20, active=0, idle=20, waiting=0)
2026-01-22 16:50:37 DEBUG com.zaxxer.hikari.pool.HikariPool [HikariPool-1 housekeeper] - HikariPool-1 - Fill pool skipped, pool has sufficient level or currently being filled (queueDepth=0).
2026-01-22 16:50:39 INFO  c.k.v.execute.offline.ResendSchedule [vscu-thread-3] - Executing Resend Schedule
2026-01-22 16:50:42 INFO  c.k.v.execute.offline.ResendSchedule [vscu-thread-3] - Executing Resend Schedule
2026-01-22 16:50:45 INFO  c.k.v.execute.offline.ResendSchedule [vscu-thread-3] - Executing Resend Schedule
2026-01-22 16:50:48 INFO  c.k.v.execute.offline.ResendSchedule [vscu-thread-3] - Executing Resend Schedule
2026-01-22 16:50:51 INFO  c.k.v.execute.offline.ResendSchedule [vscu-thread-3] - Executing Resend Schedule
2026-01-22 16:50:54 INFO  c.k.v.execute.offline.ResendSchedule [vscu-thread-3] - Executing Resend Schedule
2026-01-22 16:50:57 INFO  c.k.v.execute.offline.ResendSchedule [vscu-thread-3] - Executing Resend Schedule
2026-01-22 16:51:00 INFO  c.k.v.execute.offline.ResendSchedule [vscu-thread-3] - Executing Resend Schedule
2026-01-22 16:51:03 INFO  c.k.v.execute.offline.ResendSchedule [vscu-thread-3] - Executing Resend Schedule
2026-01-22 16:51:06 INFO  c.k.v.execute.offline.ResendSchedule [vscu-thread-3] - Executing Resend Schedule
2026-01-22 16:51:07 DEBUG com.zaxxer.hikari.pool.HikariPool [HikariPool-1 housekeeper] - HikariPool-1 - Pool stats (total=20, active=0, idle=20, waiting=0)
2026-01-22 16:51:07 DEBUG com.zaxxer.hikari.pool.HikariPool [HikariPool-1 housekeeper] - HikariPool-1 - Fill pool skipped, pool has sufficient level or currently being filled (queueDepth=0).
2026-01-22 16:51:09 INFO  c.k.v.execute.offline.ResendSchedule [vscu-thread-3] - Executing Resend Schedule
2026-01-22 16:51:12 INFO  c.k.v.execute.offline.ResendSchedule [vscu-thread-3] - Executing Resend Schedule
2026-01-22 16:51:15 INFO  c.k.v.execute.offline.ResendSchedule [vscu-thread-3] - Executing Resend Schedule
2026-01-22 16:51:18 INFO  c.k.v.execute.offline.ResendSchedule [vscu-thread-3] - Executing Resend Schedule
2026-01-22 16:51:21 INFO  c.k.v.execute.offline.ResendSchedule [vscu-thread-3] - Executing Resend Schedule
2026-01-22 16:51:24 INFO  c.k.v.execute.offline.ResendSchedule [vscu-thread-3] - Executing Resend Schedule
2026-01-22 16:51:27 INFO  c.k.v.execute.offline.ResendSchedule [vscu-thread-3] - Executing Resend Schedule
2026-01-22 16:51:30 INFO  c.k.v.execute.offline.ResendSchedule [vscu-thread-3] - Executing Resend Schedule
2026-01-22 16:51:33 INFO  c.k.v.execute.offline.ResendSchedule [vscu-thread-3] - Executing Resend Schedule
2026-01-22 16:51:36 INFO  c.k.v.execute.offline.ResendSchedule [vscu-thread-3] - Executing Resend Schedule
2026-01-22 16:51:38 DEBUG com.zaxxer.hikari.pool.HikariPool [HikariPool-1 housekeeper] - HikariPool-1 - Pool stats (total=20, active=0, idle=20, waiting=0)
2026-01-22 16:51:38 DEBUG com.zaxxer.hikari.pool.HikariPool [HikariPool-1 housekeeper] - HikariPool-1 - Fill pool skipped, pool has sufficient level or currently being filled (queueDepth=0).
2026-01-22 16:51:39 INFO  c.k.v.execute.offline.ResendSchedule [vscu-thread-3] - Executing Resend Schedule
2026-01-22 16:51:42 INFO  c.k.v.execute.offline.ResendSchedule [vscu-thread-3] - Executing Resend Schedule
2026-01-22 16:51:45 INFO  c.k.v.execute.offline.ResendSchedule [vscu-thread-3] - Executing Resend Schedule
2026-01-22 16:51:48 INFO  c.k.v.execute.offline.ResendSchedule [vscu-thread-3] - Executing Resend Schedule
2026-01-22 16:51:51 INFO  c.k.v.execute.offline.ResendSchedule [vscu-thread-3] - Executing Resend Schedule
2026-01-22 16:51:54 INFO  c.k.v.execute.offline.ResendSchedule [vscu-thread-3] - Executing Resend Schedule
2026-01-22 16:51:57 INFO  c.k.v.execute.offline.ResendSchedule [vscu-thread-3] - Executing Resend Schedule
2026-01-22 16:52:00 INFO  c.k.v.execute.offline.ResendSchedule [vscu-thread-3] - Executing Resend Schedule
2026-01-22 16:52:03 INFO  c.k.v.execute.offline.ResendSchedule [vscu-thread-3] - Executing Resend Schedule
2026-01-22 16:52:06 INFO  c.k.v.execute.offline.ResendSchedule [vscu-thread-3] - Executing Resend Schedule
2026-01-22 16:52:08 DEBUG com.zaxxer.hikari.pool.HikariPool [HikariPool-1 housekeeper] - HikariPool-1 - Pool stats (total=20, active=0, idle=20, waiting=0)
2026-01-22 16:52:08 DEBUG com.zaxxer.hikari.pool.HikariPool [HikariPool-1 housekeeper] - HikariPool-1 - Fill pool skipped, pool has sufficient level or currently being filled (queueDepth=0).
2026-01-22 16:52:09 INFO  c.k.v.execute.offline.ResendSchedule [vscu-thread-3] - Executing Resend Schedule
2026-01-22 16:52:12 INFO  c.k.v.execute.offline.ResendSchedule [vscu-thread-3] - Executing Resend Schedule
2026-01-22 16:52:15 INFO  c.k.v.execute.offline.ResendSchedule [vscu-thread-3] - Executing Resend Schedule
2026-01-22 16:52:18 INFO  c.k.v.execute.offline.ResendSchedule [vscu-thread-3] - Executing Resend Schedule
2026-01-22 16:52:21 INFO  c.k.v.execute.offline.ResendSchedule [vscu-thread-3] - Executing Resend Schedule
2026-01-22 16:52:24 INFO  c.k.v.execute.offline.ResendSchedule [vscu-thread-3] - Executing Resend Schedule
2026-01-22 16:52:27 INFO  c.k.v.execute.offline.ResendSchedule [vscu-thread-3] - Executing Resend Schedule
2026-01-22 16:52:30 INFO  c.k.v.execute.offline.ResendSchedule [vscu-thread-3] - Executing Resend Schedule
2026-01-22 16:52:33 INFO  c.k.v.execute.offline.ResendSchedule [vscu-thread-3] - Executing Resend Schedule
2026-01-22 16:52:36 INFO  c.k.v.execute.offline.ResendSchedule [vscu-thread-3] - Executing Resend Schedule
2026-01-22 16:52:38 DEBUG com.zaxxer.hikari.pool.HikariPool [HikariPool-1 housekeeper] - HikariPool-1 - Pool stats (total=20, active=0, idle=20, waiting=0)
2026-01-22 16:52:38 DEBUG com.zaxxer.hikari.pool.HikariPool [HikariPool-1 housekeeper] - HikariPool-1 - Fill pool skipped, pool has sufficient level or currently being filled (queueDepth=0).
2026-01-22 16:52:39 INFO  c.k.v.execute.offline.ResendSchedule [vscu-thread-3] - Executing Resend Schedule
2026-01-22 16:52:42 INFO  c.k.v.execute.offline.ResendSchedule [vscu-thread-3] - Executing Resend Schedule
2026-01-22 16:52:45 INFO  c.k.v.execute.offline.ResendSchedule [vscu-thread-3] - Executing Resend Schedule
2026-01-22 16:52:48 INFO  c.k.v.execute.offline.ResendSchedule [vscu-thread-3] - Executing Resend Schedule
2026-01-22 16:52:51 INFO  c.k.v.execute.offline.ResendSchedule [vscu-thread-3] - Executing Resend Schedule
2026-01-22 16:52:54 INFO  c.k.v.execute.offline.ResendSchedule [vscu-thread-3] - Executing Resend Schedule
2026-01-22 16:52:57 INFO  c.k.v.execute.offline.ResendSchedule [vscu-thread-3] - Executing Resend Schedule
2026-01-22 16:53:00 INFO  c.k.v.execute.offline.ResendSchedule [vscu-thread-3] - Executing Resend Schedule
2026-01-22 16:53:03 INFO  c.k.v.execute.offline.ResendSchedule [vscu-thread-3] - Executing Resend Schedule
2026-01-22 16:53:06 INFO  c.k.v.execute.offline.ResendSchedule [vscu-thread-3] - Executing Resend Schedule
2026-01-22 16:53:08 DEBUG com.zaxxer.hikari.pool.HikariPool [HikariPool-1 housekeeper] - HikariPool-1 - Pool stats (total=20, active=0, idle=20, waiting=0)
2026-01-22 16:53:08 DEBUG com.zaxxer.hikari.pool.HikariPool [HikariPool-1 housekeeper] - HikariPool-1 - Fill pool skipped, pool has sufficient level or currently being filled (queueDepth=0).
2026-01-22 16:53:09 INFO  c.k.v.execute.offline.ResendSchedule [vscu-thread-3] - Executing Resend Schedule
2026-01-22 16:53:12 INFO  c.k.v.execute.offline.ResendSchedule [vscu-thread-3] - Executing Resend Schedule
2026-01-22 16:53:16 INFO  c.k.v.execute.offline.ResendSchedule [vscu-thread-3] - Executing Resend Schedule
2026-01-22 16:53:19 INFO  c.k.v.execute.offline.ResendSchedule [vscu-thread-3] - Executing Resend Schedule
2026-01-22 16:53:22 INFO  c.k.v.execute.offline.ResendSchedule [vscu-thread-3] - Executing Resend Schedule
2026-01-22 16:53:25 INFO  c.k.v.execute.offline.ResendSchedule [vscu-thread-3] - Executing Resend Schedule
2026-01-22 16:53:28 INFO  c.k.v.execute.offline.ResendSchedule [vscu-thread-3] - Executing Resend Schedule
2026-01-22 16:53:31 INFO  c.k.v.execute.offline.ResendSchedule [vscu-thread-3] - Executing Resend Schedule
2026-01-22 16:53:34 INFO  c.k.v.execute.offline.ResendSchedule [vscu-thread-3] - Executing Resend Schedule
2026-01-22 16:53:37 INFO  c.k.v.execute.offline.ResendSchedule [vscu-thread-3] - Executing Resend Schedule
2026-01-22 16:53:38 DEBUG com.zaxxer.hikari.pool.HikariPool [HikariPool-1 housekeeper] - HikariPool-1 - Pool stats (total=20, active=0, idle=20, waiting=0)
2026-01-22 16:53:38 DEBUG com.zaxxer.hikari.pool.HikariPool [HikariPool-1 housekeeper] - HikariPool-1 - Fill pool skipped, pool has sufficient level or currently being filled (queueDepth=0).
2026-01-22 16:53:40 INFO  c.k.v.execute.offline.ResendSchedule [vscu-thread-3] - Executing Resend Schedule
2026-01-22 16:53:43 INFO  c.k.v.execute.offline.ResendSchedule [vscu-thread-3] - Executing Resend Schedule
2026-01-22 16:53:46 INFO  c.k.v.execute.offline.ResendSchedule [vscu-thread-3] - Executing Resend Schedule
2026-01-22 16:53:49 INFO  c.k.v.execute.offline.ResendSchedule [vscu-thread-3] - Executing Resend Schedule
2026-01-22 16:53:52 INFO  c.k.v.execute.offline.ResendSchedule [vscu-thread-3] - Executing Resend Schedule
2026-01-22 16:53:55 INFO  c.k.v.execute.offline.ResendSchedule [vscu-thread-3] - Executing Resend Schedule
2026-01-22 16:53:58 INFO  c.k.v.execute.offline.ResendSchedule [vscu-thread-3] - Executing Resend Schedule
2026-01-22 16:54:01 INFO  c.k.v.execute.offline.ResendSchedule [vscu-thread-3] - Executing Resend Schedule
2026-01-22 16:54:04 INFO  c.k.v.execute.offline.ResendSchedule [vscu-thread-3] - Executing Resend Schedule
2026-01-22 16:54:07 INFO  c.k.v.execute.offline.ResendSchedule [vscu-thread-3] - Executing Resend Schedule
2026-01-22 16:54:08 DEBUG com.zaxxer.hikari.pool.HikariPool [HikariPool-1 housekeeper] - HikariPool-1 - Pool stats (total=20, active=0, idle=20, waiting=0)
2026-01-22 16:54:08 DEBUG com.zaxxer.hikari.pool.HikariPool [HikariPool-1 housekeeper] - HikariPool-1 - Fill pool skipped, pool has sufficient level or currently being filled (queueDepth=0).
2026-01-22 16:54:10 INFO  c.k.v.execute.offline.ResendSchedule [vscu-thread-3] - Executing Resend Schedule
2026-01-22 16:54:13 INFO  c.k.v.execute.offline.ResendSchedule [vscu-thread-3] - Executing Resend Schedule
2026-01-22 16:54:16 INFO  c.k.v.execute.offline.ResendSchedule [vscu-thread-3] - Executing Resend Schedule
2026-01-22 16:54:19 INFO  c.k.v.execute.offline.ResendSchedule [vscu-thread-3] - Executing Resend Schedule
2026-01-22 16:54:22 INFO  c.k.v.execute.offline.ResendSchedule [vscu-thread-3] - Executing Resend Schedule
2026-01-22 16:54:25 INFO  c.k.v.execute.offline.ResendSchedule [vscu-thread-3] - Executing Resend Schedule
2026-01-22 16:54:28 INFO  c.k.v.execute.offline.ResendSchedule [vscu-thread-3] - Executing Resend Schedule
2026-01-22 16:54:31 INFO  c.k.v.execute.offline.ResendSchedule [vscu-thread-3] - Executing Resend Schedule
2026-01-22 16:54:34 INFO  c.k.v.execute.offline.ResendSchedule [vscu-thread-3] - Executing Resend Schedule
2026-01-22 16:54:37 INFO  c.k.v.execute.offline.ResendSchedule [vscu-thread-3] - Executing Resend Schedule
2026-01-22 16:54:38 DEBUG com.zaxxer.hikari.pool.HikariPool [HikariPool-1 housekeeper] - HikariPool-1 - Pool stats (total=20, active=0, idle=20, waiting=0)
2026-01-22 16:54:38 DEBUG com.zaxxer.hikari.pool.HikariPool [HikariPool-1 housekeeper] - HikariPool-1 - Fill pool skipped, pool has sufficient level or currently being filled (queueDepth=0).
2026-01-22 16:54:40 INFO  c.k.v.execute.offline.ResendSchedule [vscu-thread-3] - Executing Resend Schedule
2026-01-22 16:54:43 INFO  c.k.v.execute.offline.ResendSchedule [vscu-thread-3] - Executing Resend Schedule
2026-01-22 16:54:46 INFO  c.k.v.execute.offline.ResendSchedule [vscu-thread-3] - Executing Resend Schedule
2026-01-22 16:54:49 INFO  c.k.v.execute.offline.ResendSchedule [vscu-thread-3] - Executing Resend Schedule
2026-01-22 16:54:52 INFO  c.k.v.execute.offline.ResendSchedule [vscu-thread-3] - Executing Resend Schedule
2026-01-22 16:54:55 INFO  c.k.v.execute.offline.ResendSchedule [vscu-thread-3] - Executing Resend Schedule
2026-01-22 16:54:58 INFO  c.k.v.execute.offline.ResendSchedule [vscu-thread-3] - Executing Resend Schedule
2026-01-22 16:55:01 INFO  c.k.v.execute.offline.ResendSchedule [vscu-thread-2] - Executing Resend Schedule
2026-01-22 16:55:04 INFO  c.k.v.execute.offline.ResendSchedule [vscu-thread-2] - Executing Resend Schedule
2026-01-22 16:55:07 INFO  c.k.v.execute.offline.ResendSchedule [vscu-thread-2] - Executing Resend Schedule
2026-01-22 16:55:08 DEBUG com.zaxxer.hikari.pool.HikariPool [HikariPool-1 housekeeper] - HikariPool-1 - Pool stats (total=20, active=0, idle=20, waiting=0)
2026-01-22 16:55:08 DEBUG com.zaxxer.hikari.pool.HikariPool [HikariPool-1 housekeeper] - HikariPool-1 - Fill pool skipped, pool has sufficient level or currently being filled (queueDepth=0).
2026-01-22 16:55:10 INFO  c.k.v.execute.offline.ResendSchedule [vscu-thread-2] - Executing Resend Schedule
2026-01-22 16:55:13 INFO  c.k.v.execute.offline.ResendSchedule [vscu-thread-2] - Executing Resend Schedule
2026-01-22 16:55:16 INFO  c.k.v.execute.offline.ResendSchedule [vscu-thread-2] - Executing Resend Schedule
2026-01-22 16:55:19 INFO  c.k.v.execute.offline.ResendSchedule [vscu-thread-2] - Executing Resend Schedule
2026-01-22 16:55:22 INFO  c.k.v.execute.offline.ResendSchedule [vscu-thread-2] - Executing Resend Schedule
2026-01-22 16:55:25 INFO  c.k.v.execute.offline.ResendSchedule [vscu-thread-2] - Executing Resend Schedule
2026-01-22 16:55:28 INFO  c.k.v.execute.offline.ResendSchedule [vscu-thread-2] - Executing Resend Schedule
2026-01-22 16:55:31 INFO  c.k.v.execute.offline.ResendSchedule [vscu-thread-2] - Executing Resend Schedule
2026-01-22 16:55:34 INFO  c.k.v.execute.offline.ResendSchedule [vscu-thread-2] - Executing Resend Schedule
2026-01-22 16:55:37 INFO  c.k.v.execute.offline.ResendSchedule [vscu-thread-2] - Executing Resend Schedule
2026-01-22 16:55:38 DEBUG com.zaxxer.hikari.pool.HikariPool [HikariPool-1 housekeeper] - HikariPool-1 - Pool stats (total=20, active=0, idle=20, waiting=0)
2026-01-22 16:55:38 DEBUG com.zaxxer.hikari.pool.HikariPool [HikariPool-1 housekeeper] - HikariPool-1 - Fill pool skipped, pool has sufficient level or currently being filled (queueDepth=0).
2026-01-22 16:55:40 INFO  c.k.v.execute.offline.ResendSchedule [vscu-thread-2] - Executing Resend Schedule
2026-01-22 16:55:43 INFO  c.k.v.execute.offline.ResendSchedule [vscu-thread-2] - Executing Resend Schedule
2026-01-22 16:55:46 INFO  c.k.v.execute.offline.ResendSchedule [vscu-thread-2] - Executing Resend Schedule
2026-01-22 16:55:49 INFO  c.k.v.execute.offline.ResendSchedule [vscu-thread-2] - Executing Resend Schedule
2026-01-22 16:55:52 INFO  c.k.v.execute.offline.ResendSchedule [vscu-thread-1] - Executing Resend Schedule
2026-01-22 16:55:55 INFO  c.k.v.execute.offline.ResendSchedule [vscu-thread-1] - Executing Resend Schedule
2026-01-22 16:55:58 INFO  c.k.v.execute.offline.ResendSchedule [vscu-thread-1] - Executing Resend Schedule
2026-01-22 16:56:01 INFO  c.k.v.execute.offline.ResendSchedule [vscu-thread-1] - Executing Resend Schedule
2026-01-22 16:56:04 INFO  c.k.v.execute.offline.ResendSchedule [vscu-thread-1] - Executing Resend Schedule
2026-01-22 16:56:07 INFO  c.k.v.execute.offline.ResendSchedule [vscu-thread-1] - Executing Resend Schedule
2026-01-22 16:56:08 DEBUG com.zaxxer.hikari.pool.HikariPool [HikariPool-1 housekeeper] - HikariPool-1 - Pool stats (total=20, active=0, idle=20, waiting=0)
2026-01-22 16:56:08 DEBUG com.zaxxer.hikari.pool.HikariPool [HikariPool-1 housekeeper] - HikariPool-1 - Fill pool skipped, pool has sufficient level or currently being filled (queueDepth=0).
2026-01-22 16:56:10 INFO  c.k.v.execute.offline.ResendSchedule [vscu-thread-1] - Executing Resend Schedule
2026-01-22 16:56:13 INFO  c.k.v.execute.offline.ResendSchedule [vscu-thread-1] - Executing Resend Schedule
2026-01-22 16:56:16 INFO  c.k.v.execute.offline.ResendSchedule [vscu-thread-2] - Executing Resend Schedule
2026-01-22 16:56:19 INFO  c.k.v.execute.offline.ResendSchedule [vscu-thread-2] - Executing Resend Schedule
2026-01-22 16:56:22 INFO  c.k.v.execute.offline.ResendSchedule [vscu-thread-2] - Executing Resend Schedule
2026-01-22 16:56:25 INFO  c.k.v.execute.offline.ResendSchedule [vscu-thread-2] - Executing Resend Schedule
2026-01-22 16:56:28 INFO  c.k.v.execute.offline.ResendSchedule [vscu-thread-2] - Executing Resend Schedule
2026-01-22 16:56:31 INFO  c.k.v.execute.offline.ResendSchedule [vscu-thread-3] - Executing Resend Schedule
2026-01-22 16:56:34 INFO  c.k.v.execute.offline.ResendSchedule [vscu-thread-3] - Executing Resend Schedule
2026-01-22 16:56:37 INFO  c.k.v.execute.offline.ResendSchedule [vscu-thread-3] - Executing Resend Schedule
2026-01-22 16:56:38 DEBUG com.zaxxer.hikari.pool.HikariPool [HikariPool-1 housekeeper] - HikariPool-1 - Pool stats (total=20, active=0, idle=20, waiting=0)
2026-01-22 16:56:38 DEBUG com.zaxxer.hikari.pool.HikariPool [HikariPool-1 housekeeper] - HikariPool-1 - Fill pool skipped, pool has sufficient level or currently being filled (queueDepth=0).
2026-01-22 16:56:40 INFO  c.k.v.execute.offline.ResendSchedule [vscu-thread-3] - Executing Resend Schedule
2026-01-22 16:56:43 INFO  c.k.v.execute.offline.ResendSchedule [vscu-thread-2] - Executing Resend Schedule
2026-01-22 16:56:46 INFO  c.k.v.execute.offline.ResendSchedule [vscu-thread-2] - Executing Resend Schedule
2026-01-22 16:56:49 INFO  c.k.v.execute.offline.ResendSchedule [vscu-thread-2] - Executing Resend Schedule
2026-01-22 16:56:52 INFO  c.k.v.execute.offline.ResendSchedule [vscu-thread-2] - Executing Resend Schedule
2026-01-22 16:56:56 INFO  c.k.v.execute.offline.ResendSchedule [vscu-thread-2] - Executing Resend Schedule
2026-01-22 16:56:59 INFO  c.k.v.execute.offline.ResendSchedule [vscu-thread-2] - Executing Resend Schedule
2026-01-22 16:57:02 INFO  c.k.v.execute.offline.ResendSchedule [vscu-thread-2] - Executing Resend Schedule
2026-01-22 16:57:05 INFO  c.k.v.execute.offline.ResendSchedule [vscu-thread-2] - Executing Resend Schedule
2026-01-22 16:57:08 INFO  c.k.v.execute.offline.ResendSchedule [vscu-thread-2] - Executing Resend Schedule
2026-01-22 16:57:08 DEBUG com.zaxxer.hikari.pool.HikariPool [HikariPool-1 housekeeper] - HikariPool-1 - Pool stats (total=20, active=0, idle=20, waiting=0)
2026-01-22 16:57:08 DEBUG com.zaxxer.hikari.pool.HikariPool [HikariPool-1 housekeeper] - HikariPool-1 - Fill pool skipped, pool has sufficient level or currently being filled (queueDepth=0).
2026-01-22 16:57:11 INFO  c.k.v.execute.offline.ResendSchedule [vscu-thread-2] - Executing Resend Schedule
2026-01-22 16:57:14 INFO  c.k.v.execute.offline.ResendSchedule [vscu-thread-2] - Executing Resend Schedule
2026-01-22 16:57:17 INFO  c.k.v.execute.offline.ResendSchedule [vscu-thread-2] - Executing Resend Schedule
2026-01-22 16:57:20 INFO  c.k.v.execute.offline.ResendSchedule [vscu-thread-2] - Executing Resend Schedule
2026-01-22 16:57:23 INFO  c.k.v.execute.offline.ResendSchedule [vscu-thread-2] - Executing Resend Schedule
2026-01-22 16:57:26 INFO  c.k.v.execute.offline.ResendSchedule [vscu-thread-2] - Executing Resend Schedule
2026-01-22 16:57:29 INFO  c.k.v.execute.offline.ResendSchedule [vscu-thread-2] - Executing Resend Schedule
2026-01-22 16:57:32 INFO  c.k.v.execute.offline.ResendSchedule [vscu-thread-2] - Executing Resend Schedule
2026-01-22 16:57:35 INFO  c.k.v.execute.offline.ResendSchedule [vscu-thread-1] - Executing Resend Schedule
2026-01-22 16:57:38 DEBUG com.zaxxer.hikari.pool.HikariPool [HikariPool-1 housekeeper] - HikariPool-1 - Pool stats (total=20, active=0, idle=20, waiting=0)
2026-01-22 16:57:38 DEBUG com.zaxxer.hikari.pool.HikariPool [HikariPool-1 housekeeper] - HikariPool-1 - Fill pool skipped, pool has sufficient level or currently being filled (queueDepth=0).
2026-01-22 16:57:38 INFO  c.k.v.execute.offline.ResendSchedule [vscu-thread-3] - Executing Resend Schedule
2026-01-22 16:57:41 INFO  c.k.v.execute.offline.ResendSchedule [vscu-thread-2] - Executing Resend Schedule
2026-01-22 16:57:44 INFO  c.k.v.execute.offline.ResendSchedule [vscu-thread-2] - Executing Resend Schedule
2026-01-22 16:57:47 INFO  c.k.v.execute.offline.ResendSchedule [vscu-thread-2] - Executing Resend Schedule
2026-01-22 16:57:50 INFO  c.k.v.execute.offline.ResendSchedule [vscu-thread-2] - Executing Resend Schedule
2026-01-22 16:57:53 INFO  c.k.v.execute.offline.ResendSchedule [vscu-thread-2] - Executing Resend Schedule
2026-01-22 16:57:56 INFO  c.k.v.execute.offline.ResendSchedule [vscu-thread-2] - Executing Resend Schedule
2026-01-22 16:57:59 INFO  c.k.v.execute.offline.ResendSchedule [vscu-thread-2] - Executing Resend Schedule
2026-01-22 16:58:02 INFO  c.k.v.execute.offline.ResendSchedule [vscu-thread-1] - Executing Resend Schedule
2026-01-22 16:58:05 INFO  c.k.v.execute.offline.ResendSchedule [vscu-thread-1] - Executing Resend Schedule
2026-01-22 16:58:08 DEBUG com.zaxxer.hikari.pool.HikariPool [HikariPool-1 housekeeper] - HikariPool-1 - Pool stats (total=20, active=0, idle=20, waiting=0)
2026-01-22 16:58:08 DEBUG com.zaxxer.hikari.pool.HikariPool [HikariPool-1 housekeeper] - HikariPool-1 - Fill pool skipped, pool has sufficient level or currently being filled (queueDepth=0).
2026-01-22 16:58:08 INFO  c.k.v.execute.offline.ResendSchedule [vscu-thread-1] - Executing Resend Schedule
2026-01-22 16:58:11 INFO  c.k.v.execute.offline.ResendSchedule [vscu-thread-1] - Executing Resend Schedule
2026-01-22 16:58:14 INFO  c.k.v.execute.offline.ResendSchedule [vscu-thread-1] - Executing Resend Schedule
2026-01-22 16:58:17 INFO  c.k.v.execute.offline.ResendSchedule [vscu-thread-1] - Executing Resend Schedule
2026-01-22 16:58:20 INFO  c.k.v.execute.offline.ResendSchedule [vscu-thread-1] - Executing Resend Schedule
2026-01-22 16:58:23 INFO  c.k.v.execute.offline.ResendSchedule [vscu-thread-3] - Executing Resend Schedule
2026-01-22 16:58:26 INFO  c.k.v.execute.offline.ResendSchedule [vscu-thread-3] - Executing Resend Schedule
2026-01-22 16:58:29 INFO  c.k.v.execute.offline.ResendSchedule [vscu-thread-1] - Executing Resend Schedule
2026-01-22 16:58:32 INFO  c.k.v.execute.offline.ResendSchedule [vscu-thread-2] - Executing Resend Schedule
2026-01-22 16:58:35 INFO  c.k.v.execute.offline.ResendSchedule [vscu-thread-2] - Executing Resend Schedule
2026-01-22 16:58:38 DEBUG com.zaxxer.hikari.pool.HikariPool [HikariPool-1 housekeeper] - HikariPool-1 - Pool stats (total=20, active=0, idle=20, waiting=0)
2026-01-22 16:58:38 DEBUG com.zaxxer.hikari.pool.HikariPool [HikariPool-1 housekeeper] - HikariPool-1 - Fill pool skipped, pool has sufficient level or currently being filled (queueDepth=0).
2026-01-22 16:58:38 INFO  c.k.v.execute.offline.ResendSchedule [vscu-thread-2] - Executing Resend Schedule
2026-01-22 16:58:41 INFO  c.k.v.execute.offline.ResendSchedule [vscu-thread-2] - Executing Resend Schedule
2026-01-22 16:58:44 INFO  c.k.v.execute.offline.ResendSchedule [vscu-thread-2] - Executing Resend Schedule
2026-01-22 16:58:47 INFO  c.k.v.execute.offline.ResendSchedule [vscu-thread-2] - Executing Resend Schedule
2026-01-22 16:58:50 INFO  c.k.v.execute.offline.ResendSchedule [vscu-thread-2] - Executing Resend Schedule
2026-01-22 16:58:53 INFO  c.k.v.execute.offline.ResendSchedule [vscu-thread-2] - Executing Resend Schedule
2026-01-22 16:58:56 INFO  c.k.v.execute.offline.ResendSchedule [vscu-thread-2] - Executing Resend Schedule
2026-01-22 16:58:59 INFO  c.k.v.execute.offline.ResendSchedule [vscu-thread-2] - Executing Resend Schedule
2026-01-22 16:59:02 INFO  c.k.v.execute.offline.ResendSchedule [vscu-thread-2] - Executing Resend Schedule
2026-01-22 16:59:05 INFO  c.k.v.execute.offline.ResendSchedule [vscu-thread-2] - Executing Resend Schedule
2026-01-22 16:59:08 DEBUG com.zaxxer.hikari.pool.HikariPool [HikariPool-1 housekeeper] - HikariPool-1 - Pool stats (total=20, active=0, idle=20, waiting=0)
2026-01-22 16:59:08 DEBUG com.zaxxer.hikari.pool.HikariPool [HikariPool-1 housekeeper] - HikariPool-1 - Fill pool skipped, pool has sufficient level or currently being filled (queueDepth=0).
2026-01-22 16:59:08 INFO  c.k.v.execute.offline.ResendSchedule [vscu-thread-2] - Executing Resend Schedule
2026-01-22 16:59:11 INFO  c.k.v.execute.offline.ResendSchedule [vscu-thread-2] - Executing Resend Schedule
2026-01-22 16:59:14 INFO  c.k.v.execute.offline.ResendSchedule [vscu-thread-2] - Executing Resend Schedule
2026-01-22 16:59:17 INFO  c.k.v.execute.offline.ResendSchedule [vscu-thread-2] - Executing Resend Schedule
2026-01-22 16:59:20 INFO  c.k.v.execute.offline.ResendSchedule [vscu-thread-2] - Executing Resend Schedule
2026-01-22 16:59:23 INFO  c.k.v.execute.offline.ResendSchedule [vscu-thread-2] - Executing Resend Schedule
2026-01-22 16:59:26 INFO  c.k.v.execute.offline.ResendSchedule [vscu-thread-2] - Executing Resend Schedule
2026-01-22 16:59:29 INFO  c.k.v.execute.offline.ResendSchedule [vscu-thread-2] - Executing Resend Schedule
2026-01-22 16:59:32 INFO  c.k.v.execute.offline.ResendSchedule [vscu-thread-2] - Executing Resend Schedule
2026-01-22 16:59:35 INFO  c.k.v.execute.offline.ResendSchedule [vscu-thread-2] - Executing Resend Schedule
2026-01-22 16:59:38 DEBUG com.zaxxer.hikari.pool.HikariPool [HikariPool-1 housekeeper] - HikariPool-1 - Pool stats (total=20, active=0, idle=20, waiting=0)
2026-01-22 16:59:38 DEBUG com.zaxxer.hikari.pool.HikariPool [HikariPool-1 housekeeper] - HikariPool-1 - Fill pool skipped, pool has sufficient level or currently being filled (queueDepth=0).
2026-01-22 16:59:38 INFO  c.k.v.execute.offline.ResendSchedule [vscu-thread-2] - Executing Resend Schedule
2026-01-22 16:59:41 INFO  c.k.v.execute.offline.ResendSchedule [vscu-thread-2] - Executing Resend Schedule
2026-01-22 16:59:44 INFO  c.k.v.execute.offline.ResendSchedule [vscu-thread-2] - Executing Resend Schedule
2026-01-22 16:59:47 INFO  c.k.v.execute.offline.ResendSchedule [vscu-thread-2] - Executing Resend Schedule
2026-01-22 16:59:50 INFO  c.k.v.execute.offline.ResendSchedule [vscu-thread-2] - Executing Resend Schedule
2026-01-22 16:59:53 INFO  c.k.v.execute.offline.ResendSchedule [vscu-thread-2] - Executing Resend Schedule
2026-01-22 16:59:56 INFO  c.k.v.execute.offline.ResendSchedule [vscu-thread-2] - Executing Resend Schedule
2026-01-22 17:00:00 INFO  c.k.v.execute.offline.ResendSchedule [vscu-thread-2] - Executing Resend Schedule
2026-01-22 17:00:03 INFO  c.k.v.execute.offline.ResendSchedule [vscu-thread-2] - Executing Resend Schedule
2026-01-22 17:00:06 INFO  c.k.v.execute.offline.ResendSchedule [vscu-thread-2] - Executing Resend Schedule
2026-01-22 17:00:08 DEBUG com.zaxxer.hikari.pool.HikariPool [HikariPool-1 housekeeper] - HikariPool-1 - Pool stats (total=20, active=0, idle=20, waiting=0)
2026-01-22 17:00:08 DEBUG com.zaxxer.hikari.pool.HikariPool [HikariPool-1 housekeeper] - HikariPool-1 - Fill pool skipped, pool has sufficient level or currently being filled (queueDepth=0).
2026-01-22 17:00:09 INFO  c.k.v.execute.offline.ResendSchedule [vscu-thread-2] - Executing Resend Schedule
2026-01-22 17:00:12 INFO  c.k.v.execute.offline.ResendSchedule [vscu-thread-2] - Executing Resend Schedule
2026-01-22 17:00:15 INFO  c.k.v.execute.offline.ResendSchedule [vscu-thread-2] - Executing Resend Schedule
2026-01-22 17:00:18 INFO  c.k.v.execute.offline.ResendSchedule [vscu-thread-2] - Executing Resend Schedule
2026-01-22 17:00:21 INFO  c.k.v.execute.offline.ResendSchedule [vscu-thread-2] - Executing Resend Schedule
2026-01-22 17:00:24 INFO  c.k.v.execute.offline.ResendSchedule [vscu-thread-2] - Executing Resend Schedule
2026-01-22 17:00:27 INFO  c.k.v.execute.offline.ResendSchedule [vscu-thread-2] - Executing Resend Schedule
2026-01-22 17:00:30 INFO  c.k.v.execute.offline.ResendSchedule [vscu-thread-2] - Executing Resend Schedule
2026-01-22 17:00:33 INFO  c.k.v.execute.offline.ResendSchedule [vscu-thread-2] - Executing Resend Schedule
2026-01-22 17:00:36 INFO  c.k.v.execute.offline.ResendSchedule [vscu-thread-2] - Executing Resend Schedule
2026-01-22 17:00:38 DEBUG com.zaxxer.hikari.pool.HikariPool [HikariPool-1 housekeeper] - HikariPool-1 - Pool stats (total=20, active=0, idle=20, waiting=0)
2026-01-22 17:00:38 DEBUG com.zaxxer.hikari.pool.HikariPool [HikariPool-1 housekeeper] - HikariPool-1 - Fill pool skipped, pool has sufficient level or currently being filled (queueDepth=0).
2026-01-22 17:00:39 INFO  c.k.v.execute.offline.ResendSchedule [vscu-thread-2] - Executing Resend Schedule
2026-01-22 17:00:42 INFO  c.k.v.execute.offline.ResendSchedule [vscu-thread-2] - Executing Resend Schedule
2026-01-22 17:00:45 INFO  c.k.v.execute.offline.ResendSchedule [vscu-thread-1] - Executing Resend Schedule
2026-01-22 17:00:48 INFO  c.k.v.execute.offline.ResendSchedule [vscu-thread-1] - Executing Resend Schedule
2026-01-22 17:00:51 INFO  c.k.v.execute.offline.ResendSchedule [vscu-thread-1] - Executing Resend Schedule
2026-01-22 17:00:54 INFO  c.k.v.execute.offline.ResendSchedule [vscu-thread-1] - Executing Resend Schedule
2026-01-22 17:00:57 INFO  c.k.v.execute.offline.ResendSchedule [vscu-thread-1] - Executing Resend Schedule
2026-01-22 17:01:00 INFO  c.k.v.execute.offline.ResendSchedule [vscu-thread-1] - Executing Resend Schedule
2026-01-22 17:01:03 INFO  c.k.v.execute.offline.ResendSchedule [vscu-thread-1] - Executing Resend Schedule
2026-01-22 17:01:06 INFO  c.k.v.execute.offline.ResendSchedule [vscu-thread-1] - Executing Resend Schedule
2026-01-22 17:01:08 DEBUG com.zaxxer.hikari.pool.HikariPool [HikariPool-1 housekeeper] - HikariPool-1 - Pool stats (total=20, active=0, idle=20, waiting=0)
2026-01-22 17:01:08 DEBUG com.zaxxer.hikari.pool.HikariPool [HikariPool-1 housekeeper] - HikariPool-1 - Fill pool skipped, pool has sufficient level or currently being filled (queueDepth=0).
2026-01-22 17:01:09 INFO  c.k.v.execute.offline.ResendSchedule [vscu-thread-1] - Executing Resend Schedule
2026-01-22 17:01:12 INFO  c.k.v.execute.offline.ResendSchedule [vscu-thread-1] - Executing Resend Schedule
2026-01-22 17:01:15 INFO  c.k.v.execute.offline.ResendSchedule [vscu-thread-1] - Executing Resend Schedule
2026-01-22 17:01:18 INFO  c.k.v.execute.offline.ResendSchedule [vscu-thread-1] - Executing Resend Schedule
2026-01-22 17:01:21 INFO  c.k.v.execute.offline.ResendSchedule [vscu-thread-1] - Executing Resend Schedule
2026-01-22 17:01:24 INFO  c.k.v.execute.offline.ResendSchedule [vscu-thread-1] - Executing Resend Schedule
2026-01-22 17:01:27 INFO  c.k.v.execute.offline.ResendSchedule [vscu-thread-1] - Executing Resend Schedule
2026-01-22 17:01:30 INFO  c.k.v.execute.offline.ResendSchedule [vscu-thread-1] - Executing Resend Schedule
2026-01-22 17:01:33 INFO  c.k.v.execute.offline.ResendSchedule [vscu-thread-1] - Executing Resend Schedule
2026-01-22 17:01:36 INFO  c.k.v.execute.offline.ResendSchedule [vscu-thread-1] - Executing Resend Schedule
2026-01-22 17:01:38 DEBUG com.zaxxer.hikari.pool.HikariPool [HikariPool-1 housekeeper] - HikariPool-1 - Pool stats (total=20, active=0, idle=20, waiting=0)
2026-01-22 17:01:38 DEBUG com.zaxxer.hikari.pool.HikariPool [HikariPool-1 housekeeper] - HikariPool-1 - Fill pool skipped, pool has sufficient level or currently being filled (queueDepth=0).
2026-01-22 17:01:39 INFO  c.k.v.execute.offline.ResendSchedule [vscu-thread-1] - Executing Resend Schedule
2026-01-22 17:01:42 INFO  c.k.v.execute.offline.ResendSchedule [vscu-thread-1] - Executing Resend Schedule
2026-01-22 17:01:45 INFO  c.k.v.execute.offline.ResendSchedule [vscu-thread-1] - Executing Resend Schedule
2026-01-22 17:01:48 INFO  c.k.v.execute.offline.ResendSchedule [vscu-thread-1] - Executing Resend Schedule
2026-01-22 17:01:51 INFO  c.k.v.execute.offline.ResendSchedule [vscu-thread-1] - Executing Resend Schedule
2026-01-22 17:01:54 INFO  c.k.v.execute.offline.ResendSchedule [vscu-thread-1] - Executing Resend Schedule
2026-01-22 17:01:57 INFO  c.k.v.execute.offline.ResendSchedule [vscu-thread-1] - Executing Resend Schedule
2026-01-22 17:02:00 INFO  c.k.v.execute.offline.ResendSchedule [vscu-thread-1] - Executing Resend Schedule
2026-01-22 17:02:03 INFO  c.k.v.execute.offline.ResendSchedule [vscu-thread-1] - Executing Resend Schedule
2026-01-22 17:02:06 INFO  c.k.v.execute.offline.ResendSchedule [vscu-thread-1] - Executing Resend Schedule
2026-01-22 17:02:08 DEBUG com.zaxxer.hikari.pool.HikariPool [HikariPool-1 housekeeper] - HikariPool-1 - Pool stats (total=20, active=0, idle=20, waiting=0)
2026-01-22 17:02:08 DEBUG com.zaxxer.hikari.pool.HikariPool [HikariPool-1 housekeeper] - HikariPool-1 - Fill pool skipped, pool has sufficient level or currently being filled (queueDepth=0).
2026-01-22 17:02:09 INFO  c.k.v.execute.offline.ResendSchedule [vscu-thread-1] - Executing Resend Schedule
2026-01-22 17:02:12 INFO  c.k.v.execute.offline.ResendSchedule [vscu-thread-1] - Executing Resend Schedule
2026-01-22 17:02:15 INFO  c.k.v.execute.offline.ResendSchedule [vscu-thread-1] - Executing Resend Schedule
2026-01-22 17:02:18 INFO  c.k.v.execute.offline.ResendSchedule [vscu-thread-1] - Executing Resend Schedule
2026-01-22 17:02:21 INFO  c.k.v.execute.offline.ResendSchedule [vscu-thread-1] - Executing Resend Schedule
2026-01-22 17:02:24 INFO  c.k.v.execute.offline.ResendSchedule [vscu-thread-1] - Executing Resend Schedule
2026-01-22 17:02:27 INFO  c.k.v.execute.offline.ResendSchedule [vscu-thread-1] - Executing Resend Schedule
2026-01-22 17:02:30 INFO  c.k.v.execute.offline.ResendSchedule [vscu-thread-1] - Executing Resend Schedule
2026-01-22 17:02:33 INFO  c.k.v.execute.offline.ResendSchedule [vscu-thread-1] - Executing Resend Schedule
2026-01-22 17:02:36 INFO  c.k.v.execute.offline.ResendSchedule [vscu-thread-1] - Executing Resend Schedule
2026-01-22 17:02:38 DEBUG com.zaxxer.hikari.pool.HikariPool [HikariPool-1 housekeeper] - HikariPool-1 - Pool stats (total=20, active=0, idle=20, waiting=0)
2026-01-22 17:02:38 DEBUG com.zaxxer.hikari.pool.HikariPool [HikariPool-1 housekeeper] - HikariPool-1 - Fill pool skipped, pool has sufficient level or currently being filled (queueDepth=0).
2026-01-22 17:02:39 INFO  c.k.v.execute.offline.ResendSchedule [vscu-thread-1] - Executing Resend Schedule
2026-01-22 17:02:42 INFO  c.k.v.execute.offline.ResendSchedule [vscu-thread-1] - Executing Resend Schedule
2026-01-22 17:02:45 INFO  c.k.v.execute.offline.ResendSchedule [vscu-thread-1] - Executing Resend Schedule
2026-01-22 17:02:48 INFO  c.k.v.execute.offline.ResendSchedule [vscu-thread-1] - Executing Resend Schedule
2026-01-22 17:02:51 INFO  c.k.v.execute.offline.ResendSchedule [vscu-thread-1] - Executing Resend Schedule
2026-01-22 17:02:54 INFO  c.k.v.execute.offline.ResendSchedule [vscu-thread-1] - Executing Resend Schedule
2026-01-22 17:02:57 INFO  c.k.v.execute.offline.ResendSchedule [vscu-thread-1] - Executing Resend Schedule
2026-01-22 17:03:00 INFO  c.k.v.execute.offline.ResendSchedule [vscu-thread-1] - Executing Resend Schedule
2026-01-22 17:03:03 INFO  c.k.v.execute.offline.ResendSchedule [vscu-thread-1] - Executing Resend Schedule
2026-01-22 17:03:06 INFO  c.k.v.execute.offline.ResendSchedule [vscu-thread-1] - Executing Resend Schedule
2026-01-22 17:03:08 DEBUG com.zaxxer.hikari.pool.HikariPool [HikariPool-1 housekeeper] - HikariPool-1 - Pool stats (total=20, active=0, idle=20, waiting=0)
2026-01-22 17:03:08 DEBUG com.zaxxer.hikari.pool.HikariPool [HikariPool-1 housekeeper] - HikariPool-1 - Fill pool skipped, pool has sufficient level or currently being filled (queueDepth=0).
2026-01-22 17:03:09 INFO  c.k.v.execute.offline.ResendSchedule [vscu-thread-1] - Executing Resend Schedule
2026-01-22 17:03:13 INFO  c.k.v.execute.offline.ResendSchedule [vscu-thread-1] - Executing Resend Schedule
2026-01-22 17:03:16 INFO  c.k.v.execute.offline.ResendSchedule [vscu-thread-1] - Executing Resend Schedule
2026-01-22 17:03:19 INFO  c.k.v.execute.offline.ResendSchedule [vscu-thread-1] - Executing Resend Schedule
2026-01-22 17:03:22 INFO  c.k.v.execute.offline.ResendSchedule [vscu-thread-1] - Executing Resend Schedule
2026-01-22 17:03:25 INFO  c.k.v.execute.offline.ResendSchedule [vscu-thread-1] - Executing Resend Schedule
2026-01-22 17:03:28 INFO  c.k.v.execute.offline.ResendSchedule [vscu-thread-1] - Executing Resend Schedule
2026-01-22 17:03:31 INFO  c.k.v.execute.offline.ResendSchedule [vscu-thread-1] - Executing Resend Schedule
2026-01-22 17:03:34 INFO  c.k.v.execute.offline.ResendSchedule [vscu-thread-1] - Executing Resend Schedule
2026-01-22 17:03:37 INFO  c.k.v.execute.offline.ResendSchedule [vscu-thread-1] - Executing Resend Schedule
2026-01-22 17:03:38 DEBUG com.zaxxer.hikari.pool.HikariPool [HikariPool-1 housekeeper] - HikariPool-1 - Pool stats (total=20, active=0, idle=20, waiting=0)
2026-01-22 17:03:38 DEBUG com.zaxxer.hikari.pool.HikariPool [HikariPool-1 housekeeper] - HikariPool-1 - Fill pool skipped, pool has sufficient level or currently being filled (queueDepth=0).
2026-01-22 17:03:40 INFO  c.k.v.execute.offline.ResendSchedule [vscu-thread-1] - Executing Resend Schedule
2026-01-22 17:03:43 INFO  c.k.v.execute.offline.ResendSchedule [vscu-thread-1] - Executing Resend Schedule
2026-01-22 17:03:46 INFO  c.k.v.execute.offline.ResendSchedule [vscu-thread-1] - Executing Resend Schedule
2026-01-22 17:03:49 INFO  c.k.v.execute.offline.ResendSchedule [vscu-thread-1] - Executing Resend Schedule
2026-01-22 17:03:52 INFO  c.k.v.execute.offline.ResendSchedule [vscu-thread-1] - Executing Resend Schedule
2026-01-22 17:03:55 INFO  c.k.v.execute.offline.ResendSchedule [vscu-thread-1] - Executing Resend Schedule
2026-01-22 17:03:58 INFO  c.k.v.execute.offline.ResendSchedule [vscu-thread-1] - Executing Resend Schedule
2026-01-22 17:04:01 INFO  c.k.v.execute.offline.ResendSchedule [vscu-thread-1] - Executing Resend Schedule
2026-01-22 17:04:04 INFO  c.k.v.execute.offline.ResendSchedule [vscu-thread-1] - Executing Resend Schedule
2026-01-22 17:04:07 INFO  c.k.v.execute.offline.ResendSchedule [vscu-thread-1] - Executing Resend Schedule
2026-01-22 17:04:08 DEBUG com.zaxxer.hikari.pool.HikariPool [HikariPool-1 housekeeper] - HikariPool-1 - Pool stats (total=20, active=0, idle=20, waiting=0)
2026-01-22 17:04:08 DEBUG com.zaxxer.hikari.pool.HikariPool [HikariPool-1 housekeeper] - HikariPool-1 - Fill pool skipped, pool has sufficient level or currently being filled (queueDepth=0).
2026-01-22 17:04:10 INFO  c.k.v.execute.offline.ResendSchedule [vscu-thread-1] - Executing Resend Schedule
2026-01-22 17:04:13 INFO  c.k.v.execute.offline.ResendSchedule [vscu-thread-1] - Executing Resend Schedule
2026-01-22 17:04:16 INFO  c.k.v.execute.offline.ResendSchedule [vscu-thread-1] - Executing Resend Schedule
2026-01-22 17:04:19 INFO  c.k.v.execute.offline.ResendSchedule [vscu-thread-1] - Executing Resend Schedule
2026-01-22 17:04:22 INFO  c.k.v.execute.offline.ResendSchedule [vscu-thread-1] - Executing Resend Schedule
2026-01-22 17:04:25 INFO  c.k.v.execute.offline.ResendSchedule [vscu-thread-1] - Executing Resend Schedule
2026-01-22 17:04:28 INFO  c.k.v.execute.offline.ResendSchedule [vscu-thread-1] - Executing Resend Schedule
2026-01-22 17:04:31 INFO  c.k.v.execute.offline.ResendSchedule [vscu-thread-1] - Executing Resend Schedule
2026-01-22 17:04:34 INFO  c.k.v.execute.offline.ResendSchedule [vscu-thread-1] - Executing Resend Schedule
2026-01-22 17:04:37 INFO  c.k.v.execute.offline.ResendSchedule [vscu-thread-1] - Executing Resend Schedule
2026-01-22 17:04:38 DEBUG com.zaxxer.hikari.pool.HikariPool [HikariPool-1 housekeeper] - HikariPool-1 - Pool stats (total=20, active=0, idle=20, waiting=0)
2026-01-22 17:04:38 DEBUG com.zaxxer.hikari.pool.HikariPool [HikariPool-1 housekeeper] - HikariPool-1 - Fill pool skipped, pool has sufficient level or currently being filled (queueDepth=0).
2026-01-22 17:04:40 INFO  c.k.v.execute.offline.ResendSchedule [vscu-thread-1] - Executing Resend Schedule
2026-01-22 17:04:43 INFO  c.k.v.execute.offline.ResendSchedule [vscu-thread-1] - Executing Resend Schedule
2026-01-22 17:04:46 INFO  c.k.v.execute.offline.ResendSchedule [vscu-thread-1] - Executing Resend Schedule
2026-01-22 17:04:49 INFO  c.k.v.execute.offline.ResendSchedule [vscu-thread-1] - Executing Resend Schedule
2026-01-22 17:04:52 INFO  c.k.v.execute.offline.ResendSchedule [vscu-thread-1] - Executing Resend Schedule
2026-01-22 17:04:55 INFO  c.k.v.execute.offline.ResendSchedule [vscu-thread-1] - Executing Resend Schedule
2026-01-22 17:04:58 INFO  c.k.v.execute.offline.ResendSchedule [vscu-thread-1] - Executing Resend Schedule
2026-01-22 17:05:01 INFO  c.k.v.execute.offline.ResendSchedule [vscu-thread-1] - Executing Resend Schedule
2026-01-22 17:05:04 INFO  c.k.v.execute.offline.ResendSchedule [vscu-thread-1] - Executing Resend Schedule
2026-01-22 17:05:07 INFO  c.k.v.execute.offline.ResendSchedule [vscu-thread-1] - Executing Resend Schedule
2026-01-22 17:05:08 DEBUG com.zaxxer.hikari.pool.HikariPool [HikariPool-1 housekeeper] - HikariPool-1 - Pool stats (total=20, active=0, idle=20, waiting=0)
2026-01-22 17:05:08 DEBUG com.zaxxer.hikari.pool.HikariPool [HikariPool-1 housekeeper] - HikariPool-1 - Fill pool skipped, pool has sufficient level or currently being filled (queueDepth=0).
2026-01-22 17:05:10 INFO  c.k.v.execute.offline.ResendSchedule [vscu-thread-1] - Executing Resend Schedule
2026-01-22 17:05:13 INFO  c.k.v.execute.offline.ResendSchedule [vscu-thread-1] - Executing Resend Schedule
2026-01-22 17:05:16 INFO  c.k.v.execute.offline.ResendSchedule [vscu-thread-1] - Executing Resend Schedule
2026-01-22 17:05:19 INFO  c.k.v.execute.offline.ResendSchedule [vscu-thread-1] - Executing Resend Schedule
2026-01-22 17:05:22 INFO  c.k.v.execute.offline.ResendSchedule [vscu-thread-1] - Executing Resend Schedule
2026-01-22 17:05:25 INFO  c.k.v.execute.offline.ResendSchedule [vscu-thread-1] - Executing Resend Schedule
2026-01-22 17:05:28 INFO  c.k.v.execute.offline.ResendSchedule [vscu-thread-1] - Executing Resend Schedule
2026-01-22 17:05:31 INFO  c.k.v.execute.offline.ResendSchedule [vscu-thread-1] - Executing Resend Schedule
2026-01-22 17:05:34 INFO  c.k.v.execute.offline.ResendSchedule [vscu-thread-1] - Executing Resend Schedule
2026-01-22 17:05:37 INFO  c.k.v.execute.offline.ResendSchedule [vscu-thread-1] - Executing Resend Schedule
2026-01-22 17:05:38 DEBUG com.zaxxer.hikari.pool.HikariPool [HikariPool-1 housekeeper] - HikariPool-1 - Pool stats (total=20, active=0, idle=20, waiting=0)
2026-01-22 17:05:38 DEBUG com.zaxxer.hikari.pool.HikariPool [HikariPool-1 housekeeper] - HikariPool-1 - Fill pool skipped, pool has sufficient level or currently being filled (queueDepth=0).
2026-01-22 17:05:40 INFO  c.k.v.execute.offline.ResendSchedule [vscu-thread-1] - Executing Resend Schedule
2026-01-22 17:05:43 INFO  c.k.v.execute.offline.ResendSchedule [vscu-thread-1] - Executing Resend Schedule
2026-01-22 17:05:46 INFO  c.k.v.execute.offline.ResendSchedule [vscu-thread-1] - Executing Resend Schedule
2026-01-22 17:05:49 INFO  c.k.v.execute.offline.ResendSchedule [vscu-thread-1] - Executing Resend Schedule
2026-01-22 17:05:52 INFO  c.k.v.execute.offline.ResendSchedule [vscu-thread-1] - Executing Resend Schedule
2026-01-22 17:05:55 INFO  c.k.v.execute.offline.ResendSchedule [vscu-thread-1] - Executing Resend Schedule
2026-01-22 17:05:58 INFO  c.k.v.execute.offline.ResendSchedule [vscu-thread-1] - Executing Resend Schedule
2026-01-22 17:06:01 INFO  c.k.v.execute.offline.ResendSchedule [vscu-thread-1] - Executing Resend Schedule
2026-01-22 17:06:04 INFO  c.k.v.execute.offline.ResendSchedule [vscu-thread-1] - Executing Resend Schedule
2026-01-22 17:06:07 INFO  c.k.v.execute.offline.ResendSchedule [vscu-thread-1] - Executing Resend Schedule
2026-01-22 17:06:08 DEBUG com.zaxxer.hikari.pool.HikariPool [HikariPool-1 housekeeper] - HikariPool-1 - Pool stats (total=20, active=0, idle=20, waiting=0)
2026-01-22 17:06:08 DEBUG com.zaxxer.hikari.pool.HikariPool [HikariPool-1 housekeeper] - HikariPool-1 - Fill pool skipped, pool has sufficient level or currently being filled (queueDepth=0).
2026-01-22 17:06:10 INFO  c.k.v.execute.offline.ResendSchedule [vscu-thread-1] - Executing Resend Schedule
2026-01-22 17:06:13 INFO  c.k.v.execute.offline.ResendSchedule [vscu-thread-1] - Executing Resend Schedule
2026-01-22 17:06:16 INFO  c.k.v.execute.offline.ResendSchedule [vscu-thread-1] - Executing Resend Schedule
2026-01-22 17:06:19 INFO  c.k.v.execute.offline.ResendSchedule [vscu-thread-1] - Executing Resend Schedule
2026-01-22 17:06:22 INFO  c.k.v.execute.offline.ResendSchedule [vscu-thread-1] - Executing Resend Schedule
2026-01-22 17:06:26 INFO  c.k.v.execute.offline.ResendSchedule [vscu-thread-1] - Executing Resend Schedule
2026-01-22 17:06:29 INFO  c.k.v.execute.offline.ResendSchedule [vscu-thread-2] - Executing Resend Schedule
2026-01-22 17:06:32 INFO  c.k.v.execute.offline.ResendSchedule [vscu-thread-2] - Executing Resend Schedule
2026-01-22 17:06:35 INFO  c.k.v.execute.offline.ResendSchedule [vscu-thread-1] - Executing Resend Schedule
2026-01-22 17:06:38 INFO  c.k.v.execute.offline.ResendSchedule [vscu-thread-1] - Executing Resend Schedule
2026-01-22 17:06:38 DEBUG com.zaxxer.hikari.pool.HikariPool [HikariPool-1 housekeeper] - HikariPool-1 - Pool stats (total=20, active=0, idle=20, waiting=0)
2026-01-22 17:06:38 DEBUG com.zaxxer.hikari.pool.HikariPool [HikariPool-1 housekeeper] - HikariPool-1 - Fill pool skipped, pool has sufficient level or currently being filled (queueDepth=0).
2026-01-22 17:06:41 INFO  c.k.v.execute.offline.ResendSchedule [vscu-thread-1] - Executing Resend Schedule
2026-01-22 17:06:44 INFO  c.k.v.execute.offline.ResendSchedule [vscu-thread-1] - Executing Resend Schedule
2026-01-22 17:06:47 INFO  c.k.v.execute.offline.ResendSchedule [vscu-thread-1] - Executing Resend Schedule
2026-01-22 17:06:50 INFO  c.k.v.execute.offline.ResendSchedule [vscu-thread-1] - Executing Resend Schedule
2026-01-22 17:06:53 INFO  c.k.v.execute.offline.ResendSchedule [vscu-thread-1] - Executing Resend Schedule
2026-01-22 17:06:56 INFO  c.k.v.execute.offline.ResendSchedule [vscu-thread-1] - Executing Resend Schedule
2026-01-22 17:06:59 INFO  c.k.v.execute.offline.ResendSchedule [vscu-thread-1] - Executing Resend Schedule
2026-01-22 17:07:02 INFO  c.k.v.execute.offline.ResendSchedule [vscu-thread-1] - Executing Resend Schedule
2026-01-22 17:07:05 INFO  c.k.v.execute.offline.ResendSchedule [vscu-thread-1] - Executing Resend Schedule
2026-01-22 17:07:08 INFO  c.k.v.execute.offline.ResendSchedule [vscu-thread-1] - Executing Resend Schedule
2026-01-22 17:07:08 DEBUG com.zaxxer.hikari.pool.HikariPool [HikariPool-1 housekeeper] - HikariPool-1 - Pool stats (total=20, active=0, idle=20, waiting=0)
2026-01-22 17:07:08 DEBUG com.zaxxer.hikari.pool.HikariPool [HikariPool-1 housekeeper] - HikariPool-1 - Fill pool skipped, pool has sufficient level or currently being filled (queueDepth=0).
2026-01-22 17:07:11 INFO  c.k.v.execute.offline.ResendSchedule [vscu-thread-1] - Executing Resend Schedule
2026-01-22 17:07:14 INFO  c.k.v.execute.offline.ResendSchedule [vscu-thread-1] - Executing Resend Schedule
2026-01-22 17:07:17 INFO  c.k.v.execute.offline.ResendSchedule [vscu-thread-1] - Executing Resend Schedule
2026-01-22 17:07:20 INFO  c.k.v.execute.offline.ResendSchedule [vscu-thread-1] - Executing Resend Schedule
2026-01-22 17:07:23 INFO  c.k.v.execute.offline.ResendSchedule [vscu-thread-1] - Executing Resend Schedule
2026-01-22 17:07:26 INFO  c.k.v.execute.offline.ResendSchedule [vscu-thread-1] - Executing Resend Schedule
2026-01-22 17:07:29 INFO  c.k.v.execute.offline.ResendSchedule [vscu-thread-1] - Executing Resend Schedule
2026-01-22 17:07:32 INFO  c.k.v.execute.offline.ResendSchedule [vscu-thread-1] - Executing Resend Schedule
2026-01-22 17:07:35 INFO  c.k.v.execute.offline.ResendSchedule [vscu-thread-1] - Executing Resend Schedule
2026-01-22 17:07:38 DEBUG com.zaxxer.hikari.pool.HikariPool [HikariPool-1 housekeeper] - HikariPool-1 - Pool stats (total=20, active=0, idle=20, waiting=0)
2026-01-22 17:07:38 DEBUG com.zaxxer.hikari.pool.HikariPool [HikariPool-1 housekeeper] - HikariPool-1 - Fill pool skipped, pool has sufficient level or currently being filled (queueDepth=0).
2026-01-22 17:07:38 INFO  c.k.v.execute.offline.ResendSchedule [vscu-thread-1] - Executing Resend Schedule
2026-01-22 17:07:41 INFO  c.k.v.execute.offline.ResendSchedule [vscu-thread-1] - Executing Resend Schedule
2026-01-22 17:07:44 INFO  c.k.v.execute.offline.ResendSchedule [vscu-thread-1] - Executing Resend Schedule
2026-01-22 17:07:47 INFO  c.k.v.execute.offline.ResendSchedule [vscu-thread-2] - Executing Resend Schedule
2026-01-22 17:07:50 INFO  c.k.v.execute.offline.ResendSchedule [vscu-thread-2] - Executing Resend Schedule
2026-01-22 17:07:53 INFO  c.k.v.execute.offline.ResendSchedule [vscu-thread-2] - Executing Resend Schedule
2026-01-22 17:07:56 INFO  c.k.v.execute.offline.ResendSchedule [vscu-thread-2] - Executing Resend Schedule
2026-01-22 17:07:59 INFO  c.k.v.execute.offline.ResendSchedule [vscu-thread-2] - Executing Resend Schedule
2026-01-22 17:08:02 INFO  c.k.v.execute.offline.ResendSchedule [vscu-thread-2] - Executing Resend Schedule
2026-01-22 17:08:05 INFO  c.k.v.execute.offline.ResendSchedule [vscu-thread-2] - Executing Resend Schedule
2026-01-22 17:08:08 DEBUG com.zaxxer.hikari.pool.HikariPool [HikariPool-1 housekeeper] - HikariPool-1 - Pool stats (total=20, active=0, idle=20, waiting=0)
2026-01-22 17:08:08 DEBUG com.zaxxer.hikari.pool.HikariPool [HikariPool-1 housekeeper] - HikariPool-1 - Fill pool skipped, pool has sufficient level or currently being filled (queueDepth=0).
2026-01-22 17:08:08 INFO  c.k.v.execute.offline.ResendSchedule [vscu-thread-2] - Executing Resend Schedule
2026-01-22 17:08:11 INFO  c.k.v.execute.offline.ResendSchedule [vscu-thread-2] - Executing Resend Schedule
2026-01-22 17:08:14 INFO  c.k.v.execute.offline.ResendSchedule [vscu-thread-2] - Executing Resend Schedule
2026-01-22 17:08:17 INFO  c.k.v.execute.offline.ResendSchedule [vscu-thread-1] - Executing Resend Schedule
2026-01-22 17:08:20 INFO  c.k.v.execute.offline.ResendSchedule [vscu-thread-1] - Executing Resend Schedule
2026-01-22 17:08:23 INFO  c.k.v.execute.offline.ResendSchedule [vscu-thread-1] - Executing Resend Schedule
2026-01-22 17:08:26 INFO  c.k.v.execute.offline.ResendSchedule [vscu-thread-1] - Executing Resend Schedule
2026-01-22 17:08:29 INFO  c.k.v.execute.offline.ResendSchedule [vscu-thread-1] - Executing Resend Schedule
2026-01-22 17:08:32 INFO  c.k.v.execute.offline.ResendSchedule [vscu-thread-1] - Executing Resend Schedule
2026-01-22 17:08:35 INFO  c.k.v.execute.offline.ResendSchedule [vscu-thread-1] - Executing Resend Schedule
2026-01-22 17:08:38 DEBUG com.zaxxer.hikari.pool.HikariPool [HikariPool-1 housekeeper] - HikariPool-1 - Pool stats (total=20, active=0, idle=20, waiting=0)
2026-01-22 17:08:38 DEBUG com.zaxxer.hikari.pool.HikariPool [HikariPool-1 housekeeper] - HikariPool-1 - Fill pool skipped, pool has sufficient level or currently being filled (queueDepth=0).
2026-01-22 17:08:38 INFO  c.k.v.execute.offline.ResendSchedule [vscu-thread-3] - Executing Resend Schedule
2026-01-22 17:08:41 INFO  c.k.v.execute.offline.ResendSchedule [vscu-thread-3] - Executing Resend Schedule
2026-01-22 17:08:44 INFO  c.k.v.execute.offline.ResendSchedule [vscu-thread-3] - Executing Resend Schedule
2026-01-22 17:08:47 INFO  c.k.v.execute.offline.ResendSchedule [vscu-thread-3] - Executing Resend Schedule
2026-01-22 17:08:50 INFO  c.k.v.execute.offline.ResendSchedule [vscu-thread-3] - Executing Resend Schedule
2026-01-22 17:08:53 INFO  c.k.v.execute.offline.ResendSchedule [vscu-thread-3] - Executing Resend Schedule
2026-01-22 17:08:56 INFO  c.k.v.execute.offline.ResendSchedule [vscu-thread-3] - Executing Resend Schedule
2026-01-22 17:08:59 INFO  c.k.v.execute.offline.ResendSchedule [vscu-thread-3] - Executing Resend Schedule
2026-01-22 17:09:02 INFO  c.k.v.execute.offline.ResendSchedule [vscu-thread-3] - Executing Resend Schedule
2026-01-22 17:09:05 INFO  c.k.v.execute.offline.ResendSchedule [vscu-thread-3] - Executing Resend Schedule
2026-01-22 17:09:08 DEBUG com.zaxxer.hikari.pool.HikariPool [HikariPool-1 housekeeper] - HikariPool-1 - Pool stats (total=20, active=0, idle=20, waiting=0)
2026-01-22 17:09:08 DEBUG com.zaxxer.hikari.pool.HikariPool [HikariPool-1 housekeeper] - HikariPool-1 - Fill pool skipped, pool has sufficient level or currently being filled (queueDepth=0).
2026-01-22 17:09:08 INFO  c.k.v.execute.offline.ResendSchedule [vscu-thread-3] - Executing Resend Schedule
2026-01-22 17:09:11 INFO  c.k.v.execute.offline.ResendSchedule [vscu-thread-3] - Executing Resend Schedule
2026-01-22 17:09:14 INFO  c.k.v.execute.offline.ResendSchedule [vscu-thread-3] - Executing Resend Schedule
2026-01-22 17:09:17 INFO  c.k.v.execute.offline.ResendSchedule [vscu-thread-3] - Executing Resend Schedule
2026-01-22 17:09:20 INFO  c.k.v.execute.offline.ResendSchedule [vscu-thread-3] - Executing Resend Schedule
2026-01-22 17:09:23 INFO  c.k.v.execute.offline.ResendSchedule [vscu-thread-3] - Executing Resend Schedule
2026-01-22 17:09:26 INFO  c.k.v.execute.offline.ResendSchedule [vscu-thread-3] - Executing Resend Schedule
2026-01-22 17:09:29 INFO  c.k.v.execute.offline.ResendSchedule [vscu-thread-3] - Executing Resend Schedule
2026-01-22 17:09:33 INFO  c.k.v.execute.offline.ResendSchedule [vscu-thread-3] - Executing Resend Schedule
2026-01-22 17:09:36 INFO  c.k.v.execute.offline.ResendSchedule [vscu-thread-3] - Executing Resend Schedule
2026-01-22 17:09:38 DEBUG com.zaxxer.hikari.pool.HikariPool [HikariPool-1 housekeeper] - HikariPool-1 - Pool stats (total=20, active=0, idle=20, waiting=0)
2026-01-22 17:09:38 DEBUG com.zaxxer.hikari.pool.HikariPool [HikariPool-1 housekeeper] - HikariPool-1 - Fill pool skipped, pool has sufficient level or currently being filled (queueDepth=0).
2026-01-22 17:09:39 INFO  c.k.v.execute.offline.ResendSchedule [vscu-thread-3] - Executing Resend Schedule
2026-01-22 17:09:42 INFO  c.k.v.execute.offline.ResendSchedule [vscu-thread-3] - Executing Resend Schedule
2026-01-22 17:09:45 INFO  c.k.v.execute.offline.ResendSchedule [vscu-thread-3] - Executing Resend Schedule
2026-01-22 17:09:48 INFO  c.k.v.execute.offline.ResendSchedule [vscu-thread-3] - Executing Resend Schedule
2026-01-22 17:09:51 INFO  c.k.v.execute.offline.ResendSchedule [vscu-thread-3] - Executing Resend Schedule
2026-01-22 17:09:54 INFO  c.k.v.execute.offline.ResendSchedule [vscu-thread-3] - Executing Resend Schedule
2026-01-22 17:09:57 INFO  c.k.v.execute.offline.ResendSchedule [vscu-thread-3] - Executing Resend Schedule
2026-01-22 17:10:00 INFO  c.k.v.execute.offline.ResendSchedule [vscu-thread-3] - Executing Resend Schedule
2026-01-22 17:10:03 INFO  c.k.v.execute.offline.ResendSchedule [vscu-thread-3] - Executing Resend Schedule
2026-01-22 17:10:06 INFO  c.k.v.execute.offline.ResendSchedule [vscu-thread-3] - Executing Resend Schedule
2026-01-22 17:10:08 DEBUG com.zaxxer.hikari.pool.HikariPool [HikariPool-1 housekeeper] - HikariPool-1 - Pool stats (total=20, active=0, idle=20, waiting=0)
2026-01-22 17:10:08 DEBUG com.zaxxer.hikari.pool.HikariPool [HikariPool-1 housekeeper] - HikariPool-1 - Fill pool skipped, pool has sufficient level or currently being filled (queueDepth=0).
2026-01-22 17:10:09 INFO  c.k.v.execute.offline.ResendSchedule [vscu-thread-3] - Executing Resend Schedule
2026-01-22 17:10:12 INFO  c.k.v.execute.offline.ResendSchedule [vscu-thread-3] - Executing Resend Schedule
2026-01-22 17:10:15 INFO  c.k.v.execute.offline.ResendSchedule [vscu-thread-3] - Executing Resend Schedule
2026-01-22 17:10:18 INFO  c.k.v.execute.offline.ResendSchedule [vscu-thread-3] - Executing Resend Schedule
2026-01-22 17:10:21 INFO  c.k.v.execute.offline.ResendSchedule [vscu-thread-3] - Executing Resend Schedule
2026-01-22 17:10:24 INFO  c.k.v.execute.offline.ResendSchedule [vscu-thread-3] - Executing Resend Schedule
2026-01-22 17:10:27 INFO  c.k.v.execute.offline.ResendSchedule [vscu-thread-3] - Executing Resend Schedule
2026-01-22 17:10:30 INFO  c.k.v.execute.offline.ResendSchedule [vscu-thread-3] - Executing Resend Schedule
2026-01-22 17:10:33 INFO  c.k.v.execute.offline.ResendSchedule [vscu-thread-3] - Executing Resend Schedule
2026-01-22 17:10:36 INFO  c.k.v.execute.offline.ResendSchedule [vscu-thread-3] - Executing Resend Schedule
2026-01-22 17:10:38 DEBUG com.zaxxer.hikari.pool.HikariPool [HikariPool-1 housekeeper] - HikariPool-1 - Pool stats (total=20, active=0, idle=20, waiting=0)
2026-01-22 17:10:38 DEBUG com.zaxxer.hikari.pool.HikariPool [HikariPool-1 housekeeper] - HikariPool-1 - Fill pool skipped, pool has sufficient level or currently being filled (queueDepth=0).
2026-01-22 17:10:39 INFO  c.k.v.execute.offline.ResendSchedule [vscu-thread-3] - Executing Resend Schedule
2026-01-22 17:10:42 INFO  c.k.v.execute.offline.ResendSchedule [vscu-thread-3] - Executing Resend Schedule
2026-01-22 17:10:45 INFO  c.k.v.execute.offline.ResendSchedule [vscu-thread-3] - Executing Resend Schedule
2026-01-22 17:10:48 INFO  c.k.v.execute.offline.ResendSchedule [vscu-thread-3] - Executing Resend Schedule
2026-01-22 17:10:51 INFO  c.k.v.execute.offline.ResendSchedule [vscu-thread-3] - Executing Resend Schedule
2026-01-22 17:10:54 INFO  c.k.v.execute.offline.ResendSchedule [vscu-thread-3] - Executing Resend Schedule
2026-01-22 17:10:57 INFO  c.k.v.execute.offline.ResendSchedule [vscu-thread-3] - Executing Resend Schedule
2026-01-22 17:11:00 INFO  c.k.v.execute.offline.ResendSchedule [vscu-thread-3] - Executing Resend Schedule
2026-01-22 17:11:03 INFO  c.k.v.execute.offline.ResendSchedule [vscu-thread-3] - Executing Resend Schedule
2026-01-22 17:11:06 INFO  c.k.v.execute.offline.ResendSchedule [vscu-thread-3] - Executing Resend Schedule
2026-01-22 17:11:08 DEBUG com.zaxxer.hikari.pool.HikariPool [HikariPool-1 housekeeper] - HikariPool-1 - Pool stats (total=20, active=0, idle=20, waiting=0)
2026-01-22 17:11:08 DEBUG com.zaxxer.hikari.pool.HikariPool [HikariPool-1 housekeeper] - HikariPool-1 - Fill pool skipped, pool has sufficient level or currently being filled (queueDepth=0).
2026-01-22 17:11:09 INFO  c.k.v.execute.offline.ResendSchedule [vscu-thread-3] - Executing Resend Schedule
2026-01-22 17:11:12 INFO  c.k.v.execute.offline.ResendSchedule [vscu-thread-2] - Executing Resend Schedule
2026-01-22 17:11:15 INFO  c.k.v.execute.offline.ResendSchedule [vscu-thread-2] - Executing Resend Schedule
2026-01-22 17:11:18 INFO  c.k.v.execute.offline.ResendSchedule [vscu-thread-2] - Executing Resend Schedule
2026-01-22 17:11:21 INFO  c.k.v.execute.offline.ResendSchedule [vscu-thread-2] - Executing Resend Schedule
2026-01-22 17:11:24 INFO  c.k.v.execute.offline.ResendSchedule [vscu-thread-2] - Executing Resend Schedule
2026-01-22 17:11:27 INFO  c.k.v.execute.offline.ResendSchedule [vscu-thread-2] - Executing Resend Schedule
2026-01-22 17:11:30 INFO  c.k.v.execute.offline.ResendSchedule [vscu-thread-2] - Executing Resend Schedule
2026-01-22 17:11:33 INFO  c.k.v.execute.offline.ResendSchedule [vscu-thread-1] - Executing Resend Schedule
2026-01-22 17:11:36 INFO  c.k.v.execute.offline.ResendSchedule [vscu-thread-1] - Executing Resend Schedule
2026-01-22 17:11:38 DEBUG com.zaxxer.hikari.pool.HikariPool [HikariPool-1 housekeeper] - HikariPool-1 - Pool stats (total=20, active=0, idle=20, waiting=0)
2026-01-22 17:11:38 DEBUG com.zaxxer.hikari.pool.HikariPool [HikariPool-1 housekeeper] - HikariPool-1 - Fill pool skipped, pool has sufficient level or currently being filled (queueDepth=0).
2026-01-22 17:11:39 INFO  c.k.v.execute.offline.ResendSchedule [vscu-thread-1] - Executing Resend Schedule
2026-01-22 17:11:42 INFO  c.k.v.execute.offline.ResendSchedule [vscu-thread-1] - Executing Resend Schedule
2026-01-22 17:11:45 INFO  c.k.v.execute.offline.ResendSchedule [vscu-thread-2] - Executing Resend Schedule
2026-01-22 17:11:48 INFO  c.k.v.execute.offline.ResendSchedule [vscu-thread-2] - Executing Resend Schedule
2026-01-22 17:11:51 INFO  c.k.v.execute.offline.ResendSchedule [vscu-thread-2] - Executing Resend Schedule
2026-01-22 17:11:54 INFO  c.k.v.execute.offline.ResendSchedule [vscu-thread-2] - Executing Resend Schedule
2026-01-22 17:11:57 INFO  c.k.v.execute.offline.ResendSchedule [vscu-thread-2] - Executing Resend Schedule
2026-01-22 17:12:00 INFO  c.k.v.execute.offline.ResendSchedule [vscu-thread-2] - Executing Resend Schedule
2026-01-22 17:12:03 INFO  c.k.v.execute.offline.ResendSchedule [vscu-thread-2] - Executing Resend Schedule
2026-01-22 17:12:06 INFO  c.k.v.execute.offline.ResendSchedule [vscu-thread-2] - Executing Resend Schedule
2026-01-22 17:12:08 DEBUG com.zaxxer.hikari.pool.HikariPool [HikariPool-1 housekeeper] - HikariPool-1 - Pool stats (total=20, active=0, idle=20, waiting=0)
2026-01-22 17:12:08 DEBUG com.zaxxer.hikari.pool.HikariPool [HikariPool-1 housekeeper] - HikariPool-1 - Fill pool skipped, pool has sufficient level or currently being filled (queueDepth=0).
2026-01-22 17:12:09 INFO  c.k.v.execute.offline.ResendSchedule [vscu-thread-2] - Executing Resend Schedule
2026-01-22 17:12:12 INFO  c.k.v.execute.offline.ResendSchedule [vscu-thread-2] - Executing Resend Schedule
2026-01-22 17:12:15 INFO  c.k.v.execute.offline.ResendSchedule [vscu-thread-2] - Executing Resend Schedule
2026-01-22 17:12:15 DEBUG com.zaxxer.hikari.pool.PoolBase [HikariPool-1 connection closer] - HikariPool-1 - Closing connection conn20: url=jdbc:h2:mem:testdb user=SA: (connection has passed maxLifetime)
2026-01-22 17:12:15 DEBUG com.zaxxer.hikari.pool.HikariPool [HikariPool-1 connection adder] - HikariPool-1 - Added connection conn40: url=jdbc:h2:mem:testdb user=SA
2026-01-22 17:12:18 INFO  c.k.v.execute.offline.ResendSchedule [vscu-thread-2] - Executing Resend Schedule
2026-01-22 17:12:21 DEBUG com.zaxxer.hikari.pool.PoolBase [HikariPool-1 connection closer] - HikariPool-1 - Closing connection conn23: url=jdbc:h2:mem:testdb user=SA: (connection has passed maxLifetime)
2026-01-22 17:12:21 DEBUG com.zaxxer.hikari.pool.HikariPool [HikariPool-1 connection adder] - HikariPool-1 - Added connection conn41: url=jdbc:h2:mem:testdb user=SA
2026-01-22 17:12:21 INFO  c.k.v.execute.offline.ResendSchedule [vscu-thread-2] - Executing Resend Schedule
2026-01-22 17:12:24 DEBUG com.zaxxer.hikari.pool.PoolBase [HikariPool-1 connection closer] - HikariPool-1 - Closing connection conn21: url=jdbc:h2:mem:testdb user=SA: (connection has passed maxLifetime)
2026-01-22 17:12:24 DEBUG com.zaxxer.hikari.pool.HikariPool [HikariPool-1 connection adder] - HikariPool-1 - Added connection conn42: url=jdbc:h2:mem:testdb user=SA
2026-01-22 17:12:24 DEBUG com.zaxxer.hikari.pool.PoolBase [HikariPool-1 connection closer] - HikariPool-1 - Closing connection conn28: url=jdbc:h2:mem:testdb user=SA: (connection has passed maxLifetime)
2026-01-22 17:12:24 DEBUG com.zaxxer.hikari.pool.HikariPool [HikariPool-1 connection adder] - HikariPool-1 - Added connection conn43: url=jdbc:h2:mem:testdb user=SA
2026-01-22 17:12:24 INFO  c.k.v.execute.offline.ResendSchedule [vscu-thread-2] - Executing Resend Schedule
2026-01-22 17:12:26 DEBUG com.zaxxer.hikari.pool.PoolBase [HikariPool-1 connection closer] - HikariPool-1 - Closing connection conn26: url=jdbc:h2:mem:testdb user=SA: (connection has passed maxLifetime)
2026-01-22 17:12:26 DEBUG com.zaxxer.hikari.pool.HikariPool [HikariPool-1 connection adder] - HikariPool-1 - Added connection conn44: url=jdbc:h2:mem:testdb user=SA
2026-01-22 17:12:27 INFO  c.k.v.execute.offline.ResendSchedule [vscu-thread-2] - Executing Resend Schedule
2026-01-22 17:12:30 INFO  c.k.v.execute.offline.ResendSchedule [vscu-thread-2] - Executing Resend Schedule
2026-01-22 17:12:34 INFO  c.k.v.execute.offline.ResendSchedule [vscu-thread-2] - Executing Resend Schedule
2026-01-22 17:12:37 INFO  c.k.v.execute.offline.ResendSchedule [vscu-thread-2] - Executing Resend Schedule
2026-01-22 17:12:37 DEBUG com.zaxxer.hikari.pool.PoolBase [HikariPool-1 connection closer] - HikariPool-1 - Closing connection conn25: url=jdbc:h2:mem:testdb user=SA: (connection has passed maxLifetime)
2026-01-22 17:12:37 DEBUG com.zaxxer.hikari.pool.HikariPool [HikariPool-1 connection adder] - HikariPool-1 - Added connection conn45: url=jdbc:h2:mem:testdb user=SA
2026-01-22 17:12:38 DEBUG com.zaxxer.hikari.pool.HikariPool [HikariPool-1 housekeeper] - HikariPool-1 - Pool stats (total=20, active=0, idle=20, waiting=0)
2026-01-22 17:12:38 DEBUG com.zaxxer.hikari.pool.HikariPool [HikariPool-1 housekeeper] - HikariPool-1 - Fill pool skipped, pool has sufficient level or currently being filled (queueDepth=0).
2026-01-22 17:12:40 INFO  c.k.v.execute.offline.ResendSchedule [vscu-thread-2] - Executing Resend Schedule
2026-01-22 17:12:40 DEBUG com.zaxxer.hikari.pool.PoolBase [HikariPool-1 connection closer] - HikariPool-1 - Closing connection conn24: url=jdbc:h2:mem:testdb user=SA: (connection has passed maxLifetime)
2026-01-22 17:12:40 DEBUG com.zaxxer.hikari.pool.HikariPool [HikariPool-1 connection adder] - HikariPool-1 - Added connection conn46: url=jdbc:h2:mem:testdb user=SA
2026-01-22 17:12:40 DEBUG com.zaxxer.hikari.pool.PoolBase [HikariPool-1 connection closer] - HikariPool-1 - Closing connection conn30: url=jdbc:h2:mem:testdb user=SA: (connection has passed maxLifetime)
2026-01-22 17:12:40 DEBUG com.zaxxer.hikari.pool.HikariPool [HikariPool-1 connection adder] - HikariPool-1 - Added connection conn47: url=jdbc:h2:mem:testdb user=SA
2026-01-22 17:12:43 INFO  c.k.v.execute.offline.ResendSchedule [vscu-thread-2] - Executing Resend Schedule
2026-01-22 17:12:46 INFO  c.k.v.execute.offline.ResendSchedule [vscu-thread-2] - Executing Resend Schedule
2026-01-22 17:12:49 INFO  c.k.v.execute.offline.ResendSchedule [vscu-thread-2] - Executing Resend Schedule
2026-01-22 17:12:49 DEBUG com.zaxxer.hikari.pool.PoolBase [HikariPool-1 connection closer] - HikariPool-1 - Closing connection conn29: url=jdbc:h2:mem:testdb user=SA: (connection has passed maxLifetime)
2026-01-22 17:12:49 DEBUG com.zaxxer.hikari.pool.HikariPool [HikariPool-1 connection adder] - HikariPool-1 - Added connection conn48: url=jdbc:h2:mem:testdb user=SA
2026-01-22 17:12:50 DEBUG com.zaxxer.hikari.pool.PoolBase [HikariPool-1 connection closer] - HikariPool-1 - Closing connection conn22: url=jdbc:h2:mem:testdb user=SA: (connection has passed maxLifetime)
2026-01-22 17:12:50 DEBUG com.zaxxer.hikari.pool.HikariPool [HikariPool-1 connection adder] - HikariPool-1 - Added connection conn49: url=jdbc:h2:mem:testdb user=SA
2026-01-22 17:12:52 INFO  c.k.v.execute.offline.ResendSchedule [vscu-thread-1] - Executing Resend Schedule
2026-01-22 17:12:53 DEBUG com.zaxxer.hikari.pool.PoolBase [HikariPool-1 connection closer] - HikariPool-1 - Closing connection conn36: url=jdbc:h2:mem:testdb user=SA: (connection has passed maxLifetime)
2026-01-22 17:12:53 DEBUG com.zaxxer.hikari.pool.HikariPool [HikariPool-1 connection adder] - HikariPool-1 - Added connection conn50: url=jdbc:h2:mem:testdb user=SA
2026-01-22 17:12:55 INFO  c.k.v.execute.offline.ResendSchedule [vscu-thread-1] - Executing Resend Schedule
2026-01-22 17:12:56 DEBUG com.zaxxer.hikari.pool.PoolBase [HikariPool-1 connection closer] - HikariPool-1 - Closing connection conn32: url=jdbc:h2:mem:testdb user=SA: (connection has passed maxLifetime)
2026-01-22 17:12:56 DEBUG com.zaxxer.hikari.pool.HikariPool [HikariPool-1 connection adder] - HikariPool-1 - Added connection conn51: url=jdbc:h2:mem:testdb user=SA
2026-01-22 17:12:58 INFO  c.k.v.execute.offline.ResendSchedule [vscu-thread-1] - Executing Resend Schedule
2026-01-22 17:12:58 DEBUG com.zaxxer.hikari.pool.PoolBase [HikariPool-1 connection closer] - HikariPool-1 - Closing connection conn39: url=jdbc:h2:mem:testdb user=SA: (connection has passed maxLifetime)
2026-01-22 17:12:58 DEBUG com.zaxxer.hikari.pool.HikariPool [HikariPool-1 connection adder] - HikariPool-1 - Added connection conn52: url=jdbc:h2:mem:testdb user=SA
2026-01-22 17:12:59 DEBUG com.zaxxer.hikari.pool.PoolBase [HikariPool-1 connection closer] - HikariPool-1 - Closing connection conn38: url=jdbc:h2:mem:testdb user=SA: (connection has passed maxLifetime)
2026-01-22 17:12:59 DEBUG com.zaxxer.hikari.pool.HikariPool [HikariPool-1 connection adder] - HikariPool-1 - Added connection conn53: url=jdbc:h2:mem:testdb user=SA
2026-01-22 17:13:01 INFO  c.k.v.execute.offline.ResendSchedule [vscu-thread-1] - Executing Resend Schedule
2026-01-22 17:13:04 INFO  c.k.v.execute.offline.ResendSchedule [vscu-thread-1] - Executing Resend Schedule
2026-01-22 17:13:04 DEBUG com.zaxxer.hikari.pool.PoolBase [HikariPool-1 connection closer] - HikariPool-1 - Closing connection conn33: url=jdbc:h2:mem:testdb user=SA: (connection has passed maxLifetime)
2026-01-22 17:13:04 DEBUG com.zaxxer.hikari.pool.HikariPool [HikariPool-1 connection adder] - HikariPool-1 - Added connection conn54: url=jdbc:h2:mem:testdb user=SA
2026-01-22 17:13:04 DEBUG com.zaxxer.hikari.pool.PoolBase [HikariPool-1 connection closer] - HikariPool-1 - Closing connection conn27: url=jdbc:h2:mem:testdb user=SA: (connection has passed maxLifetime)
2026-01-22 17:13:04 DEBUG com.zaxxer.hikari.pool.HikariPool [HikariPool-1 connection adder] - HikariPool-1 - Added connection conn55: url=jdbc:h2:mem:testdb user=SA
2026-01-22 17:13:07 INFO  c.k.v.execute.offline.ResendSchedule [vscu-thread-1] - Executing Resend Schedule
2026-01-22 17:13:08 DEBUG com.zaxxer.hikari.pool.HikariPool [HikariPool-1 housekeeper] - HikariPool-1 - Pool stats (total=20, active=0, idle=20, waiting=0)
2026-01-22 17:13:08 DEBUG com.zaxxer.hikari.pool.HikariPool [HikariPool-1 housekeeper] - HikariPool-1 - Fill pool skipped, pool has sufficient level or currently being filled (queueDepth=0).
2026-01-22 17:13:09 DEBUG com.zaxxer.hikari.pool.PoolBase [HikariPool-1 connection closer] - HikariPool-1 - Closing connection conn31: url=jdbc:h2:mem:testdb user=SA: (connection has passed maxLifetime)
2026-01-22 17:13:09 DEBUG com.zaxxer.hikari.pool.HikariPool [HikariPool-1 connection adder] - HikariPool-1 - Added connection conn56: url=jdbc:h2:mem:testdb user=SA
2026-01-22 17:13:09 DEBUG com.zaxxer.hikari.pool.PoolBase [HikariPool-1 connection closer] - HikariPool-1 - Closing connection conn34: url=jdbc:h2:mem:testdb user=SA: (connection has passed maxLifetime)
2026-01-22 17:13:09 DEBUG com.zaxxer.hikari.pool.HikariPool [HikariPool-1 connection adder] - HikariPool-1 - Added connection conn57: url=jdbc:h2:mem:testdb user=SA
2026-01-22 17:13:10 INFO  c.k.v.execute.offline.ResendSchedule [vscu-thread-1] - Executing Resend Schedule
2026-01-22 17:13:13 INFO  c.k.v.execute.offline.ResendSchedule [vscu-thread-1] - Executing Resend Schedule
2026-01-22 17:13:16 INFO  c.k.v.execute.offline.ResendSchedule [vscu-thread-1] - Executing Resend Schedule
2026-01-22 17:13:19 INFO  c.k.v.execute.offline.ResendSchedule [vscu-thread-1] - Executing Resend Schedule
2026-01-22 17:13:22 INFO  c.k.v.execute.offline.ResendSchedule [vscu-thread-1] - Executing Resend Schedule
2026-01-22 17:13:23 DEBUG com.zaxxer.hikari.pool.PoolBase [HikariPool-1 connection closer] - HikariPool-1 - Closing connection conn37: url=jdbc:h2:mem:testdb user=SA: (connection has passed maxLifetime)
2026-01-22 17:13:23 DEBUG com.zaxxer.hikari.pool.HikariPool [HikariPool-1 connection adder] - HikariPool-1 - Added connection conn58: url=jdbc:h2:mem:testdb user=SA
2026-01-22 17:13:25 INFO  c.k.v.execute.offline.ResendSchedule [vscu-thread-1] - Executing Resend Schedule
2026-01-22 17:13:26 DEBUG com.zaxxer.hikari.pool.PoolBase [HikariPool-1 connection closer] - HikariPool-1 - Closing connection conn35: url=jdbc:h2:mem:testdb user=SA: (connection has passed maxLifetime)
2026-01-22 17:13:26 DEBUG com.zaxxer.hikari.pool.HikariPool [HikariPool-1 connection adder] - HikariPool-1 - Added connection conn59: url=jdbc:h2:mem:testdb user=SA
2026-01-22 17:13:28 INFO  c.k.v.execute.offline.ResendSchedule [vscu-thread-1] - Executing Resend Schedule
2026-01-22 17:13:31 INFO  c.k.v.execute.offline.ResendSchedule [vscu-thread-1] - Executing Resend Schedule
2026-01-22 17:13:34 INFO  c.k.v.execute.offline.ResendSchedule [vscu-thread-1] - Executing Resend Schedule
2026-01-22 17:13:37 INFO  c.k.v.execute.offline.ResendSchedule [vscu-thread-1] - Executing Resend Schedule
2026-01-22 17:13:38 DEBUG com.zaxxer.hikari.pool.HikariPool [HikariPool-1 housekeeper] - HikariPool-1 - Pool stats (total=20, active=0, idle=20, waiting=0)
2026-01-22 17:13:38 DEBUG com.zaxxer.hikari.pool.HikariPool [HikariPool-1 housekeeper] - HikariPool-1 - Fill pool skipped, pool has sufficient level or currently being filled (queueDepth=0).
2026-01-22 17:13:40 INFO  c.k.v.execute.offline.ResendSchedule [vscu-thread-1] - Executing Resend Schedule
2026-01-22 17:13:43 INFO  c.k.v.execute.offline.ResendSchedule [vscu-thread-1] - Executing Resend Schedule
2026-01-22 17:13:46 INFO  c.k.v.execute.offline.ResendSchedule [vscu-thread-1] - Executing Resend Schedule
2026-01-22 17:13:49 INFO  c.k.v.execute.offline.ResendSchedule [vscu-thread-1] - Executing Resend Schedule
2026-01-22 17:13:52 INFO  c.k.v.execute.offline.ResendSchedule [vscu-thread-1] - Executing Resend Schedule
2026-01-22 17:13:55 INFO  c.k.v.execute.offline.ResendSchedule [vscu-thread-1] - Executing Resend Schedule
2026-01-22 17:13:58 INFO  c.k.v.execute.offline.ResendSchedule [vscu-thread-1] - Executing Resend Schedule
2026-01-22 17:14:01 INFO  c.k.v.execute.offline.ResendSchedule [vscu-thread-1] - Executing Resend Schedule
2026-01-22 17:14:04 INFO  c.k.v.execute.offline.ResendSchedule [vscu-thread-1] - Executing Resend Schedule
2026-01-22 17:14:07 INFO  c.k.v.execute.offline.ResendSchedule [vscu-thread-1] - Executing Resend Schedule
2026-01-22 17:14:08 DEBUG com.zaxxer.hikari.pool.HikariPool [HikariPool-1 housekeeper] - HikariPool-1 - Pool stats (total=20, active=0, idle=20, waiting=0)
2026-01-22 17:14:08 DEBUG com.zaxxer.hikari.pool.HikariPool [HikariPool-1 housekeeper] - HikariPool-1 - Fill pool skipped, pool has sufficient level or currently being filled (queueDepth=0).
2026-01-22 17:14:10 INFO  c.k.v.execute.offline.ResendSchedule [vscu-thread-1] - Executing Resend Schedule
2026-01-22 17:14:13 INFO  c.k.v.execute.offline.ResendSchedule [vscu-thread-3] - Executing Resend Schedule
2026-01-22 17:14:16 INFO  c.k.v.execute.offline.ResendSchedule [vscu-thread-3] - Executing Resend Schedule
2026-01-22 17:14:19 INFO  c.k.v.execute.offline.ResendSchedule [vscu-thread-3] - Executing Resend Schedule
2026-01-22 17:14:22 INFO  c.k.v.execute.offline.ResendSchedule [vscu-thread-3] - Executing Resend Schedule
2026-01-22 17:14:25 INFO  c.k.v.execute.offline.ResendSchedule [vscu-thread-1] - Executing Resend Schedule
2026-01-22 17:14:28 INFO  c.k.v.execute.offline.ResendSchedule [vscu-thread-1] - Executing Resend Schedule
2026-01-22 17:14:31 INFO  c.k.v.execute.offline.ResendSchedule [vscu-thread-1] - Executing Resend Schedule
2026-01-22 17:14:34 INFO  c.k.v.execute.offline.ResendSchedule [vscu-thread-1] - Executing Resend Schedule
2026-01-22 17:14:37 INFO  c.k.v.execute.offline.ResendSchedule [vscu-thread-1] - Executing Resend Schedule
2026-01-22 17:14:38 DEBUG com.zaxxer.hikari.pool.HikariPool [HikariPool-1 housekeeper] - HikariPool-1 - Pool stats (total=20, active=0, idle=20, waiting=0)
2026-01-22 17:14:38 DEBUG com.zaxxer.hikari.pool.HikariPool [HikariPool-1 housekeeper] - HikariPool-1 - Fill pool skipped, pool has sufficient level or currently being filled (queueDepth=0).
2026-01-22 17:14:40 INFO  c.k.v.execute.offline.ResendSchedule [vscu-thread-1] - Executing Resend Schedule
2026-01-22 17:14:43 INFO  c.k.v.execute.offline.ResendSchedule [vscu-thread-1] - Executing Resend Schedule
2026-01-22 17:14:46 INFO  c.k.v.execute.offline.ResendSchedule [vscu-thread-1] - Executing Resend Schedule
2026-01-22 17:14:49 INFO  c.k.v.execute.offline.ResendSchedule [vscu-thread-1] - Executing Resend Schedule
2026-01-22 17:14:52 INFO  c.k.v.execute.offline.ResendSchedule [vscu-thread-2] - Executing Resend Schedule
2026-01-22 17:14:55 INFO  c.k.v.execute.offline.ResendSchedule [vscu-thread-2] - Executing Resend Schedule
2026-01-22 17:14:58 INFO  c.k.v.execute.offline.ResendSchedule [vscu-thread-2] - Executing Resend Schedule
2026-01-22 17:15:01 INFO  c.k.v.execute.offline.ResendSchedule [vscu-thread-2] - Executing Resend Schedule
2026-01-22 17:15:04 INFO  c.k.v.execute.offline.ResendSchedule [vscu-thread-2] - Executing Resend Schedule
2026-01-22 17:15:07 INFO  c.k.v.execute.offline.ResendSchedule [vscu-thread-2] - Executing Resend Schedule
2026-01-22 17:15:08 DEBUG com.zaxxer.hikari.pool.HikariPool [HikariPool-1 housekeeper] - HikariPool-1 - Pool stats (total=20, active=0, idle=20, waiting=0)
2026-01-22 17:15:08 DEBUG com.zaxxer.hikari.pool.HikariPool [HikariPool-1 housekeeper] - HikariPool-1 - Fill pool skipped, pool has sufficient level or currently being filled (queueDepth=0).
2026-01-22 17:15:10 INFO  c.k.v.execute.offline.ResendSchedule [vscu-thread-2] - Executing Resend Schedule
2026-01-22 17:15:13 INFO  c.k.v.execute.offline.ResendSchedule [vscu-thread-2] - Executing Resend Schedule
2026-01-22 17:15:16 INFO  c.k.v.execute.offline.ResendSchedule [vscu-thread-2] - Executing Resend Schedule
2026-01-22 17:15:19 INFO  c.k.v.execute.offline.ResendSchedule [vscu-thread-2] - Executing Resend Schedule
2026-01-22 17:15:22 INFO  c.k.v.execute.offline.ResendSchedule [vscu-thread-2] - Executing Resend Schedule
2026-01-22 17:15:25 INFO  c.k.v.execute.offline.ResendSchedule [vscu-thread-2] - Executing Resend Schedule
2026-01-22 17:15:28 INFO  c.k.v.execute.offline.ResendSchedule [vscu-thread-2] - Executing Resend Schedule
2026-01-22 17:15:31 INFO  c.k.v.execute.offline.ResendSchedule [vscu-thread-2] - Executing Resend Schedule
2026-01-22 17:15:34 INFO  c.k.v.execute.offline.ResendSchedule [vscu-thread-2] - Executing Resend Schedule
2026-01-22 17:15:38 INFO  c.k.v.execute.offline.ResendSchedule [vscu-thread-2] - Executing Resend Schedule
2026-01-22 17:15:38 DEBUG com.zaxxer.hikari.pool.HikariPool [HikariPool-1 housekeeper] - HikariPool-1 - Pool stats (total=20, active=0, idle=20, waiting=0)
2026-01-22 17:15:38 DEBUG com.zaxxer.hikari.pool.HikariPool [HikariPool-1 housekeeper] - HikariPool-1 - Fill pool skipped, pool has sufficient level or currently being filled (queueDepth=0).
2026-01-22 17:15:41 INFO  c.k.v.execute.offline.ResendSchedule [vscu-thread-2] - Executing Resend Schedule
2026-01-22 17:15:44 INFO  c.k.v.execute.offline.ResendSchedule [vscu-thread-2] - Executing Resend Schedule
2026-01-22 17:15:47 INFO  c.k.v.execute.offline.ResendSchedule [vscu-thread-2] - Executing Resend Schedule
2026-01-22 17:15:50 INFO  c.k.v.execute.offline.ResendSchedule [vscu-thread-2] - Executing Resend Schedule
2026-01-22 17:15:53 INFO  c.k.v.execute.offline.ResendSchedule [vscu-thread-2] - Executing Resend Schedule
2026-01-22 17:15:56 INFO  c.k.v.execute.offline.ResendSchedule [vscu-thread-2] - Executing Resend Schedule
2026-01-22 17:15:59 INFO  c.k.v.execute.offline.ResendSchedule [vscu-thread-2] - Executing Resend Schedule
2026-01-22 17:16:02 INFO  c.k.v.execute.offline.ResendSchedule [vscu-thread-2] - Executing Resend Schedule
2026-01-22 17:16:05 INFO  c.k.v.execute.offline.ResendSchedule [vscu-thread-2] - Executing Resend Schedule
2026-01-22 17:16:08 INFO  c.k.v.execute.offline.ResendSchedule [vscu-thread-2] - Executing Resend Schedule
2026-01-22 17:16:08 DEBUG com.zaxxer.hikari.pool.HikariPool [HikariPool-1 housekeeper] - HikariPool-1 - Pool stats (total=20, active=0, idle=20, waiting=0)
2026-01-22 17:16:08 DEBUG com.zaxxer.hikari.pool.HikariPool [HikariPool-1 housekeeper] - HikariPool-1 - Fill pool skipped, pool has sufficient level or currently being filled (queueDepth=0).
2026-01-22 17:16:11 INFO  c.k.v.execute.offline.ResendSchedule [vscu-thread-2] - Executing Resend Schedule
2026-01-22 17:16:14 INFO  c.k.v.execute.offline.ResendSchedule [vscu-thread-2] - Executing Resend Schedule
2026-01-22 17:16:17 INFO  c.k.v.execute.offline.ResendSchedule [vscu-thread-2] - Executing Resend Schedule
2026-01-22 17:16:20 INFO  c.k.v.execute.offline.ResendSchedule [vscu-thread-2] - Executing Resend Schedule
2026-01-22 17:16:23 INFO  c.k.v.execute.offline.ResendSchedule [vscu-thread-2] - Executing Resend Schedule
2026-01-22 17:16:26 INFO  c.k.v.execute.offline.ResendSchedule [vscu-thread-3] - Executing Resend Schedule
2026-01-22 17:16:29 INFO  c.k.v.execute.offline.ResendSchedule [vscu-thread-3] - Executing Resend Schedule
2026-01-22 17:16:32 INFO  c.k.v.execute.offline.ResendSchedule [vscu-thread-3] - Executing Resend Schedule
2026-01-22 17:16:35 INFO  c.k.v.execute.offline.ResendSchedule [vscu-thread-3] - Executing Resend Schedule
2026-01-22 17:16:38 INFO  c.k.v.execute.offline.ResendSchedule [vscu-thread-3] - Executing Resend Schedule
2026-01-22 17:16:38 DEBUG com.zaxxer.hikari.pool.HikariPool [HikariPool-1 housekeeper] - HikariPool-1 - Pool stats (total=20, active=0, idle=20, waiting=0)
2026-01-22 17:16:38 DEBUG com.zaxxer.hikari.pool.HikariPool [HikariPool-1 housekeeper] - HikariPool-1 - Fill pool skipped, pool has sufficient level or currently being filled (queueDepth=0).
2026-01-22 17:16:41 INFO  c.k.v.execute.offline.ResendSchedule [vscu-thread-3] - Executing Resend Schedule
2026-01-22 17:16:44 INFO  c.k.v.execute.offline.ResendSchedule [vscu-thread-3] - Executing Resend Schedule
2026-01-22 17:16:47 INFO  c.k.v.execute.offline.ResendSchedule [vscu-thread-3] - Executing Resend Schedule
2026-01-22 17:16:50 INFO  c.k.v.execute.offline.ResendSchedule [vscu-thread-3] - Executing Resend Schedule
2026-01-22 17:16:53 INFO  c.k.v.execute.offline.ResendSchedule [vscu-thread-3] - Executing Resend Schedule
2026-01-22 17:16:56 INFO  c.k.v.execute.offline.ResendSchedule [vscu-thread-3] - Executing Resend Schedule
2026-01-22 17:16:59 INFO  c.k.v.execute.offline.ResendSchedule [vscu-thread-3] - Executing Resend Schedule
2026-01-22 17:17:02 INFO  c.k.v.execute.offline.ResendSchedule [vscu-thread-3] - Executing Resend Schedule
2026-01-22 17:17:05 INFO  c.k.v.execute.offline.ResendSchedule [vscu-thread-3] - Executing Resend Schedule
2026-01-22 17:17:08 DEBUG com.zaxxer.hikari.pool.HikariPool [HikariPool-1 housekeeper] - HikariPool-1 - Pool stats (total=20, active=0, idle=20, waiting=0)
2026-01-22 17:17:08 DEBUG com.zaxxer.hikari.pool.HikariPool [HikariPool-1 housekeeper] - HikariPool-1 - Fill pool skipped, pool has sufficient level or currently being filled (queueDepth=0).
2026-01-22 17:17:08 INFO  c.k.v.execute.offline.ResendSchedule [vscu-thread-2] - Executing Resend Schedule
2026-01-22 17:17:11 INFO  c.k.v.execute.offline.ResendSchedule [vscu-thread-2] - Executing Resend Schedule
2026-01-22 17:17:14 INFO  c.k.v.execute.offline.ResendSchedule [vscu-thread-2] - Executing Resend Schedule
2026-01-22 17:17:17 INFO  c.k.v.execute.offline.ResendSchedule [vscu-thread-2] - Executing Resend Schedule
2026-01-22 17:17:20 INFO  c.k.v.execute.offline.ResendSchedule [vscu-thread-2] - Executing Resend Schedule
2026-01-22 17:17:23 INFO  c.k.v.execute.offline.ResendSchedule [vscu-thread-2] - Executing Resend Schedule
2026-01-22 17:17:26 INFO  c.k.v.execute.offline.ResendSchedule [vscu-thread-2] - Executing Resend Schedule
2026-01-22 17:17:29 INFO  c.k.v.execute.offline.ResendSchedule [vscu-thread-2] - Executing Resend Schedule
2026-01-22 17:17:32 INFO  c.k.v.execute.offline.ResendSchedule [vscu-thread-2] - Executing Resend Schedule
2026-01-22 17:17:35 INFO  c.k.v.execute.offline.ResendSchedule [vscu-thread-2] - Executing Resend Schedule
2026-01-22 17:17:38 DEBUG com.zaxxer.hikari.pool.HikariPool [HikariPool-1 housekeeper] - HikariPool-1 - Pool stats (total=20, active=0, idle=20, waiting=0)
2026-01-22 17:17:38 DEBUG com.zaxxer.hikari.pool.HikariPool [HikariPool-1 housekeeper] - HikariPool-1 - Fill pool skipped, pool has sufficient level or currently being filled (queueDepth=0).
2026-01-22 17:17:38 INFO  c.k.v.execute.offline.ResendSchedule [vscu-thread-2] - Executing Resend Schedule
2026-01-22 17:17:41 INFO  c.k.v.execute.offline.ResendSchedule [vscu-thread-2] - Executing Resend Schedule
2026-01-22 17:17:44 INFO  c.k.v.execute.offline.ResendSchedule [vscu-thread-2] - Executing Resend Schedule
2026-01-22 17:17:47 INFO  c.k.v.execute.offline.ResendSchedule [vscu-thread-2] - Executing Resend Schedule
2026-01-22 17:17:50 INFO  c.k.v.execute.offline.ResendSchedule [vscu-thread-2] - Executing Resend Schedule
2026-01-22 17:17:53 INFO  c.k.v.execute.offline.ResendSchedule [vscu-thread-2] - Executing Resend Schedule
2026-01-22 17:17:56 INFO  c.k.v.execute.offline.ResendSchedule [vscu-thread-2] - Executing Resend Schedule
2026-01-22 17:17:59 INFO  c.k.v.execute.offline.ResendSchedule [vscu-thread-2] - Executing Resend Schedule
2026-01-22 17:18:02 INFO  c.k.v.execute.offline.ResendSchedule [vscu-thread-2] - Executing Resend Schedule
2026-01-22 17:18:05 INFO  c.k.v.execute.offline.ResendSchedule [vscu-thread-2] - Executing Resend Schedule
2026-01-22 17:18:08 DEBUG com.zaxxer.hikari.pool.HikariPool [HikariPool-1 housekeeper] - HikariPool-1 - Pool stats (total=20, active=0, idle=20, waiting=0)
2026-01-22 17:18:08 DEBUG com.zaxxer.hikari.pool.HikariPool [HikariPool-1 housekeeper] - HikariPool-1 - Fill pool skipped, pool has sufficient level or currently being filled (queueDepth=0).
2026-01-22 17:18:08 INFO  c.k.v.execute.offline.ResendSchedule [vscu-thread-2] - Executing Resend Schedule
2026-01-22 17:18:11 INFO  c.k.v.execute.offline.ResendSchedule [vscu-thread-2] - Executing Resend Schedule
2026-01-22 17:18:14 INFO  c.k.v.execute.offline.ResendSchedule [vscu-thread-2] - Executing Resend Schedule
2026-01-22 17:18:17 INFO  c.k.v.execute.offline.ResendSchedule [vscu-thread-2] - Executing Resend Schedule
2026-01-22 17:18:20 INFO  c.k.v.execute.offline.ResendSchedule [vscu-thread-2] - Executing Resend Schedule
2026-01-22 17:18:23 INFO  c.k.v.execute.offline.ResendSchedule [vscu-thread-2] - Executing Resend Schedule
2026-01-22 17:18:26 INFO  c.k.v.execute.offline.ResendSchedule [vscu-thread-2] - Executing Resend Schedule
2026-01-22 17:18:29 INFO  c.k.v.execute.offline.ResendSchedule [vscu-thread-2] - Executing Resend Schedule
2026-01-22 17:18:32 INFO  c.k.v.execute.offline.ResendSchedule [vscu-thread-2] - Executing Resend Schedule
2026-01-22 17:18:35 INFO  c.k.v.execute.offline.ResendSchedule [vscu-thread-2] - Executing Resend Schedule
2026-01-22 17:18:38 DEBUG com.zaxxer.hikari.pool.HikariPool [HikariPool-1 housekeeper] - HikariPool-1 - Pool stats (total=20, active=0, idle=20, waiting=0)
2026-01-22 17:18:38 DEBUG com.zaxxer.hikari.pool.HikariPool [HikariPool-1 housekeeper] - HikariPool-1 - Fill pool skipped, pool has sufficient level or currently being filled (queueDepth=0).
2026-01-22 17:18:38 INFO  c.k.v.execute.offline.ResendSchedule [vscu-thread-2] - Executing Resend Schedule
2026-01-22 17:18:41 INFO  c.k.v.execute.offline.ResendSchedule [vscu-thread-2] - Executing Resend Schedule
2026-01-22 17:18:45 INFO  c.k.v.execute.offline.ResendSchedule [vscu-thread-2] - Executing Resend Schedule
2026-01-22 17:18:48 INFO  c.k.v.execute.offline.ResendSchedule [vscu-thread-2] - Executing Resend Schedule
2026-01-22 17:18:51 INFO  c.k.v.execute.offline.ResendSchedule [vscu-thread-3] - Executing Resend Schedule
2026-01-22 17:18:54 INFO  c.k.v.execute.offline.ResendSchedule [vscu-thread-3] - Executing Resend Schedule
2026-01-22 17:18:57 INFO  c.k.v.execute.offline.ResendSchedule [vscu-thread-2] - Executing Resend Schedule
2026-01-22 17:19:00 INFO  c.k.v.execute.offline.ResendSchedule [vscu-thread-2] - Executing Resend Schedule
2026-01-22 17:19:03 INFO  c.k.v.execute.offline.ResendSchedule [vscu-thread-2] - Executing Resend Schedule
2026-01-22 17:19:06 INFO  c.k.v.execute.offline.ResendSchedule [vscu-thread-2] - Executing Resend Schedule
2026-01-22 17:19:08 DEBUG com.zaxxer.hikari.pool.HikariPool [HikariPool-1 housekeeper] - HikariPool-1 - Pool stats (total=20, active=0, idle=20, waiting=0)
2026-01-22 17:19:08 DEBUG com.zaxxer.hikari.pool.HikariPool [HikariPool-1 housekeeper] - HikariPool-1 - Fill pool skipped, pool has sufficient level or currently being filled (queueDepth=0).
2026-01-22 17:19:09 INFO  c.k.v.execute.offline.ResendSchedule [vscu-thread-2] - Executing Resend Schedule
2026-01-22 17:19:12 INFO  c.k.v.execute.offline.ResendSchedule [vscu-thread-2] - Executing Resend Schedule
2026-01-22 17:19:15 INFO  c.k.v.execute.offline.ResendSchedule [vscu-thread-2] - Executing Resend Schedule
2026-01-22 17:19:18 INFO  c.k.v.execute.offline.ResendSchedule [vscu-thread-2] - Executing Resend Schedule
2026-01-22 17:19:21 INFO  c.k.v.execute.offline.ResendSchedule [vscu-thread-2] - Executing Resend Schedule
2026-01-22 17:19:24 INFO  c.k.v.execute.offline.ResendSchedule [vscu-thread-2] - Executing Resend Schedule
2026-01-22 17:19:27 INFO  c.k.v.execute.offline.ResendSchedule [vscu-thread-2] - Executing Resend Schedule
2026-01-22 17:19:30 INFO  c.k.v.execute.offline.ResendSchedule [vscu-thread-2] - Executing Resend Schedule
2026-01-22 17:19:33 INFO  c.k.v.execute.offline.ResendSchedule [vscu-thread-2] - Executing Resend Schedule
2026-01-22 17:19:36 INFO  c.k.v.execute.offline.ResendSchedule [vscu-thread-2] - Executing Resend Schedule
2026-01-22 17:19:38 DEBUG com.zaxxer.hikari.pool.HikariPool [HikariPool-1 housekeeper] - HikariPool-1 - Pool stats (total=20, active=0, idle=20, waiting=0)
2026-01-22 17:19:38 DEBUG com.zaxxer.hikari.pool.HikariPool [HikariPool-1 housekeeper] - HikariPool-1 - Fill pool skipped, pool has sufficient level or currently being filled (queueDepth=0).
2026-01-22 17:19:39 INFO  c.k.v.execute.offline.ResendSchedule [vscu-thread-2] - Executing Resend Schedule
2026-01-22 17:19:42 INFO  c.k.v.execute.offline.ResendSchedule [vscu-thread-2] - Executing Resend Schedule
2026-01-22 17:19:45 INFO  c.k.v.execute.offline.ResendSchedule [vscu-thread-2] - Executing Resend Schedule
2026-01-22 17:19:48 INFO  c.k.v.execute.offline.ResendSchedule [vscu-thread-2] - Executing Resend Schedule
2026-01-22 17:19:51 INFO  c.k.v.execute.offline.ResendSchedule [vscu-thread-2] - Executing Resend Schedule
2026-01-22 17:19:54 INFO  c.k.v.execute.offline.ResendSchedule [vscu-thread-2] - Executing Resend Schedule
2026-01-22 17:19:57 INFO  c.k.v.execute.offline.ResendSchedule [vscu-thread-2] - Executing Resend Schedule
2026-01-22 17:20:00 INFO  c.k.v.execute.offline.ResendSchedule [vscu-thread-1] - Executing Resend Schedule
2026-01-22 17:20:03 INFO  c.k.v.execute.offline.ResendSchedule [vscu-thread-1] - Executing Resend Schedule
2026-01-22 17:20:06 INFO  c.k.v.execute.offline.ResendSchedule [vscu-thread-1] - Executing Resend Schedule
2026-01-22 17:20:08 DEBUG com.zaxxer.hikari.pool.HikariPool [HikariPool-1 housekeeper] - HikariPool-1 - Pool stats (total=20, active=0, idle=20, waiting=0)
2026-01-22 17:20:08 DEBUG com.zaxxer.hikari.pool.HikariPool [HikariPool-1 housekeeper] - HikariPool-1 - Fill pool skipped, pool has sufficient level or currently being filled (queueDepth=0).
2026-01-22 17:20:09 INFO  c.k.v.execute.offline.ResendSchedule [vscu-thread-1] - Executing Resend Schedule
2026-01-22 17:20:12 INFO  c.k.v.execute.offline.ResendSchedule [vscu-thread-1] - Executing Resend Schedule
2026-01-22 17:20:15 INFO  c.k.v.execute.offline.ResendSchedule [vscu-thread-1] - Executing Resend Schedule
2026-01-22 17:20:18 INFO  c.k.v.execute.offline.ResendSchedule [vscu-thread-1] - Executing Resend Schedule
2026-01-22 17:20:21 INFO  c.k.v.execute.offline.ResendSchedule [vscu-thread-1] - Executing Resend Schedule
2026-01-22 17:20:24 INFO  c.k.v.execute.offline.ResendSchedule [vscu-thread-1] - Executing Resend Schedule
2026-01-22 17:20:27 INFO  c.k.v.execute.offline.ResendSchedule [vscu-thread-1] - Executing Resend Schedule
2026-01-22 17:20:30 INFO  c.k.v.execute.offline.ResendSchedule [vscu-thread-1] - Executing Resend Schedule
2026-01-22 17:20:33 INFO  c.k.v.execute.offline.ResendSchedule [vscu-thread-1] - Executing Resend Schedule
2026-01-22 17:20:36 INFO  c.k.v.execute.offline.ResendSchedule [vscu-thread-1] - Executing Resend Schedule
2026-01-22 17:20:38 DEBUG com.zaxxer.hikari.pool.HikariPool [HikariPool-1 housekeeper] - HikariPool-1 - Pool stats (total=20, active=0, idle=20, waiting=0)
2026-01-22 17:20:38 DEBUG com.zaxxer.hikari.pool.HikariPool [HikariPool-1 housekeeper] - HikariPool-1 - Fill pool skipped, pool has sufficient level or currently being filled (queueDepth=0).
2026-01-22 17:20:39 INFO  c.k.v.execute.offline.ResendSchedule [vscu-thread-1] - Executing Resend Schedule
2026-01-22 17:20:42 INFO  c.k.v.execute.offline.ResendSchedule [vscu-thread-1] - Executing Resend Schedule
2026-01-22 17:20:45 INFO  c.k.v.execute.offline.ResendSchedule [vscu-thread-1] - Executing Resend Schedule
2026-01-22 17:20:48 INFO  c.k.v.execute.offline.ResendSchedule [vscu-thread-1] - Executing Resend Schedule
2026-01-22 17:20:51 INFO  c.k.v.execute.offline.ResendSchedule [vscu-thread-1] - Executing Resend Schedule
2026-01-22 17:20:54 INFO  c.k.v.execute.offline.ResendSchedule [vscu-thread-1] - Executing Resend Schedule
2026-01-22 17:20:57 INFO  c.k.v.execute.offline.ResendSchedule [vscu-thread-1] - Executing Resend Schedule
2026-01-22 17:21:00 INFO  c.k.v.execute.offline.ResendSchedule [vscu-thread-1] - Executing Resend Schedule
2026-01-22 17:21:03 INFO  c.k.v.execute.offline.ResendSchedule [vscu-thread-1] - Executing Resend Schedule
2026-01-22 17:21:06 INFO  c.k.v.execute.offline.ResendSchedule [vscu-thread-1] - Executing Resend Schedule
2026-01-22 17:21:08 DEBUG com.zaxxer.hikari.pool.HikariPool [HikariPool-1 housekeeper] - HikariPool-1 - Pool stats (total=20, active=0, idle=20, waiting=0)
2026-01-22 17:21:08 DEBUG com.zaxxer.hikari.pool.HikariPool [HikariPool-1 housekeeper] - HikariPool-1 - Fill pool skipped, pool has sufficient level or currently being filled (queueDepth=0).
2026-01-22 17:21:09 INFO  c.k.v.execute.offline.ResendSchedule [vscu-thread-1] - Executing Resend Schedule
2026-01-22 17:21:12 INFO  c.k.v.execute.offline.ResendSchedule [vscu-thread-1] - Executing Resend Schedule
2026-01-22 17:21:15 INFO  c.k.v.execute.offline.ResendSchedule [vscu-thread-1] - Executing Resend Schedule
2026-01-22 17:21:18 INFO  c.k.v.execute.offline.ResendSchedule [vscu-thread-1] - Executing Resend Schedule
2026-01-22 17:21:21 INFO  c.k.v.execute.offline.ResendSchedule [vscu-thread-1] - Executing Resend Schedule
2026-01-22 17:21:24 INFO  c.k.v.execute.offline.ResendSchedule [vscu-thread-1] - Executing Resend Schedule
2026-01-22 17:21:27 INFO  c.k.v.execute.offline.ResendSchedule [vscu-thread-1] - Executing Resend Schedule
2026-01-22 17:21:30 INFO  c.k.v.execute.offline.ResendSchedule [vscu-thread-1] - Executing Resend Schedule
2026-01-22 17:21:33 INFO  c.k.v.execute.offline.ResendSchedule [vscu-thread-1] - Executing Resend Schedule
2026-01-22 17:21:36 INFO  c.k.v.execute.offline.ResendSchedule [vscu-thread-1] - Executing Resend Schedule
2026-01-22 17:21:38 DEBUG com.zaxxer.hikari.pool.HikariPool [HikariPool-1 housekeeper] - HikariPool-1 - Pool stats (total=20, active=0, idle=20, waiting=0)
2026-01-22 17:21:38 DEBUG com.zaxxer.hikari.pool.HikariPool [HikariPool-1 housekeeper] - HikariPool-1 - Fill pool skipped, pool has sufficient level or currently being filled (queueDepth=0).
2026-01-22 17:21:39 INFO  c.k.v.execute.offline.ResendSchedule [vscu-thread-1] - Executing Resend Schedule
2026-01-22 17:21:42 INFO  c.k.v.execute.offline.ResendSchedule [vscu-thread-1] - Executing Resend Schedule
2026-01-22 17:21:46 INFO  c.k.v.execute.offline.ResendSchedule [vscu-thread-1] - Executing Resend Schedule
2026-01-22 17:21:49 INFO  c.k.v.execute.offline.ResendSchedule [vscu-thread-1] - Executing Resend Schedule
2026-01-22 17:21:52 INFO  c.k.v.execute.offline.ResendSchedule [vscu-thread-1] - Executing Resend Schedule
2026-01-22 17:21:55 INFO  c.k.v.execute.offline.ResendSchedule [vscu-thread-1] - Executing Resend Schedule
2026-01-22 17:21:58 INFO  c.k.v.execute.offline.ResendSchedule [vscu-thread-1] - Executing Resend Schedule
2026-01-22 17:22:01 INFO  c.k.v.execute.offline.ResendSchedule [vscu-thread-1] - Executing Resend Schedule
2026-01-22 17:22:04 INFO  c.k.v.execute.offline.ResendSchedule [vscu-thread-1] - Executing Resend Schedule
2026-01-22 17:22:07 INFO  c.k.v.execute.offline.ResendSchedule [vscu-thread-1] - Executing Resend Schedule
2026-01-22 17:22:08 DEBUG com.zaxxer.hikari.pool.HikariPool [HikariPool-1 housekeeper] - HikariPool-1 - Pool stats (total=20, active=0, idle=20, waiting=0)
2026-01-22 17:22:08 DEBUG com.zaxxer.hikari.pool.HikariPool [HikariPool-1 housekeeper] - HikariPool-1 - Fill pool skipped, pool has sufficient level or currently being filled (queueDepth=0).
2026-01-22 17:22:10 INFO  c.k.v.execute.offline.ResendSchedule [vscu-thread-1] - Executing Resend Schedule
2026-01-22 17:22:13 INFO  c.k.v.execute.offline.ResendSchedule [vscu-thread-1] - Executing Resend Schedule
2026-01-22 17:22:16 INFO  c.k.v.execute.offline.ResendSchedule [vscu-thread-1] - Executing Resend Schedule
2026-01-22 17:22:19 INFO  c.k.v.execute.offline.ResendSchedule [vscu-thread-1] - Executing Resend Schedule
2026-01-22 17:22:22 INFO  c.k.v.execute.offline.ResendSchedule [vscu-thread-1] - Executing Resend Schedule
2026-01-22 17:22:25 INFO  c.k.v.execute.offline.ResendSchedule [vscu-thread-1] - Executing Resend Schedule
2026-01-22 17:22:28 INFO  c.k.v.execute.offline.ResendSchedule [vscu-thread-1] - Executing Resend Schedule
2026-01-22 17:22:31 INFO  c.k.v.execute.offline.ResendSchedule [vscu-thread-1] - Executing Resend Schedule
2026-01-22 17:22:34 INFO  c.k.v.execute.offline.ResendSchedule [vscu-thread-1] - Executing Resend Schedule
2026-01-22 17:22:37 INFO  c.k.v.execute.offline.ResendSchedule [vscu-thread-1] - Executing Resend Schedule
2026-01-22 17:22:38 DEBUG com.zaxxer.hikari.pool.HikariPool [HikariPool-1 housekeeper] - HikariPool-1 - Pool stats (total=20, active=0, idle=20, waiting=0)
2026-01-22 17:22:38 DEBUG com.zaxxer.hikari.pool.HikariPool [HikariPool-1 housekeeper] - HikariPool-1 - Fill pool skipped, pool has sufficient level or currently being filled (queueDepth=0).
2026-01-22 17:22:40 INFO  c.k.v.execute.offline.ResendSchedule [vscu-thread-1] - Executing Resend Schedule
2026-01-22 17:22:43 INFO  c.k.v.execute.offline.ResendSchedule [vscu-thread-1] - Executing Resend Schedule
2026-01-22 17:22:46 INFO  c.k.v.execute.offline.ResendSchedule [vscu-thread-1] - Executing Resend Schedule
2026-01-22 17:22:49 INFO  c.k.v.execute.offline.ResendSchedule [vscu-thread-1] - Executing Resend Schedule
2026-01-22 17:22:52 INFO  c.k.v.execute.offline.ResendSchedule [vscu-thread-1] - Executing Resend Schedule
2026-01-22 17:22:55 INFO  c.k.v.execute.offline.ResendSchedule [vscu-thread-1] - Executing Resend Schedule
2026-01-22 17:22:58 INFO  c.k.v.execute.offline.ResendSchedule [vscu-thread-1] - Executing Resend Schedule
2026-01-22 17:23:01 INFO  c.k.v.execute.offline.ResendSchedule [vscu-thread-1] - Executing Resend Schedule
2026-01-22 17:23:04 INFO  c.k.v.execute.offline.ResendSchedule [vscu-thread-1] - Executing Resend Schedule
2026-01-22 17:23:07 INFO  c.k.v.execute.offline.ResendSchedule [vscu-thread-1] - Executing Resend Schedule
2026-01-22 17:23:08 DEBUG com.zaxxer.hikari.pool.HikariPool [HikariPool-1 housekeeper] - HikariPool-1 - Pool stats (total=20, active=0, idle=20, waiting=0)
2026-01-22 17:23:08 DEBUG com.zaxxer.hikari.pool.HikariPool [HikariPool-1 housekeeper] - HikariPool-1 - Fill pool skipped, pool has sufficient level or currently being filled (queueDepth=0).
2026-01-22 17:23:10 INFO  c.k.v.execute.offline.ResendSchedule [vscu-thread-1] - Executing Resend Schedule
2026-01-22 17:23:13 INFO  c.k.v.execute.offline.ResendSchedule [vscu-thread-1] - Executing Resend Schedule
2026-01-22 17:23:16 INFO  c.k.v.execute.offline.ResendSchedule [vscu-thread-1] - Executing Resend Schedule
2026-01-22 17:23:19 INFO  c.k.v.execute.offline.ResendSchedule [vscu-thread-1] - Executing Resend Schedule
2026-01-22 17:23:22 INFO  c.k.v.execute.offline.ResendSchedule [vscu-thread-1] - Executing Resend Schedule
2026-01-22 17:23:25 INFO  c.k.v.execute.offline.ResendSchedule [vscu-thread-1] - Executing Resend Schedule
2026-01-22 17:23:28 INFO  c.k.v.execute.offline.ResendSchedule [vscu-thread-1] - Executing Resend Schedule
2026-01-22 17:23:31 INFO  c.k.v.execute.offline.ResendSchedule [vscu-thread-2] - Executing Resend Schedule
2026-01-22 17:23:34 INFO  c.k.v.execute.offline.ResendSchedule [vscu-thread-2] - Executing Resend Schedule
2026-01-22 17:23:37 INFO  c.k.v.execute.offline.ResendSchedule [vscu-thread-2] - Executing Resend Schedule
2026-01-22 17:23:38 DEBUG com.zaxxer.hikari.pool.HikariPool [HikariPool-1 housekeeper] - HikariPool-1 - Pool stats (total=20, active=0, idle=20, waiting=0)
2026-01-22 17:23:38 DEBUG com.zaxxer.hikari.pool.HikariPool [HikariPool-1 housekeeper] - HikariPool-1 - Fill pool skipped, pool has sufficient level or currently being filled (queueDepth=0).
2026-01-22 17:23:40 INFO  c.k.v.execute.offline.ResendSchedule [vscu-thread-2] - Executing Resend Schedule
2026-01-22 17:23:43 INFO  c.k.v.execute.offline.ResendSchedule [vscu-thread-2] - Executing Resend Schedule
2026-01-22 17:23:46 INFO  c.k.v.execute.offline.ResendSchedule [vscu-thread-2] - Executing Resend Schedule
2026-01-22 17:23:49 INFO  c.k.v.execute.offline.ResendSchedule [vscu-thread-2] - Executing Resend Schedule
2026-01-22 17:23:52 INFO  c.k.v.execute.offline.ResendSchedule [vscu-thread-2] - Executing Resend Schedule
2026-01-22 17:23:55 INFO  c.k.v.execute.offline.ResendSchedule [vscu-thread-2] - Executing Resend Schedule
2026-01-22 17:23:58 INFO  c.k.v.execute.offline.ResendSchedule [vscu-thread-2] - Executing Resend Schedule
2026-01-22 17:24:01 INFO  c.k.v.execute.offline.ResendSchedule [vscu-thread-2] - Executing Resend Schedule
2026-01-22 17:24:04 INFO  c.k.v.execute.offline.ResendSchedule [vscu-thread-2] - Executing Resend Schedule
2026-01-22 17:24:07 INFO  c.k.v.execute.offline.ResendSchedule [vscu-thread-2] - Executing Resend Schedule
2026-01-22 17:24:08 DEBUG com.zaxxer.hikari.pool.HikariPool [HikariPool-1 housekeeper] - HikariPool-1 - Pool stats (total=20, active=0, idle=20, waiting=0)
2026-01-22 17:24:08 DEBUG com.zaxxer.hikari.pool.HikariPool [HikariPool-1 housekeeper] - HikariPool-1 - Fill pool skipped, pool has sufficient level or currently being filled (queueDepth=0).
2026-01-22 17:24:10 INFO  c.k.v.execute.offline.ResendSchedule [vscu-thread-2] - Executing Resend Schedule
2026-01-22 17:24:13 INFO  c.k.v.execute.offline.ResendSchedule [vscu-thread-2] - Executing Resend Schedule
2026-01-22 17:24:16 INFO  c.k.v.execute.offline.ResendSchedule [vscu-thread-2] - Executing Resend Schedule
2026-01-22 17:24:19 INFO  c.k.v.execute.offline.ResendSchedule [vscu-thread-2] - Executing Resend Schedule
2026-01-22 17:24:22 INFO  c.k.v.execute.offline.ResendSchedule [vscu-thread-2] - Executing Resend Schedule
2026-01-22 17:24:25 INFO  c.k.v.execute.offline.ResendSchedule [vscu-thread-2] - Executing Resend Schedule
2026-01-22 17:24:28 INFO  c.k.v.execute.offline.ResendSchedule [vscu-thread-2] - Executing Resend Schedule
2026-01-22 17:24:31 INFO  c.k.v.execute.offline.ResendSchedule [vscu-thread-2] - Executing Resend Schedule
2026-01-22 17:24:34 INFO  c.k.v.execute.offline.ResendSchedule [vscu-thread-2] - Executing Resend Schedule
2026-01-22 17:24:37 INFO  c.k.v.execute.offline.ResendSchedule [vscu-thread-2] - Executing Resend Schedule
2026-01-22 17:24:38 DEBUG com.zaxxer.hikari.pool.HikariPool [HikariPool-1 housekeeper] - HikariPool-1 - Pool stats (total=20, active=0, idle=20, waiting=0)
2026-01-22 17:24:38 DEBUG com.zaxxer.hikari.pool.HikariPool [HikariPool-1 housekeeper] - HikariPool-1 - Fill pool skipped, pool has sufficient level or currently being filled (queueDepth=0).
2026-01-22 17:24:40 INFO  c.k.v.execute.offline.ResendSchedule [vscu-thread-2] - Executing Resend Schedule
2026-01-22 17:24:43 INFO  c.k.v.execute.offline.ResendSchedule [vscu-thread-2] - Executing Resend Schedule
2026-01-22 17:24:47 INFO  c.k.v.execute.offline.ResendSchedule [vscu-thread-2] - Executing Resend Schedule
2026-01-22 17:24:50 INFO  c.k.v.execute.offline.ResendSchedule [vscu-thread-2] - Executing Resend Schedule
2026-01-22 17:24:53 INFO  c.k.v.execute.offline.ResendSchedule [vscu-thread-2] - Executing Resend Schedule
2026-01-22 17:24:56 INFO  c.k.v.execute.offline.ResendSchedule [vscu-thread-2] - Executing Resend Schedule
2026-01-22 17:24:59 INFO  c.k.v.execute.offline.ResendSchedule [vscu-thread-2] - Executing Resend Schedule
2026-01-22 17:25:02 INFO  c.k.v.execute.offline.ResendSchedule [vscu-thread-2] - Executing Resend Schedule
2026-01-22 17:25:05 INFO  c.k.v.execute.offline.ResendSchedule [vscu-thread-2] - Executing Resend Schedule
2026-01-22 17:25:08 INFO  c.k.v.execute.offline.ResendSchedule [vscu-thread-2] - Executing Resend Schedule
2026-01-22 17:25:08 DEBUG com.zaxxer.hikari.pool.HikariPool [HikariPool-1 housekeeper] - HikariPool-1 - Pool stats (total=20, active=0, idle=20, waiting=0)
2026-01-22 17:25:08 DEBUG com.zaxxer.hikari.pool.HikariPool [HikariPool-1 housekeeper] - HikariPool-1 - Fill pool skipped, pool has sufficient level or currently being filled (queueDepth=0).
2026-01-22 17:25:11 INFO  c.k.v.execute.offline.ResendSchedule [vscu-thread-2] - Executing Resend Schedule
2026-01-22 17:25:14 INFO  c.k.v.execute.offline.ResendSchedule [vscu-thread-2] - Executing Resend Schedule
2026-01-22 17:25:17 INFO  c.k.v.execute.offline.ResendSchedule [vscu-thread-2] - Executing Resend Schedule
2026-01-22 17:25:20 INFO  c.k.v.execute.offline.ResendSchedule [vscu-thread-2] - Executing Resend Schedule
2026-01-22 17:25:23 INFO  c.k.v.execute.offline.ResendSchedule [vscu-thread-2] - Executing Resend Schedule
2026-01-22 17:25:26 INFO  c.k.v.execute.offline.ResendSchedule [vscu-thread-2] - Executing Resend Schedule
2026-01-22 17:25:29 INFO  c.k.v.execute.offline.ResendSchedule [vscu-thread-2] - Executing Resend Schedule
2026-01-22 17:25:32 INFO  c.k.v.execute.offline.ResendSchedule [vscu-thread-2] - Executing Resend Schedule
2026-01-22 17:25:35 INFO  c.k.v.execute.offline.ResendSchedule [vscu-thread-2] - Executing Resend Schedule
2026-01-22 17:25:38 INFO  c.k.v.execute.offline.ResendSchedule [vscu-thread-2] - Executing Resend Schedule
2026-01-22 17:25:38 DEBUG com.zaxxer.hikari.pool.HikariPool [HikariPool-1 housekeeper] - HikariPool-1 - Pool stats (total=20, active=0, idle=20, waiting=0)
2026-01-22 17:25:38 DEBUG com.zaxxer.hikari.pool.HikariPool [HikariPool-1 housekeeper] - HikariPool-1 - Fill pool skipped, pool has sufficient level or currently being filled (queueDepth=0).
2026-01-22 17:25:41 INFO  c.k.v.execute.offline.ResendSchedule [vscu-thread-2] - Executing Resend Schedule
2026-01-22 17:25:44 INFO  c.k.v.execute.offline.ResendSchedule [vscu-thread-2] - Executing Resend Schedule
2026-01-22 17:25:47 INFO  c.k.v.execute.offline.ResendSchedule [vscu-thread-2] - Executing Resend Schedule
2026-01-22 17:25:50 INFO  c.k.v.execute.offline.ResendSchedule [vscu-thread-2] - Executing Resend Schedule
2026-01-22 17:25:53 INFO  c.k.v.execute.offline.ResendSchedule [vscu-thread-2] - Executing Resend Schedule
2026-01-22 17:25:56 INFO  c.k.v.execute.offline.ResendSchedule [vscu-thread-2] - Executing Resend Schedule
2026-01-22 17:25:59 INFO  c.k.v.execute.offline.ResendSchedule [vscu-thread-3] - Executing Resend Schedule
2026-01-22 17:26:02 INFO  c.k.v.execute.offline.ResendSchedule [vscu-thread-3] - Executing Resend Schedule
2026-01-22 17:26:05 INFO  c.k.v.execute.offline.ResendSchedule [vscu-thread-3] - Executing Resend Schedule
2026-01-22 17:26:08 INFO  c.k.v.execute.offline.ResendSchedule [vscu-thread-3] - Executing Resend Schedule
2026-01-22 17:26:08 DEBUG com.zaxxer.hikari.pool.HikariPool [HikariPool-1 housekeeper] - HikariPool-1 - Pool stats (total=20, active=0, idle=20, waiting=0)
2026-01-22 17:26:08 DEBUG com.zaxxer.hikari.pool.HikariPool [HikariPool-1 housekeeper] - HikariPool-1 - Fill pool skipped, pool has sufficient level or currently being filled (queueDepth=0).
2026-01-22 17:26:11 INFO  c.k.v.execute.offline.ResendSchedule [vscu-thread-2] - Executing Resend Schedule
2026-01-22 17:26:14 INFO  c.k.v.execute.offline.ResendSchedule [vscu-thread-2] - Executing Resend Schedule
2026-01-22 17:26:17 INFO  c.k.v.execute.offline.ResendSchedule [vscu-thread-2] - Executing Resend Schedule
2026-01-22 17:26:20 INFO  c.k.v.execute.offline.ResendSchedule [vscu-thread-2] - Executing Resend Schedule
2026-01-22 17:26:23 INFO  c.k.v.execute.offline.ResendSchedule [vscu-thread-2] - Executing Resend Schedule
2026-01-22 17:26:26 INFO  c.k.v.execute.offline.ResendSchedule [vscu-thread-2] - Executing Resend Schedule
2026-01-22 17:26:29 INFO  c.k.v.execute.offline.ResendSchedule [vscu-thread-2] - Executing Resend Schedule
2026-01-22 17:26:32 INFO  c.k.v.execute.offline.ResendSchedule [vscu-thread-2] - Executing Resend Schedule
2026-01-22 17:26:35 INFO  c.k.v.execute.offline.ResendSchedule [vscu-thread-2] - Executing Resend Schedule
2026-01-22 17:26:38 INFO  c.k.v.execute.offline.ResendSchedule [vscu-thread-2] - Executing Resend Schedule
2026-01-22 17:26:38 DEBUG com.zaxxer.hikari.pool.HikariPool [HikariPool-1 housekeeper] - HikariPool-1 - Pool stats (total=20, active=0, idle=20, waiting=0)
2026-01-22 17:26:38 DEBUG com.zaxxer.hikari.pool.HikariPool [HikariPool-1 housekeeper] - HikariPool-1 - Fill pool skipped, pool has sufficient level or currently being filled (queueDepth=0).
2026-01-22 17:26:41 INFO  c.k.v.execute.offline.ResendSchedule [vscu-thread-2] - Executing Resend Schedule
2026-01-22 17:26:44 INFO  c.k.v.execute.offline.ResendSchedule [vscu-thread-2] - Executing Resend Schedule
2026-01-22 17:26:47 INFO  c.k.v.execute.offline.ResendSchedule [vscu-thread-2] - Executing Resend Schedule
2026-01-22 17:26:50 INFO  c.k.v.execute.offline.ResendSchedule [vscu-thread-2] - Executing Resend Schedule
2026-01-22 17:26:53 INFO  c.k.v.execute.offline.ResendSchedule [vscu-thread-2] - Executing Resend Schedule
2026-01-22 17:26:56 INFO  c.k.v.execute.offline.ResendSchedule [vscu-thread-2] - Executing Resend Schedule
2026-01-22 17:26:59 INFO  c.k.v.execute.offline.ResendSchedule [vscu-thread-2] - Executing Resend Schedule
2026-01-22 17:27:02 INFO  c.k.v.execute.offline.ResendSchedule [vscu-thread-2] - Executing Resend Schedule
2026-01-22 17:27:05 INFO  c.k.v.execute.offline.ResendSchedule [vscu-thread-2] - Executing Resend Schedule
2026-01-22 17:27:08 DEBUG com.zaxxer.hikari.pool.HikariPool [HikariPool-1 housekeeper] - HikariPool-1 - Pool stats (total=20, active=0, idle=20, waiting=0)
2026-01-22 17:27:08 DEBUG com.zaxxer.hikari.pool.HikariPool [HikariPool-1 housekeeper] - HikariPool-1 - Fill pool skipped, pool has sufficient level or currently being filled (queueDepth=0).
2026-01-22 17:27:08 INFO  c.k.v.execute.offline.ResendSchedule [vscu-thread-2] - Executing Resend Schedule
2026-01-22 17:27:11 INFO  c.k.v.execute.offline.ResendSchedule [vscu-thread-2] - Executing Resend Schedule
2026-01-22 17:27:14 INFO  c.k.v.execute.offline.ResendSchedule [vscu-thread-2] - Executing Resend Schedule
2026-01-22 17:27:17 INFO  c.k.v.execute.offline.ResendSchedule [vscu-thread-2] - Executing Resend Schedule
2026-01-22 17:27:20 INFO  c.k.v.execute.offline.ResendSchedule [vscu-thread-2] - Executing Resend Schedule
2026-01-22 17:27:23 INFO  c.k.v.execute.offline.ResendSchedule [vscu-thread-2] - Executing Resend Schedule
2026-01-22 17:27:26 INFO  c.k.v.execute.offline.ResendSchedule [vscu-thread-2] - Executing Resend Schedule
2026-01-22 17:27:29 INFO  c.k.v.execute.offline.ResendSchedule [vscu-thread-2] - Executing Resend Schedule
2026-01-22 17:27:32 INFO  c.k.v.execute.offline.ResendSchedule [vscu-thread-2] - Executing Resend Schedule
2026-01-22 17:27:35 INFO  c.k.v.execute.offline.ResendSchedule [vscu-thread-2] - Executing Resend Schedule
2026-01-22 17:27:38 DEBUG com.zaxxer.hikari.pool.HikariPool [HikariPool-1 housekeeper] - HikariPool-1 - Pool stats (total=20, active=0, idle=20, waiting=0)
2026-01-22 17:27:38 DEBUG com.zaxxer.hikari.pool.HikariPool [HikariPool-1 housekeeper] - HikariPool-1 - Fill pool skipped, pool has sufficient level or currently being filled (queueDepth=0).
2026-01-22 17:27:38 INFO  c.k.v.execute.offline.ResendSchedule [vscu-thread-2] - Executing Resend Schedule
2026-01-22 17:27:41 INFO  c.k.v.execute.offline.ResendSchedule [vscu-thread-2] - Executing Resend Schedule
2026-01-22 17:27:44 INFO  c.k.v.execute.offline.ResendSchedule [vscu-thread-2] - Executing Resend Schedule
2026-01-22 17:27:47 INFO  c.k.v.execute.offline.ResendSchedule [vscu-thread-2] - Executing Resend Schedule
2026-01-22 17:27:50 INFO  c.k.v.execute.offline.ResendSchedule [vscu-thread-2] - Executing Resend Schedule
2026-01-22 17:27:53 INFO  c.k.v.execute.offline.ResendSchedule [vscu-thread-2] - Executing Resend Schedule
2026-01-22 17:27:57 INFO  c.k.v.execute.offline.ResendSchedule [vscu-thread-2] - Executing Resend Schedule
2026-01-22 17:28:00 INFO  c.k.v.execute.offline.ResendSchedule [vscu-thread-2] - Executing Resend Schedule
2026-01-22 17:28:03 INFO  c.k.v.execute.offline.ResendSchedule [vscu-thread-2] - Executing Resend Schedule
2026-01-22 17:28:06 INFO  c.k.v.execute.offline.ResendSchedule [vscu-thread-2] - Executing Resend Schedule
2026-01-22 17:28:08 DEBUG com.zaxxer.hikari.pool.HikariPool [HikariPool-1 housekeeper] - HikariPool-1 - Pool stats (total=20, active=0, idle=20, waiting=0)
2026-01-22 17:28:08 DEBUG com.zaxxer.hikari.pool.HikariPool [HikariPool-1 housekeeper] - HikariPool-1 - Fill pool skipped, pool has sufficient level or currently being filled (queueDepth=0).
2026-01-22 17:28:09 INFO  c.k.v.execute.offline.ResendSchedule [vscu-thread-2] - Executing Resend Schedule
2026-01-22 17:28:12 INFO  c.k.v.execute.offline.ResendSchedule [vscu-thread-2] - Executing Resend Schedule
2026-01-22 17:28:15 INFO  c.k.v.execute.offline.ResendSchedule [vscu-thread-2] - Executing Resend Schedule
2026-01-22 17:28:18 INFO  c.k.v.execute.offline.ResendSchedule [vscu-thread-2] - Executing Resend Schedule
2026-01-22 17:28:21 INFO  c.k.v.execute.offline.ResendSchedule [vscu-thread-2] - Executing Resend Schedule
2026-01-22 17:28:24 INFO  c.k.v.execute.offline.ResendSchedule [vscu-thread-2] - Executing Resend Schedule
2026-01-22 17:28:27 INFO  c.k.v.execute.offline.ResendSchedule [vscu-thread-2] - Executing Resend Schedule
2026-01-22 17:28:30 INFO  c.k.v.execute.offline.ResendSchedule [vscu-thread-2] - Executing Resend Schedule
2026-01-22 17:28:33 INFO  c.k.v.execute.offline.ResendSchedule [vscu-thread-2] - Executing Resend Schedule
2026-01-22 17:28:36 INFO  c.k.v.execute.offline.ResendSchedule [vscu-thread-2] - Executing Resend Schedule
2026-01-22 17:28:38 DEBUG com.zaxxer.hikari.pool.HikariPool [HikariPool-1 housekeeper] - HikariPool-1 - Pool stats (total=20, active=0, idle=20, waiting=0)
2026-01-22 17:28:38 DEBUG com.zaxxer.hikari.pool.HikariPool [HikariPool-1 housekeeper] - HikariPool-1 - Fill pool skipped, pool has sufficient level or currently being filled (queueDepth=0).
2026-01-22 17:28:39 INFO  c.k.v.execute.offline.ResendSchedule [vscu-thread-1] - Executing Resend Schedule
2026-01-22 17:28:42 INFO  c.k.v.execute.offline.ResendSchedule [vscu-thread-1] - Executing Resend Schedule
2026-01-22 17:28:45 INFO  c.k.v.execute.offline.ResendSchedule [vscu-thread-1] - Executing Resend Schedule
2026-01-22 17:28:48 INFO  c.k.v.execute.offline.ResendSchedule [vscu-thread-1] - Executing Resend Schedule
2026-01-22 17:28:51 INFO  c.k.v.execute.offline.ResendSchedule [vscu-thread-1] - Executing Resend Schedule
2026-01-22 17:28:54 INFO  c.k.v.execute.offline.ResendSchedule [vscu-thread-1] - Executing Resend Schedule
2026-01-22 17:28:57 INFO  c.k.v.execute.offline.ResendSchedule [vscu-thread-1] - Executing Resend Schedule
2026-01-22 17:29:00 INFO  c.k.v.execute.offline.ResendSchedule [vscu-thread-1] - Executing Resend Schedule
2026-01-22 17:29:03 INFO  c.k.v.execute.offline.ResendSchedule [vscu-thread-1] - Executing Resend Schedule
2026-01-22 17:29:06 INFO  c.k.v.execute.offline.ResendSchedule [vscu-thread-1] - Executing Resend Schedule
2026-01-22 17:29:08 DEBUG com.zaxxer.hikari.pool.HikariPool [HikariPool-1 housekeeper] - HikariPool-1 - Pool stats (total=20, active=0, idle=20, waiting=0)
2026-01-22 17:29:08 DEBUG com.zaxxer.hikari.pool.HikariPool [HikariPool-1 housekeeper] - HikariPool-1 - Fill pool skipped, pool has sufficient level or currently being filled (queueDepth=0).
2026-01-22 17:29:09 INFO  c.k.v.execute.offline.ResendSchedule [vscu-thread-1] - Executing Resend Schedule
2026-01-22 17:29:12 INFO  c.k.v.execute.offline.ResendSchedule [vscu-thread-1] - Executing Resend Schedule
2026-01-22 17:29:15 INFO  c.k.v.execute.offline.ResendSchedule [vscu-thread-1] - Executing Resend Schedule
2026-01-22 17:29:18 INFO  c.k.v.execute.offline.ResendSchedule [vscu-thread-1] - Executing Resend Schedule
2026-01-22 17:29:21 INFO  c.k.v.execute.offline.ResendSchedule [vscu-thread-1] - Executing Resend Schedule
2026-01-22 17:29:24 INFO  c.k.v.execute.offline.ResendSchedule [vscu-thread-1] - Executing Resend Schedule
2026-01-22 17:29:27 INFO  c.k.v.execute.offline.ResendSchedule [vscu-thread-1] - Executing Resend Schedule
2026-01-22 17:29:30 INFO  c.k.v.execute.offline.ResendSchedule [vscu-thread-1] - Executing Resend Schedule
2026-01-22 17:29:33 INFO  c.k.v.execute.offline.ResendSchedule [vscu-thread-1] - Executing Resend Schedule
2026-01-22 17:29:36 INFO  c.k.v.execute.offline.ResendSchedule [vscu-thread-1] - Executing Resend Schedule
2026-01-22 17:29:38 DEBUG com.zaxxer.hikari.pool.HikariPool [HikariPool-1 housekeeper] - HikariPool-1 - Pool stats (total=20, active=0, idle=20, waiting=0)
2026-01-22 17:29:38 DEBUG com.zaxxer.hikari.pool.HikariPool [HikariPool-1 housekeeper] - HikariPool-1 - Fill pool skipped, pool has sufficient level or currently being filled (queueDepth=0).
2026-01-22 17:29:39 INFO  c.k.v.execute.offline.ResendSchedule [vscu-thread-1] - Executing Resend Schedule
2026-01-22 17:29:42 INFO  c.k.v.execute.offline.ResendSchedule [vscu-thread-1] - Executing Resend Schedule
2026-01-22 17:29:45 INFO  c.k.v.execute.offline.ResendSchedule [vscu-thread-1] - Executing Resend Schedule
2026-01-22 17:29:48 INFO  c.k.v.execute.offline.ResendSchedule [vscu-thread-1] - Executing Resend Schedule
2026-01-22 17:29:51 INFO  c.k.v.execute.offline.ResendSchedule [vscu-thread-1] - Executing Resend Schedule
2026-01-22 17:29:54 INFO  c.k.v.execute.offline.ResendSchedule [vscu-thread-1] - Executing Resend Schedule
2026-01-22 17:29:57 INFO  c.k.v.execute.offline.ResendSchedule [vscu-thread-1] - Executing Resend Schedule
2026-01-22 17:30:00 INFO  c.k.v.execute.offline.ResendSchedule [vscu-thread-1] - Executing Resend Schedule
2026-01-22 17:30:03 INFO  c.k.v.execute.offline.ResendSchedule [vscu-thread-1] - Executing Resend Schedule
2026-01-22 17:30:06 INFO  c.k.v.execute.offline.ResendSchedule [vscu-thread-1] - Executing Resend Schedule
2026-01-22 17:30:08 DEBUG com.zaxxer.hikari.pool.HikariPool [HikariPool-1 housekeeper] - HikariPool-1 - Pool stats (total=20, active=0, idle=20, waiting=0)
2026-01-22 17:30:08 DEBUG com.zaxxer.hikari.pool.HikariPool [HikariPool-1 housekeeper] - HikariPool-1 - Fill pool skipped, pool has sufficient level or currently being filled (queueDepth=0).
2026-01-22 17:30:09 INFO  c.k.v.execute.offline.ResendSchedule [vscu-thread-1] - Executing Resend Schedule
2026-01-22 17:30:12 INFO  c.k.v.execute.offline.ResendSchedule [vscu-thread-1] - Executing Resend Schedule
2026-01-22 17:30:15 INFO  c.k.v.execute.offline.ResendSchedule [vscu-thread-1] - Executing Resend Schedule
2026-01-22 17:30:18 INFO  c.k.v.execute.offline.ResendSchedule [vscu-thread-1] - Executing Resend Schedule
2026-01-22 17:30:21 INFO  c.k.v.execute.offline.ResendSchedule [vscu-thread-2] - Executing Resend Schedule
2026-01-22 17:30:24 INFO  c.k.v.execute.offline.ResendSchedule [vscu-thread-2] - Executing Resend Schedule
2026-01-22 17:30:27 INFO  c.k.v.execute.offline.ResendSchedule [vscu-thread-2] - Executing Resend Schedule
2026-01-22 17:30:30 INFO  c.k.v.execute.offline.ResendSchedule [vscu-thread-2] - Executing Resend Schedule
2026-01-22 17:30:33 INFO  c.k.v.execute.offline.ResendSchedule [vscu-thread-2] - Executing Resend Schedule
2026-01-22 17:30:36 INFO  c.k.v.execute.offline.ResendSchedule [vscu-thread-2] - Executing Resend Schedule
2026-01-22 17:30:38 DEBUG com.zaxxer.hikari.pool.HikariPool [HikariPool-1 housekeeper] - HikariPool-1 - Pool stats (total=20, active=0, idle=20, waiting=0)
2026-01-22 17:30:38 DEBUG com.zaxxer.hikari.pool.HikariPool [HikariPool-1 housekeeper] - HikariPool-1 - Fill pool skipped, pool has sufficient level or currently being filled (queueDepth=0).
2026-01-22 17:30:39 INFO  c.k.v.execute.offline.ResendSchedule [vscu-thread-2] - Executing Resend Schedule
2026-01-22 17:30:42 INFO  c.k.v.execute.offline.ResendSchedule [vscu-thread-2] - Executing Resend Schedule
2026-01-22 17:30:45 INFO  c.k.v.execute.offline.ResendSchedule [vscu-thread-2] - Executing Resend Schedule
2026-01-22 17:30:48 INFO  c.k.v.execute.offline.ResendSchedule [vscu-thread-2] - Executing Resend Schedule
2026-01-22 17:30:51 INFO  c.k.v.execute.offline.ResendSchedule [vscu-thread-2] - Executing Resend Schedule
2026-01-22 17:30:54 INFO  c.k.v.execute.offline.ResendSchedule [vscu-thread-2] - Executing Resend Schedule
2026-01-22 17:30:57 INFO  c.k.v.execute.offline.ResendSchedule [vscu-thread-2] - Executing Resend Schedule
2026-01-22 17:31:00 INFO  c.k.v.execute.offline.ResendSchedule [vscu-thread-2] - Executing Resend Schedule
2026-01-22 17:31:03 INFO  c.k.v.execute.offline.ResendSchedule [vscu-thread-2] - Executing Resend Schedule
2026-01-22 17:31:06 INFO  c.k.v.execute.offline.ResendSchedule [vscu-thread-2] - Executing Resend Schedule
2026-01-22 17:31:08 DEBUG com.zaxxer.hikari.pool.HikariPool [HikariPool-1 housekeeper] - HikariPool-1 - Pool stats (total=20, active=0, idle=20, waiting=0)
2026-01-22 17:31:08 DEBUG com.zaxxer.hikari.pool.HikariPool [HikariPool-1 housekeeper] - HikariPool-1 - Fill pool skipped, pool has sufficient level or currently being filled (queueDepth=0).
2026-01-22 17:31:10 INFO  c.k.v.execute.offline.ResendSchedule [vscu-thread-2] - Executing Resend Schedule
2026-01-22 17:31:13 INFO  c.k.v.execute.offline.ResendSchedule [vscu-thread-2] - Executing Resend Schedule
2026-01-22 17:31:16 INFO  c.k.v.execute.offline.ResendSchedule [vscu-thread-2] - Executing Resend Schedule
2026-01-22 17:31:19 INFO  c.k.v.execute.offline.ResendSchedule [vscu-thread-2] - Executing Resend Schedule
2026-01-22 17:31:22 INFO  c.k.v.execute.offline.ResendSchedule [vscu-thread-2] - Executing Resend Schedule
2026-01-22 17:31:25 INFO  c.k.v.execute.offline.ResendSchedule [vscu-thread-2] - Executing Resend Schedule
2026-01-22 17:31:28 INFO  c.k.v.execute.offline.ResendSchedule [vscu-thread-1] - Executing Resend Schedule
2026-01-22 17:31:31 INFO  c.k.v.execute.offline.ResendSchedule [vscu-thread-1] - Executing Resend Schedule
2026-01-22 17:31:34 INFO  c.k.v.execute.offline.ResendSchedule [vscu-thread-2] - Executing Resend Schedule
2026-01-22 17:31:37 INFO  c.k.v.execute.offline.ResendSchedule [vscu-thread-2] - Executing Resend Schedule
2026-01-22 17:31:38 DEBUG com.zaxxer.hikari.pool.HikariPool [HikariPool-1 housekeeper] - HikariPool-1 - Pool stats (total=20, active=0, idle=20, waiting=0)
2026-01-22 17:31:38 DEBUG com.zaxxer.hikari.pool.HikariPool [HikariPool-1 housekeeper] - HikariPool-1 - Fill pool skipped, pool has sufficient level or currently being filled (queueDepth=0).
2026-01-22 17:31:40 INFO  c.k.v.execute.offline.ResendSchedule [vscu-thread-2] - Executing Resend Schedule
2026-01-22 17:31:43 INFO  c.k.v.execute.offline.ResendSchedule [vscu-thread-2] - Executing Resend Schedule
2026-01-22 17:31:46 INFO  c.k.v.execute.offline.ResendSchedule [vscu-thread-2] - Executing Resend Schedule
2026-01-22 17:31:49 INFO  c.k.v.execute.offline.ResendSchedule [vscu-thread-2] - Executing Resend Schedule
2026-01-22 17:31:52 INFO  c.k.v.execute.offline.ResendSchedule [vscu-thread-2] - Executing Resend Schedule
2026-01-22 17:31:55 INFO  c.k.v.execute.offline.ResendSchedule [vscu-thread-2] - Executing Resend Schedule
2026-01-22 17:31:58 INFO  c.k.v.execute.offline.ResendSchedule [vscu-thread-2] - Executing Resend Schedule
2026-01-22 17:32:01 INFO  c.k.v.execute.offline.ResendSchedule [vscu-thread-2] - Executing Resend Schedule
2026-01-22 17:32:04 INFO  c.k.v.execute.offline.ResendSchedule [vscu-thread-1] - Executing Resend Schedule
2026-01-22 17:32:07 INFO  c.k.v.execute.offline.ResendSchedule [vscu-thread-1] - Executing Resend Schedule
2026-01-22 17:32:08 DEBUG com.zaxxer.hikari.pool.HikariPool [HikariPool-1 housekeeper] - HikariPool-1 - Pool stats (total=20, active=0, idle=20, waiting=0)
2026-01-22 17:32:08 DEBUG com.zaxxer.hikari.pool.HikariPool [HikariPool-1 housekeeper] - HikariPool-1 - Fill pool skipped, pool has sufficient level or currently being filled (queueDepth=0).
2026-01-22 17:32:10 INFO  c.k.v.execute.offline.ResendSchedule [vscu-thread-1] - Executing Resend Schedule
2026-01-22 17:32:13 INFO  c.k.v.execute.offline.ResendSchedule [vscu-thread-1] - Executing Resend Schedule
2026-01-22 17:32:16 INFO  c.k.v.execute.offline.ResendSchedule [vscu-thread-1] - Executing Resend Schedule
2026-01-22 17:32:19 INFO  c.k.v.execute.offline.ResendSchedule [vscu-thread-3] - Executing Resend Schedule
2026-01-22 17:32:22 INFO  c.k.v.execute.offline.ResendSchedule [vscu-thread-3] - Executing Resend Schedule
2026-01-22 17:32:25 INFO  c.k.v.execute.offline.ResendSchedule [vscu-thread-3] - Executing Resend Schedule
2026-01-22 17:32:28 INFO  c.k.v.execute.offline.ResendSchedule [vscu-thread-3] - Executing Resend Schedule
2026-01-22 17:32:31 INFO  c.k.v.execute.offline.ResendSchedule [vscu-thread-3] - Executing Resend Schedule
2026-01-22 17:32:34 INFO  c.k.v.execute.offline.ResendSchedule [vscu-thread-3] - Executing Resend Schedule
2026-01-22 17:32:37 INFO  c.k.v.execute.offline.ResendSchedule [vscu-thread-3] - Executing Resend Schedule
2026-01-22 17:32:38 DEBUG com.zaxxer.hikari.pool.HikariPool [HikariPool-1 housekeeper] - HikariPool-1 - Pool stats (total=20, active=0, idle=20, waiting=0)
2026-01-22 17:32:38 DEBUG com.zaxxer.hikari.pool.HikariPool [HikariPool-1 housekeeper] - HikariPool-1 - Fill pool skipped, pool has sufficient level or currently being filled (queueDepth=0).
2026-01-22 17:32:40 INFO  c.k.v.execute.offline.ResendSchedule [vscu-thread-2] - Executing Resend Schedule
2026-01-22 17:32:43 INFO  c.k.v.execute.offline.ResendSchedule [vscu-thread-2] - Executing Resend Schedule
2026-01-22 17:32:46 INFO  c.k.v.execute.offline.ResendSchedule [vscu-thread-2] - Executing Resend Schedule
2026-01-22 17:32:49 INFO  c.k.v.execute.offline.ResendSchedule [vscu-thread-2] - Executing Resend Schedule
2026-01-22 17:32:52 INFO  c.k.v.execute.offline.ResendSchedule [vscu-thread-2] - Executing Resend Schedule
2026-01-22 17:32:55 INFO  c.k.v.execute.offline.ResendSchedule [vscu-thread-2] - Executing Resend Schedule
2026-01-22 17:32:58 INFO  c.k.v.execute.offline.ResendSchedule [vscu-thread-2] - Executing Resend Schedule
2026-01-22 17:33:01 INFO  c.k.v.execute.offline.ResendSchedule [vscu-thread-2] - Executing Resend Schedule
2026-01-22 17:33:04 INFO  c.k.v.execute.offline.ResendSchedule [vscu-thread-2] - Executing Resend Schedule
2026-01-22 17:33:07 INFO  c.k.v.execute.offline.ResendSchedule [vscu-thread-2] - Executing Resend Schedule
2026-01-22 17:33:08 DEBUG com.zaxxer.hikari.pool.HikariPool [HikariPool-1 housekeeper] - HikariPool-1 - Pool stats (total=20, active=0, idle=20, waiting=0)
2026-01-22 17:33:08 DEBUG com.zaxxer.hikari.pool.HikariPool [HikariPool-1 housekeeper] - HikariPool-1 - Fill pool skipped, pool has sufficient level or currently being filled (queueDepth=0).
2026-01-22 17:33:10 INFO  c.k.v.execute.offline.ResendSchedule [vscu-thread-2] - Executing Resend Schedule
2026-01-22 17:33:13 INFO  c.k.v.execute.offline.ResendSchedule [vscu-thread-2] - Executing Resend Schedule
2026-01-22 17:33:16 INFO  c.k.v.execute.offline.ResendSchedule [vscu-thread-2] - Executing Resend Schedule
2026-01-22 17:33:19 INFO  c.k.v.execute.offline.ResendSchedule [vscu-thread-2] - Executing Resend Schedule
2026-01-22 17:33:22 INFO  c.k.v.execute.offline.ResendSchedule [vscu-thread-2] - Executing Resend Schedule
2026-01-22 17:33:25 INFO  c.k.v.execute.offline.ResendSchedule [vscu-thread-2] - Executing Resend Schedule
2026-01-22 17:33:28 INFO  c.k.v.execute.offline.ResendSchedule [vscu-thread-2] - Executing Resend Schedule
2026-01-22 17:33:31 INFO  c.k.v.execute.offline.ResendSchedule [vscu-thread-2] - Executing Resend Schedule
2026-01-22 17:33:34 INFO  c.k.v.execute.offline.ResendSchedule [vscu-thread-2] - Executing Resend Schedule
2026-01-22 17:33:37 INFO  c.k.v.execute.offline.ResendSchedule [vscu-thread-1] - Executing Resend Schedule
2026-01-22 17:33:38 DEBUG com.zaxxer.hikari.pool.HikariPool [HikariPool-1 housekeeper] - HikariPool-1 - Pool stats (total=20, active=0, idle=20, waiting=0)
2026-01-22 17:33:38 DEBUG com.zaxxer.hikari.pool.HikariPool [HikariPool-1 housekeeper] - HikariPool-1 - Fill pool skipped, pool has sufficient level or currently being filled (queueDepth=0).
2026-01-22 17:33:40 INFO  c.k.v.execute.offline.ResendSchedule [vscu-thread-1] - Executing Resend Schedule
2026-01-22 17:33:43 INFO  c.k.v.execute.offline.ResendSchedule [vscu-thread-1] - Executing Resend Schedule
2026-01-22 17:33:46 INFO  c.k.v.execute.offline.ResendSchedule [vscu-thread-1] - Executing Resend Schedule
2026-01-22 17:33:49 INFO  c.k.v.execute.offline.ResendSchedule [vscu-thread-1] - Executing Resend Schedule
2026-01-22 17:33:52 INFO  c.k.v.execute.offline.ResendSchedule [vscu-thread-1] - Executing Resend Schedule
2026-01-22 17:33:55 INFO  c.k.v.execute.offline.ResendSchedule [vscu-thread-1] - Executing Resend Schedule
2026-01-22 17:33:58 INFO  c.k.v.execute.offline.ResendSchedule [vscu-thread-1] - Executing Resend Schedule
2026-01-22 17:34:01 INFO  c.k.v.execute.offline.ResendSchedule [vscu-thread-1] - Executing Resend Schedule
2026-01-22 17:34:04 INFO  c.k.v.execute.offline.ResendSchedule [vscu-thread-1] - Executing Resend Schedule
2026-01-22 17:34:07 INFO  c.k.v.execute.offline.ResendSchedule [vscu-thread-1] - Executing Resend Schedule
2026-01-22 17:34:08 DEBUG com.zaxxer.hikari.pool.HikariPool [HikariPool-1 housekeeper] - HikariPool-1 - Pool stats (total=20, active=0, idle=20, waiting=0)
2026-01-22 17:34:08 DEBUG com.zaxxer.hikari.pool.HikariPool [HikariPool-1 housekeeper] - HikariPool-1 - Fill pool skipped, pool has sufficient level or currently being filled (queueDepth=0).
2026-01-22 17:34:11 INFO  c.k.v.execute.offline.ResendSchedule [vscu-thread-1] - Executing Resend Schedule
2026-01-22 17:34:14 INFO  c.k.v.execute.offline.ResendSchedule [vscu-thread-1] - Executing Resend Schedule
2026-01-22 17:34:17 INFO  c.k.v.execute.offline.ResendSchedule [vscu-thread-1] - Executing Resend Schedule
2026-01-22 17:34:20 INFO  c.k.v.execute.offline.ResendSchedule [vscu-thread-1] - Executing Resend Schedule
2026-01-22 17:34:23 INFO  c.k.v.execute.offline.ResendSchedule [vscu-thread-1] - Executing Resend Schedule
2026-01-22 17:34:26 INFO  c.k.v.execute.offline.ResendSchedule [vscu-thread-1] - Executing Resend Schedule
2026-01-22 17:34:29 INFO  c.k.v.execute.offline.ResendSchedule [vscu-thread-1] - Executing Resend Schedule
2026-01-22 17:34:32 INFO  c.k.v.execute.offline.ResendSchedule [vscu-thread-1] - Executing Resend Schedule
2026-01-22 17:34:35 INFO  c.k.v.execute.offline.ResendSchedule [vscu-thread-1] - Executing Resend Schedule
2026-01-22 17:34:38 INFO  c.k.v.execute.offline.ResendSchedule [vscu-thread-1] - Executing Resend Schedule
2026-01-22 17:34:38 DEBUG com.zaxxer.hikari.pool.HikariPool [HikariPool-1 housekeeper] - HikariPool-1 - Pool stats (total=20, active=0, idle=20, waiting=0)
2026-01-22 17:34:38 DEBUG com.zaxxer.hikari.pool.HikariPool [HikariPool-1 housekeeper] - HikariPool-1 - Fill pool skipped, pool has sufficient level or currently being filled (queueDepth=0).
2026-01-22 17:34:41 INFO  c.k.v.execute.offline.ResendSchedule [vscu-thread-1] - Executing Resend Schedule
2026-01-22 17:34:44 INFO  c.k.v.execute.offline.ResendSchedule [vscu-thread-1] - Executing Resend Schedule
2026-01-22 17:34:47 INFO  c.k.v.execute.offline.ResendSchedule [vscu-thread-1] - Executing Resend Schedule
2026-01-22 17:34:50 INFO  c.k.v.execute.offline.ResendSchedule [vscu-thread-1] - Executing Resend Schedule
2026-01-22 17:34:53 INFO  c.k.v.execute.offline.ResendSchedule [vscu-thread-1] - Executing Resend Schedule
2026-01-22 17:34:56 INFO  c.k.v.execute.offline.ResendSchedule [vscu-thread-1] - Executing Resend Schedule
2026-01-22 17:34:59 INFO  c.k.v.execute.offline.ResendSchedule [vscu-thread-1] - Executing Resend Schedule
2026-01-22 17:35:02 INFO  c.k.v.execute.offline.ResendSchedule [vscu-thread-1] - Executing Resend Schedule
2026-01-22 17:35:05 INFO  c.k.v.execute.offline.ResendSchedule [vscu-thread-1] - Executing Resend Schedule
2026-01-22 17:35:08 INFO  c.k.v.execute.offline.ResendSchedule [vscu-thread-1] - Executing Resend Schedule
2026-01-22 17:35:08 DEBUG com.zaxxer.hikari.pool.HikariPool [HikariPool-1 housekeeper] - HikariPool-1 - Pool stats (total=20, active=0, idle=20, waiting=0)
2026-01-22 17:35:08 DEBUG com.zaxxer.hikari.pool.HikariPool [HikariPool-1 housekeeper] - HikariPool-1 - Fill pool skipped, pool has sufficient level or currently being filled (queueDepth=0).
2026-01-22 17:35:11 INFO  c.k.v.execute.offline.ResendSchedule [vscu-thread-1] - Executing Resend Schedule
2026-01-22 17:35:14 INFO  c.k.v.execute.offline.ResendSchedule [vscu-thread-1] - Executing Resend Schedule
2026-01-22 17:35:17 INFO  c.k.v.execute.offline.ResendSchedule [vscu-thread-1] - Executing Resend Schedule
2026-01-22 17:35:20 INFO  c.k.v.execute.offline.ResendSchedule [vscu-thread-2] - Executing Resend Schedule
2026-01-22 17:35:23 INFO  c.k.v.execute.offline.ResendSchedule [vscu-thread-2] - Executing Resend Schedule
2026-01-22 17:35:26 INFO  c.k.v.execute.offline.ResendSchedule [vscu-thread-2] - Executing Resend Schedule
2026-01-22 17:35:29 INFO  c.k.v.execute.offline.ResendSchedule [vscu-thread-2] - Executing Resend Schedule
2026-01-22 17:35:32 INFO  c.k.v.execute.offline.ResendSchedule [vscu-thread-2] - Executing Resend Schedule
2026-01-22 17:35:35 INFO  c.k.v.execute.offline.ResendSchedule [vscu-thread-2] - Executing Resend Schedule
2026-01-22 17:35:38 INFO  c.k.v.execute.offline.ResendSchedule [vscu-thread-2] - Executing Resend Schedule
2026-01-22 17:35:38 DEBUG com.zaxxer.hikari.pool.HikariPool [HikariPool-1 housekeeper] - HikariPool-1 - Pool stats (total=20, active=0, idle=20, waiting=0)
2026-01-22 17:35:38 DEBUG com.zaxxer.hikari.pool.HikariPool [HikariPool-1 housekeeper] - HikariPool-1 - Fill pool skipped, pool has sufficient level or currently being filled (queueDepth=0).
2026-01-22 17:35:41 INFO  c.k.v.execute.offline.ResendSchedule [vscu-thread-2] - Executing Resend Schedule
2026-01-22 17:35:44 INFO  c.k.v.execute.offline.ResendSchedule [vscu-thread-2] - Executing Resend Schedule
2026-01-22 17:35:47 INFO  c.k.v.execute.offline.ResendSchedule [vscu-thread-2] - Executing Resend Schedule
2026-01-22 17:35:50 INFO  c.k.v.execute.offline.ResendSchedule [vscu-thread-2] - Executing Resend Schedule
2026-01-22 17:35:53 INFO  c.k.v.execute.offline.ResendSchedule [vscu-thread-2] - Executing Resend Schedule
2026-01-22 17:35:56 INFO  c.k.v.execute.offline.ResendSchedule [vscu-thread-2] - Executing Resend Schedule
2026-01-22 22:24:23 INFO  c.k.v.execute.offline.ResendSchedule [vscu-thread-2] - Executing Resend Schedule
2026-01-22 22:24:26 INFO  c.k.v.execute.offline.ResendSchedule [vscu-thread-2] - Executing Resend Schedule
2026-01-22 22:24:29 INFO  c.k.v.execute.offline.ResendSchedule [vscu-thread-2] - Executing Resend Schedule
2026-01-22 22:24:32 WARN  com.zaxxer.hikari.pool.HikariPool [HikariPool-1 housekeeper] - HikariPool-1 - Thread starvation or clock leap detected (housekeeper delta=4h49m2s524ms982µs600ns).
2026-01-22 22:24:32 DEBUG com.zaxxer.hikari.pool.HikariPool [HikariPool-1 housekeeper] - HikariPool-1 - Pool stats (total=20, active=0, idle=20, waiting=0)
2026-01-22 22:24:32 DEBUG com.zaxxer.hikari.pool.HikariPool [HikariPool-1 housekeeper] - HikariPool-1 - Fill pool skipped, pool has sufficient level or currently being filled (queueDepth=0).
2026-01-22 22:24:32 DEBUG com.zaxxer.hikari.pool.HikariPool [HikariPool-1 housekeeper] - HikariPool-1 - Add connection elided, waiting=0, adders pending/running=1
2026-01-22 22:24:32 DEBUG com.zaxxer.hikari.pool.HikariPool [HikariPool-1 housekeeper] - HikariPool-1 - Add connection elided, waiting=0, adders pending/running=1
2026-01-22 22:24:32 DEBUG com.zaxxer.hikari.pool.PoolBase [HikariPool-1 connection closer] - HikariPool-1 - Closing connection conn42: url=jdbc:h2:mem:testdb user=SA: (connection has passed maxLifetime)
2026-01-22 22:24:32 DEBUG com.zaxxer.hikari.pool.HikariPool [HikariPool-1 housekeeper] - HikariPool-1 - Add connection elided, waiting=0, adders pending/running=1
2026-01-22 22:24:32 DEBUG com.zaxxer.hikari.pool.HikariPool [HikariPool-1 connection adder] - HikariPool-1 - Added connection conn60: url=jdbc:h2:mem:testdb user=SA
2026-01-22 22:24:32 DEBUG com.zaxxer.hikari.pool.PoolBase [HikariPool-1 connection closer] - HikariPool-1 - Closing connection conn44: url=jdbc:h2:mem:testdb user=SA: (connection has passed maxLifetime)
2026-01-22 22:24:32 DEBUG com.zaxxer.hikari.pool.HikariPool [HikariPool-1 housekeeper] - HikariPool-1 - Add connection elided, waiting=0, adders pending/running=2
2026-01-22 22:24:32 DEBUG com.zaxxer.hikari.pool.PoolBase [HikariPool-1 connection closer] - HikariPool-1 - Closing connection conn43: url=jdbc:h2:mem:testdb user=SA: (connection has passed maxLifetime)
2026-01-22 22:24:32 DEBUG com.zaxxer.hikari.pool.PoolBase [HikariPool-1 connection closer] - HikariPool-1 - Closing connection conn41: url=jdbc:h2:mem:testdb user=SA: (connection has passed maxLifetime)
2026-01-22 22:24:32 DEBUG com.zaxxer.hikari.pool.HikariPool [HikariPool-1 housekeeper] - HikariPool-1 - Add connection elided, waiting=0, adders pending/running=3
2026-01-22 22:24:32 DEBUG com.zaxxer.hikari.pool.PoolBase [HikariPool-1 connection closer] - HikariPool-1 - Closing connection conn40: url=jdbc:h2:mem:testdb user=SA: (connection has passed maxLifetime)
2026-01-22 22:24:32 DEBUG com.zaxxer.hikari.pool.HikariPool [HikariPool-1 housekeeper] - HikariPool-1 - Add connection elided, waiting=0, adders pending/running=5
2026-01-22 22:24:32 DEBUG com.zaxxer.hikari.pool.PoolBase [HikariPool-1 connection closer] - HikariPool-1 - Closing connection conn51: url=jdbc:h2:mem:testdb user=SA: (connection has passed maxLifetime)
2026-01-22 22:24:32 DEBUG com.zaxxer.hikari.pool.HikariPool [HikariPool-1 housekeeper] - HikariPool-1 - Add connection elided, waiting=0, adders pending/running=6
2026-01-22 22:24:32 DEBUG com.zaxxer.hikari.pool.PoolBase [HikariPool-1 connection closer] - HikariPool-1 - Closing connection conn45: url=jdbc:h2:mem:testdb user=SA: (connection has passed maxLifetime)
2026-01-22 22:24:32 DEBUG com.zaxxer.hikari.pool.HikariPool [HikariPool-1 connection adder] - HikariPool-1 - Added connection conn61: url=jdbc:h2:mem:testdb user=SA
2026-01-22 22:24:32 DEBUG com.zaxxer.hikari.pool.HikariPool [HikariPool-1 housekeeper] - HikariPool-1 - Add connection elided, waiting=0, adders pending/running=7
2026-01-22 22:24:32 DEBUG com.zaxxer.hikari.pool.PoolBase [HikariPool-1 connection closer] - HikariPool-1 - Closing connection conn48: url=jdbc:h2:mem:testdb user=SA: (connection has passed maxLifetime)
2026-01-22 22:24:32 DEBUG com.zaxxer.hikari.pool.PoolBase [HikariPool-1 connection closer] - HikariPool-1 - Closing connection conn47: url=jdbc:h2:mem:testdb user=SA: (connection has passed maxLifetime)
2026-01-22 22:24:32 DEBUG com.zaxxer.hikari.pool.HikariPool [HikariPool-1 housekeeper] - HikariPool-1 - Add connection elided, waiting=0, adders pending/running=8
2026-01-22 22:24:32 DEBUG com.zaxxer.hikari.pool.PoolBase [HikariPool-1 connection closer] - HikariPool-1 - Closing connection conn54: url=jdbc:h2:mem:testdb user=SA: (connection has passed maxLifetime)
2026-01-22 22:24:32 DEBUG com.zaxxer.hikari.pool.HikariPool [HikariPool-1 housekeeper] - HikariPool-1 - Add connection elided, waiting=0, adders pending/running=10
2026-01-22 22:24:32 DEBUG com.zaxxer.hikari.pool.HikariPool [HikariPool-1 housekeeper] - HikariPool-1 - Add connection elided, waiting=0, adders pending/running=11
2026-01-22 22:24:32 DEBUG com.zaxxer.hikari.pool.PoolBase [HikariPool-1 connection closer] - HikariPool-1 - Closing connection conn56: url=jdbc:h2:mem:testdb user=SA: (connection has passed maxLifetime)
2026-01-22 22:24:32 DEBUG com.zaxxer.hikari.pool.PoolBase [HikariPool-1 connection closer] - HikariPool-1 - Closing connection conn50: url=jdbc:h2:mem:testdb user=SA: (connection has passed maxLifetime)
2026-01-22 22:24:32 DEBUG com.zaxxer.hikari.pool.HikariPool [HikariPool-1 connection adder] - HikariPool-1 - Added connection conn62: url=jdbc:h2:mem:testdb user=SA
2026-01-22 22:24:32 DEBUG com.zaxxer.hikari.pool.HikariPool [HikariPool-1 housekeeper] - HikariPool-1 - Add connection elided, waiting=0, adders pending/running=11
2026-01-22 22:24:32 DEBUG com.zaxxer.hikari.pool.PoolBase [HikariPool-1 connection closer] - HikariPool-1 - Closing connection conn46: url=jdbc:h2:mem:testdb user=SA: (connection has passed maxLifetime)
2026-01-22 22:24:32 DEBUG com.zaxxer.hikari.pool.HikariPool [HikariPool-1 housekeeper] - HikariPool-1 - Add connection elided, waiting=0, adders pending/running=13
2026-01-22 22:24:32 DEBUG com.zaxxer.hikari.pool.PoolBase [HikariPool-1 connection closer] - HikariPool-1 - Closing connection conn57: url=jdbc:h2:mem:testdb user=SA: (connection has passed maxLifetime)
2026-01-22 22:24:32 DEBUG com.zaxxer.hikari.pool.HikariPool [HikariPool-1 housekeeper] - HikariPool-1 - Add connection elided, waiting=0, adders pending/running=14
2026-01-22 22:24:32 DEBUG com.zaxxer.hikari.pool.PoolBase [HikariPool-1 connection closer] - HikariPool-1 - Closing connection conn49: url=jdbc:h2:mem:testdb user=SA: (connection has passed maxLifetime)
2026-01-22 22:24:32 DEBUG com.zaxxer.hikari.pool.HikariPool [HikariPool-1 housekeeper] - HikariPool-1 - Add connection elided, waiting=0, adders pending/running=15
2026-01-22 22:24:32 DEBUG com.zaxxer.hikari.pool.HikariPool [HikariPool-1 connection adder] - HikariPool-1 - Added connection conn63: url=jdbc:h2:mem:testdb user=SA
2026-01-22 22:24:32 DEBUG com.zaxxer.hikari.pool.HikariPool [HikariPool-1 housekeeper] - HikariPool-1 - Add connection elided, waiting=0, adders pending/running=16
2026-01-22 22:24:32 DEBUG com.zaxxer.hikari.pool.PoolBase [HikariPool-1 connection closer] - HikariPool-1 - Closing connection conn53: url=jdbc:h2:mem:testdb user=SA: (connection has passed maxLifetime)
2026-01-22 22:24:32 DEBUG com.zaxxer.hikari.pool.HikariPool [HikariPool-1 housekeeper] - HikariPool-1 - Add connection elided, waiting=0, adders pending/running=16
2026-01-22 22:24:32 DEBUG com.zaxxer.hikari.pool.HikariPool [HikariPool-1 housekeeper] - HikariPool-1 - Add connection elided, waiting=0, adders pending/running=17
2026-01-22 22:24:32 DEBUG com.zaxxer.hikari.pool.PoolBase [HikariPool-1 connection closer] - HikariPool-1 - Closing connection conn55: url=jdbc:h2:mem:testdb user=SA: (connection has passed maxLifetime)
2026-01-22 22:24:32 DEBUG com.zaxxer.hikari.pool.HikariPool [HikariPool-1 housekeeper] - HikariPool-1 - Add connection elided, waiting=0, adders pending/running=17
2026-01-22 22:24:32 DEBUG com.zaxxer.hikari.pool.PoolBase [HikariPool-1 connection closer] - HikariPool-1 - Closing connection conn52: url=jdbc:h2:mem:testdb user=SA: (connection has passed maxLifetime)
2026-01-22 22:24:32 DEBUG com.zaxxer.hikari.pool.PoolBase [HikariPool-1 connection closer] - HikariPool-1 - Closing connection conn59: url=jdbc:h2:mem:testdb user=SA: (connection has passed maxLifetime)
2026-01-22 22:24:32 DEBUG com.zaxxer.hikari.pool.PoolBase [HikariPool-1 connection closer] - HikariPool-1 - Closing connection conn58: url=jdbc:h2:mem:testdb user=SA: (connection has passed maxLifetime)
2026-01-22 22:24:32 DEBUG com.zaxxer.hikari.pool.HikariPool [HikariPool-1 connection adder] - HikariPool-1 - Added connection conn64: url=jdbc:h2:mem:testdb user=SA
2026-01-22 22:24:32 DEBUG com.zaxxer.hikari.pool.HikariPool [HikariPool-1 connection adder] - HikariPool-1 - Added connection conn65: url=jdbc:h2:mem:testdb user=SA
2026-01-22 22:24:32 DEBUG com.zaxxer.hikari.pool.HikariPool [HikariPool-1 connection adder] - HikariPool-1 - Added connection conn66: url=jdbc:h2:mem:testdb user=SA
2026-01-22 22:24:32 DEBUG com.zaxxer.hikari.pool.HikariPool [HikariPool-1 connection adder] - HikariPool-1 - Added connection conn67: url=jdbc:h2:mem:testdb user=SA
2026-01-22 22:24:32 DEBUG com.zaxxer.hikari.pool.HikariPool [HikariPool-1 connection adder] - HikariPool-1 - Added connection conn68: url=jdbc:h2:mem:testdb user=SA
2026-01-22 22:24:32 DEBUG com.zaxxer.hikari.pool.HikariPool [HikariPool-1 connection adder] - HikariPool-1 - Added connection conn69: url=jdbc:h2:mem:testdb user=SA
2026-01-22 22:24:32 DEBUG com.zaxxer.hikari.pool.HikariPool [HikariPool-1 connection adder] - HikariPool-1 - Added connection conn70: url=jdbc:h2:mem:testdb user=SA
2026-01-22 22:24:32 DEBUG com.zaxxer.hikari.pool.HikariPool [HikariPool-1 connection adder] - HikariPool-1 - Added connection conn71: url=jdbc:h2:mem:testdb user=SA
2026-01-22 22:24:32 DEBUG com.zaxxer.hikari.pool.HikariPool [HikariPool-1 connection adder] - HikariPool-1 - Added connection conn72: url=jdbc:h2:mem:testdb user=SA
2026-01-22 22:24:32 DEBUG com.zaxxer.hikari.pool.HikariPool [HikariPool-1 connection adder] - HikariPool-1 - Added connection conn73: url=jdbc:h2:mem:testdb user=SA
2026-01-22 22:24:32 DEBUG com.zaxxer.hikari.pool.HikariPool [HikariPool-1 connection adder] - HikariPool-1 - Added connection conn74: url=jdbc:h2:mem:testdb user=SA
2026-01-22 22:24:32 DEBUG com.zaxxer.hikari.pool.HikariPool [HikariPool-1 connection adder] - HikariPool-1 - Added connection conn75: url=jdbc:h2:mem:testdb user=SA
2026-01-22 22:24:32 DEBUG com.zaxxer.hikari.pool.HikariPool [HikariPool-1 connection adder] - HikariPool-1 - Added connection conn76: url=jdbc:h2:mem:testdb user=SA
2026-01-22 22:24:32 DEBUG com.zaxxer.hikari.pool.HikariPool [HikariPool-1 connection adder] - HikariPool-1 - Added connection conn77: url=jdbc:h2:mem:testdb user=SA
2026-01-22 22:24:32 DEBUG com.zaxxer.hikari.pool.HikariPool [HikariPool-1 connection adder] - HikariPool-1 - Added connection conn78: url=jdbc:h2:mem:testdb user=SA
2026-01-22 22:24:32 DEBUG com.zaxxer.hikari.pool.HikariPool [HikariPool-1 connection adder] - HikariPool-1 - Added connection conn79: url=jdbc:h2:mem:testdb user=SA
2026-01-22 22:24:33 INFO  c.k.v.execute.offline.ResendSchedule [vscu-thread-2] - Executing Resend Schedule
2026-01-22 22:24:36 INFO  c.k.v.execute.offline.ResendSchedule [vscu-thread-2] - Executing Resend Schedule
2026-01-22 22:24:39 INFO  c.k.v.execute.offline.ResendSchedule [vscu-thread-2] - Executing Resend Schedule
2026-01-22 22:24:42 INFO  c.k.v.execute.offline.ResendSchedule [vscu-thread-2] - Executing Resend Schedule
2026-01-22 22:24:45 INFO  c.k.v.execute.offline.ResendSchedule [vscu-thread-2] - Executing Resend Schedule
2026-01-22 22:24:48 INFO  c.k.v.execute.offline.ResendSchedule [vscu-thread-2] - Executing Resend Schedule
2026-01-22 22:24:51 INFO  c.k.v.execute.offline.ResendSchedule [vscu-thread-2] - Executing Resend Schedule
2026-01-22 22:24:54 INFO  c.k.v.execute.offline.ResendSchedule [vscu-thread-2] - Executing Resend Schedule
2026-01-22 22:24:57 INFO  c.k.v.execute.offline.ResendSchedule [vscu-thread-2] - Executing Resend Schedule
2026-01-22 22:25:00 INFO  c.k.v.execute.offline.ResendSchedule [vscu-thread-2] - Executing Resend Schedule
2026-01-22 22:25:02 DEBUG com.zaxxer.hikari.pool.HikariPool [HikariPool-1 housekeeper] - HikariPool-1 - Pool stats (total=20, active=0, idle=20, waiting=0)
2026-01-22 22:25:02 DEBUG com.zaxxer.hikari.pool.HikariPool [HikariPool-1 housekeeper] - HikariPool-1 - Fill pool skipped, pool has sufficient level or currently being filled (queueDepth=0).
2026-01-22 22:25:03 INFO  c.k.v.execute.offline.ResendSchedule [vscu-thread-2] - Executing Resend Schedule
2026-01-22 22:25:06 INFO  c.k.v.execute.offline.ResendSchedule [vscu-thread-2] - Executing Resend Schedule
2026-01-22 22:25:09 INFO  c.k.v.execute.offline.ResendSchedule [vscu-thread-2] - Executing Resend Schedule
2026-01-22 22:25:12 INFO  c.k.v.execute.offline.ResendSchedule [vscu-thread-2] - Executing Resend Schedule
2026-01-22 22:25:15 INFO  c.k.v.execute.offline.ResendSchedule [vscu-thread-2] - Executing Resend Schedule
2026-01-22 22:25:18 INFO  c.k.v.execute.offline.ResendSchedule [vscu-thread-2] - Executing Resend Schedule
2026-01-22 22:25:21 INFO  c.k.v.execute.offline.ResendSchedule [vscu-thread-2] - Executing Resend Schedule
2026-01-22 22:25:24 INFO  c.k.v.execute.offline.ResendSchedule [vscu-thread-2] - Executing Resend Schedule
2026-01-22 22:25:27 INFO  c.k.v.execute.offline.ResendSchedule [vscu-thread-2] - Executing Resend Schedule
2026-01-22 22:25:30 INFO  c.k.v.execute.offline.ResendSchedule [vscu-thread-2] - Executing Resend Schedule
2026-01-22 22:25:32 DEBUG com.zaxxer.hikari.pool.HikariPool [HikariPool-1 housekeeper] - HikariPool-1 - Pool stats (total=20, active=0, idle=20, waiting=0)
2026-01-22 22:25:32 DEBUG com.zaxxer.hikari.pool.HikariPool [HikariPool-1 housekeeper] - HikariPool-1 - Fill pool skipped, pool has sufficient level or currently being filled (queueDepth=0).
2026-01-22 22:25:33 INFO  c.k.v.execute.offline.ResendSchedule [vscu-thread-2] - Executing Resend Schedule
2026-01-22 22:25:36 INFO  c.k.v.execute.offline.ResendSchedule [vscu-thread-2] - Executing Resend Schedule
2026-01-22 22:25:39 INFO  c.k.v.execute.offline.ResendSchedule [vscu-thread-2] - Executing Resend Schedule
2026-01-22 22:25:42 INFO  c.k.v.execute.offline.ResendSchedule [vscu-thread-2] - Executing Resend Schedule
2026-01-22 22:25:45 INFO  c.k.v.execute.offline.ResendSchedule [vscu-thread-2] - Executing Resend Schedule
2026-01-22 22:25:48 INFO  c.k.v.execute.offline.ResendSchedule [vscu-thread-2] - Executing Resend Schedule
2026-01-22 22:25:51 INFO  c.k.v.execute.offline.ResendSchedule [vscu-thread-2] - Executing Resend Schedule
2026-01-22 22:25:54 INFO  c.k.v.execute.offline.ResendSchedule [vscu-thread-2] - Executing Resend Schedule
2026-01-22 22:25:57 INFO  c.k.v.execute.offline.ResendSchedule [vscu-thread-2] - Executing Resend Schedule
2026-01-22 22:26:00 INFO  c.k.v.execute.offline.ResendSchedule [vscu-thread-2] - Executing Resend Schedule
2026-01-22 22:26:02 DEBUG com.zaxxer.hikari.pool.HikariPool [HikariPool-1 housekeeper] - HikariPool-1 - Pool stats (total=20, active=0, idle=20, waiting=0)
2026-01-22 22:26:02 DEBUG com.zaxxer.hikari.pool.HikariPool [HikariPool-1 housekeeper] - HikariPool-1 - Fill pool skipped, pool has sufficient level or currently being filled (queueDepth=0).
2026-01-22 22:26:03 INFO  c.k.v.execute.offline.ResendSchedule [vscu-thread-2] - Executing Resend Schedule
2026-01-22 22:26:06 INFO  c.k.v.execute.offline.ResendSchedule [vscu-thread-2] - Executing Resend Schedule
2026-01-22 22:26:09 INFO  c.k.v.execute.offline.ResendSchedule [vscu-thread-2] - Executing Resend Schedule
2026-01-22 22:26:12 INFO  c.k.v.execute.offline.ResendSchedule [vscu-thread-2] - Executing Resend Schedule
2026-01-22 22:26:15 INFO  c.k.v.execute.offline.ResendSchedule [vscu-thread-2] - Executing Resend Schedule
2026-01-22 22:26:18 INFO  c.k.v.execute.offline.ResendSchedule [vscu-thread-2] - Executing Resend Schedule
2026-01-22 22:26:21 INFO  c.k.v.execute.offline.ResendSchedule [vscu-thread-2] - Executing Resend Schedule
2026-01-22 22:26:24 INFO  c.k.v.execute.offline.ResendSchedule [vscu-thread-2] - Executing Resend Schedule
2026-01-22 22:26:27 INFO  c.k.v.execute.offline.ResendSchedule [vscu-thread-2] - Executing Resend Schedule
2026-01-22 22:26:30 INFO  c.k.v.execute.offline.ResendSchedule [vscu-thread-2] - Executing Resend Schedule
2026-01-22 22:26:32 DEBUG com.zaxxer.hikari.pool.HikariPool [HikariPool-1 housekeeper] - HikariPool-1 - Pool stats (total=20, active=0, idle=20, waiting=0)
2026-01-22 22:26:32 DEBUG com.zaxxer.hikari.pool.HikariPool [HikariPool-1 housekeeper] - HikariPool-1 - Fill pool skipped, pool has sufficient level or currently being filled (queueDepth=0).
2026-01-22 22:26:34 INFO  c.k.v.execute.offline.ResendSchedule [vscu-thread-2] - Executing Resend Schedule
2026-01-22 22:26:37 INFO  c.k.v.execute.offline.ResendSchedule [vscu-thread-2] - Executing Resend Schedule
2026-01-22 22:26:40 INFO  c.k.v.execute.offline.ResendSchedule [vscu-thread-2] - Executing Resend Schedule
2026-01-22 22:26:43 INFO  c.k.v.execute.offline.ResendSchedule [vscu-thread-2] - Executing Resend Schedule
2026-01-22 22:26:46 INFO  c.k.v.execute.offline.ResendSchedule [vscu-thread-2] - Executing Resend Schedule
2026-01-22 22:26:49 INFO  c.k.v.execute.offline.ResendSchedule [vscu-thread-2] - Executing Resend Schedule
2026-01-22 22:26:52 INFO  c.k.v.execute.offline.ResendSchedule [vscu-thread-2] - Executing Resend Schedule
2026-01-22 22:26:55 INFO  c.k.v.execute.offline.ResendSchedule [vscu-thread-2] - Executing Resend Schedule
2026-01-22 22:26:58 INFO  c.k.v.execute.offline.ResendSchedule [vscu-thread-2] - Executing Resend Schedule
2026-01-22 22:27:01 INFO  c.k.v.execute.offline.ResendSchedule [vscu-thread-2] - Executing Resend Schedule
2026-01-22 22:27:02 DEBUG com.zaxxer.hikari.pool.HikariPool [HikariPool-1 housekeeper] - HikariPool-1 - Pool stats (total=20, active=0, idle=20, waiting=0)
2026-01-22 22:27:02 DEBUG com.zaxxer.hikari.pool.HikariPool [HikariPool-1 housekeeper] - HikariPool-1 - Fill pool skipped, pool has sufficient level or currently being filled (queueDepth=0).
2026-01-22 22:27:04 INFO  c.k.v.execute.offline.ResendSchedule [vscu-thread-2] - Executing Resend Schedule
2026-01-22 22:27:07 INFO  c.k.v.execute.offline.ResendSchedule [vscu-thread-2] - Executing Resend Schedule
2026-01-22 22:27:10 INFO  c.k.v.execute.offline.ResendSchedule [vscu-thread-2] - Executing Resend Schedule
2026-01-22 22:27:13 INFO  c.k.v.execute.offline.ResendSchedule [vscu-thread-2] - Executing Resend Schedule
2026-01-22 22:27:16 INFO  c.k.v.execute.offline.ResendSchedule [vscu-thread-2] - Executing Resend Schedule
2026-01-22 22:27:19 INFO  c.k.v.execute.offline.ResendSchedule [vscu-thread-2] - Executing Resend Schedule
2026-01-22 22:27:22 INFO  c.k.v.execute.offline.ResendSchedule [vscu-thread-2] - Executing Resend Schedule
2026-01-22 22:27:25 INFO  c.k.v.execute.offline.ResendSchedule [vscu-thread-2] - Executing Resend Schedule
2026-01-22 22:27:28 INFO  c.k.v.execute.offline.ResendSchedule [vscu-thread-2] - Executing Resend Schedule
2026-01-22 22:27:31 INFO  c.k.v.execute.offline.ResendSchedule [vscu-thread-2] - Executing Resend Schedule
2026-01-22 22:27:32 DEBUG com.zaxxer.hikari.pool.HikariPool [HikariPool-1 housekeeper] - HikariPool-1 - Pool stats (total=20, active=0, idle=20, waiting=0)
2026-01-22 22:27:32 DEBUG com.zaxxer.hikari.pool.HikariPool [HikariPool-1 housekeeper] - HikariPool-1 - Fill pool skipped, pool has sufficient level or currently being filled (queueDepth=0).
2026-01-22 22:27:34 INFO  c.k.v.execute.offline.ResendSchedule [vscu-thread-2] - Executing Resend Schedule
2026-01-22 22:27:37 INFO  c.k.v.execute.offline.ResendSchedule [vscu-thread-2] - Executing Resend Schedule
2026-01-22 22:27:40 INFO  c.k.v.execute.offline.ResendSchedule [vscu-thread-2] - Executing Resend Schedule
2026-01-22 22:27:43 INFO  c.k.v.execute.offline.ResendSchedule [vscu-thread-2] - Executing Resend Schedule
2026-01-22 22:27:46 INFO  c.k.v.execute.offline.ResendSchedule [vscu-thread-2] - Executing Resend Schedule
2026-01-22 22:27:49 INFO  c.k.v.execute.offline.ResendSchedule [vscu-thread-2] - Executing Resend Schedule
2026-01-22 22:27:52 INFO  c.k.v.execute.offline.ResendSchedule [vscu-thread-2] - Executing Resend Schedule
2026-01-22 22:27:55 INFO  c.k.v.execute.offline.ResendSchedule [vscu-thread-2] - Executing Resend Schedule
2026-01-22 22:27:58 INFO  c.k.v.execute.offline.ResendSchedule [vscu-thread-2] - Executing Resend Schedule
2026-01-22 22:28:01 INFO  c.k.v.execute.offline.ResendSchedule [vscu-thread-2] - Executing Resend Schedule
2026-01-22 22:28:02 DEBUG com.zaxxer.hikari.pool.HikariPool [HikariPool-1 housekeeper] - HikariPool-1 - Pool stats (total=20, active=0, idle=20, waiting=0)
2026-01-22 22:28:02 DEBUG com.zaxxer.hikari.pool.HikariPool [HikariPool-1 housekeeper] - HikariPool-1 - Fill pool skipped, pool has sufficient level or currently being filled (queueDepth=0).
2026-01-22 22:28:04 INFO  c.k.v.execute.offline.ResendSchedule [vscu-thread-2] - Executing Resend Schedule
2026-01-22 22:28:07 INFO  c.k.v.execute.offline.ResendSchedule [vscu-thread-2] - Executing Resend Schedule
2026-01-22 22:28:10 INFO  c.k.v.execute.offline.ResendSchedule [vscu-thread-2] - Executing Resend Schedule
2026-01-22 22:28:13 INFO  c.k.v.execute.offline.ResendSchedule [vscu-thread-2] - Executing Resend Schedule
2026-01-22 22:28:16 INFO  c.k.v.execute.offline.ResendSchedule [vscu-thread-2] - Executing Resend Schedule
2026-01-22 22:28:19 INFO  c.k.v.execute.offline.ResendSchedule [vscu-thread-2] - Executing Resend Schedule
2026-01-22 22:28:22 INFO  c.k.v.execute.offline.ResendSchedule [vscu-thread-2] - Executing Resend Schedule
2026-01-22 22:28:25 INFO  c.k.v.execute.offline.ResendSchedule [vscu-thread-2] - Executing Resend Schedule
2026-01-22 22:28:28 INFO  c.k.v.execute.offline.ResendSchedule [vscu-thread-2] - Executing Resend Schedule
2026-01-22 22:28:31 INFO  c.k.v.execute.offline.ResendSchedule [vscu-thread-2] - Executing Resend Schedule
2026-01-22 22:28:32 DEBUG com.zaxxer.hikari.pool.HikariPool [HikariPool-1 housekeeper] - HikariPool-1 - Pool stats (total=20, active=0, idle=20, waiting=0)
2026-01-22 22:28:32 DEBUG com.zaxxer.hikari.pool.HikariPool [HikariPool-1 housekeeper] - HikariPool-1 - Fill pool skipped, pool has sufficient level or currently being filled (queueDepth=0).
2026-01-22 22:28:34 INFO  c.k.v.execute.offline.ResendSchedule [vscu-thread-2] - Executing Resend Schedule
2026-01-22 22:28:37 INFO  c.k.v.execute.offline.ResendSchedule [vscu-thread-2] - Executing Resend Schedule
2026-01-22 22:28:40 INFO  c.k.v.execute.offline.ResendSchedule [vscu-thread-2] - Executing Resend Schedule
2026-01-22 22:28:43 INFO  c.k.v.execute.offline.ResendSchedule [vscu-thread-2] - Executing Resend Schedule
2026-01-22 22:28:46 INFO  c.k.v.execute.offline.ResendSchedule [vscu-thread-2] - Executing Resend Schedule
2026-01-22 22:28:49 INFO  c.k.v.execute.offline.ResendSchedule [vscu-thread-2] - Executing Resend Schedule
2026-01-22 22:28:52 INFO  c.k.v.execute.offline.ResendSchedule [vscu-thread-2] - Executing Resend Schedule
2026-01-22 22:28:55 INFO  c.k.v.execute.offline.ResendSchedule [vscu-thread-2] - Executing Resend Schedule
2026-01-22 22:28:58 INFO  c.k.v.execute.offline.ResendSchedule [vscu-thread-2] - Executing Resend Schedule
2026-01-22 22:29:01 INFO  c.k.v.execute.offline.ResendSchedule [vscu-thread-2] - Executing Resend Schedule
2026-01-22 22:29:02 DEBUG com.zaxxer.hikari.pool.HikariPool [HikariPool-1 housekeeper] - HikariPool-1 - Pool stats (total=20, active=0, idle=20, waiting=0)
2026-01-22 22:29:02 DEBUG com.zaxxer.hikari.pool.HikariPool [HikariPool-1 housekeeper] - HikariPool-1 - Fill pool skipped, pool has sufficient level or currently being filled (queueDepth=0).
2026-01-22 22:29:04 INFO  c.k.v.execute.offline.ResendSchedule [vscu-thread-2] - Executing Resend Schedule
2026-01-22 22:29:07 INFO  c.k.v.execute.offline.ResendSchedule [vscu-thread-2] - Executing Resend Schedule
2026-01-22 22:29:11 INFO  c.k.v.execute.offline.ResendSchedule [vscu-thread-2] - Executing Resend Schedule
2026-01-22 22:29:14 INFO  c.k.v.execute.offline.ResendSchedule [vscu-thread-2] - Executing Resend Schedule
2026-01-22 22:29:17 INFO  c.k.v.execute.offline.ResendSchedule [vscu-thread-2] - Executing Resend Schedule
2026-01-22 22:29:20 INFO  c.k.v.execute.offline.ResendSchedule [vscu-thread-2] - Executing Resend Schedule
2026-01-22 22:29:23 INFO  c.k.v.execute.offline.ResendSchedule [vscu-thread-2] - Executing Resend Schedule
2026-01-22 22:29:26 INFO  c.k.v.execute.offline.ResendSchedule [vscu-thread-2] - Executing Resend Schedule
2026-01-22 22:29:29 INFO  c.k.v.execute.offline.ResendSchedule [vscu-thread-2] - Executing Resend Schedule
2026-01-22 22:29:32 INFO  c.k.v.execute.offline.ResendSchedule [vscu-thread-2] - Executing Resend Schedule
2026-01-22 22:29:32 DEBUG com.zaxxer.hikari.pool.HikariPool [HikariPool-1 housekeeper] - HikariPool-1 - Pool stats (total=20, active=0, idle=20, waiting=0)
2026-01-22 22:29:32 DEBUG com.zaxxer.hikari.pool.HikariPool [HikariPool-1 housekeeper] - HikariPool-1 - Fill pool skipped, pool has sufficient level or currently being filled (queueDepth=0).
2026-01-22 22:29:35 INFO  c.k.v.execute.offline.ResendSchedule [vscu-thread-2] - Executing Resend Schedule
2026-01-22 22:29:38 INFO  c.k.v.execute.offline.ResendSchedule [vscu-thread-2] - Executing Resend Schedule
2026-01-22 22:29:41 INFO  c.k.v.execute.offline.ResendSchedule [vscu-thread-2] - Executing Resend Schedule
2026-01-22 22:29:44 INFO  c.k.v.execute.offline.ResendSchedule [vscu-thread-2] - Executing Resend Schedule
2026-01-22 22:29:47 INFO  c.k.v.execute.offline.ResendSchedule [vscu-thread-2] - Executing Resend Schedule
2026-01-22 22:29:50 INFO  c.k.v.execute.offline.ResendSchedule [vscu-thread-2] - Executing Resend Schedule
2026-01-22 22:29:53 INFO  c.k.v.execute.offline.ResendSchedule [vscu-thread-2] - Executing Resend Schedule
2026-01-22 22:29:56 INFO  c.k.v.execute.offline.ResendSchedule [vscu-thread-2] - Executing Resend Schedule
2026-01-22 22:29:59 INFO  c.k.v.execute.offline.ResendSchedule [vscu-thread-2] - Executing Resend Schedule
2026-01-22 22:30:02 INFO  c.k.v.execute.offline.ResendSchedule [vscu-thread-2] - Executing Resend Schedule
2026-01-22 22:30:02 DEBUG com.zaxxer.hikari.pool.HikariPool [HikariPool-1 housekeeper] - HikariPool-1 - Pool stats (total=20, active=0, idle=20, waiting=0)
2026-01-22 22:30:02 DEBUG com.zaxxer.hikari.pool.HikariPool [HikariPool-1 housekeeper] - HikariPool-1 - Fill pool skipped, pool has sufficient level or currently being filled (queueDepth=0).
2026-01-22 22:30:05 INFO  c.k.v.execute.offline.ResendSchedule [vscu-thread-2] - Executing Resend Schedule
2026-01-22 22:30:08 INFO  c.k.v.execute.offline.ResendSchedule [vscu-thread-2] - Executing Resend Schedule
2026-01-22 22:30:11 INFO  c.k.v.execute.offline.ResendSchedule [vscu-thread-2] - Executing Resend Schedule
2026-01-22 22:30:14 INFO  c.k.v.execute.offline.ResendSchedule [vscu-thread-3] - Executing Resend Schedule
2026-01-22 22:30:17 INFO  c.k.v.execute.offline.ResendSchedule [vscu-thread-3] - Executing Resend Schedule
2026-01-22 22:30:20 INFO  c.k.v.execute.offline.ResendSchedule [vscu-thread-3] - Executing Resend Schedule
2026-01-22 22:30:23 INFO  c.k.v.execute.offline.ResendSchedule [vscu-thread-3] - Executing Resend Schedule
2026-01-22 22:30:26 INFO  c.k.v.execute.offline.ResendSchedule [vscu-thread-3] - Executing Resend Schedule
2026-01-22 22:30:29 INFO  c.k.v.execute.offline.ResendSchedule [vscu-thread-3] - Executing Resend Schedule
2026-01-22 22:30:32 INFO  c.k.v.execute.offline.ResendSchedule [vscu-thread-3] - Executing Resend Schedule
2026-01-22 22:30:32 DEBUG com.zaxxer.hikari.pool.HikariPool [HikariPool-1 housekeeper] - HikariPool-1 - Pool stats (total=20, active=0, idle=20, waiting=0)
2026-01-22 22:30:32 DEBUG com.zaxxer.hikari.pool.HikariPool [HikariPool-1 housekeeper] - HikariPool-1 - Fill pool skipped, pool has sufficient level or currently being filled (queueDepth=0).
2026-01-22 22:30:35 INFO  c.k.v.execute.offline.ResendSchedule [vscu-thread-3] - Executing Resend Schedule
2026-01-22 22:30:38 INFO  c.k.v.execute.offline.ResendSchedule [vscu-thread-3] - Executing Resend Schedule
2026-01-22 22:30:41 INFO  c.k.v.execute.offline.ResendSchedule [vscu-thread-3] - Executing Resend Schedule
2026-01-22 22:30:44 INFO  c.k.v.execute.offline.ResendSchedule [vscu-thread-3] - Executing Resend Schedule
2026-01-22 22:30:47 INFO  c.k.v.execute.offline.ResendSchedule [vscu-thread-3] - Executing Resend Schedule
2026-01-22 22:30:50 INFO  c.k.v.execute.offline.ResendSchedule [vscu-thread-3] - Executing Resend Schedule
2026-01-22 22:30:53 INFO  c.k.v.execute.offline.ResendSchedule [vscu-thread-3] - Executing Resend Schedule
2026-01-22 22:30:56 INFO  c.k.v.execute.offline.ResendSchedule [vscu-thread-3] - Executing Resend Schedule
2026-01-22 22:30:59 INFO  c.k.v.execute.offline.ResendSchedule [vscu-thread-3] - Executing Resend Schedule
2026-01-22 22:31:02 DEBUG com.zaxxer.hikari.pool.HikariPool [HikariPool-1 housekeeper] - HikariPool-1 - Pool stats (total=20, active=0, idle=20, waiting=0)
2026-01-22 22:31:02 DEBUG com.zaxxer.hikari.pool.HikariPool [HikariPool-1 housekeeper] - HikariPool-1 - Fill pool skipped, pool has sufficient level or currently being filled (queueDepth=0).
2026-01-22 22:31:02 INFO  c.k.v.execute.offline.ResendSchedule [vscu-thread-3] - Executing Resend Schedule
2026-01-22 22:31:05 INFO  c.k.v.execute.offline.ResendSchedule [vscu-thread-3] - Executing Resend Schedule
2026-01-22 22:31:08 INFO  c.k.v.execute.offline.ResendSchedule [vscu-thread-3] - Executing Resend Schedule
2026-01-22 22:31:11 INFO  c.k.v.execute.offline.ResendSchedule [vscu-thread-3] - Executing Resend Schedule
2026-01-22 22:31:14 INFO  c.k.v.execute.offline.ResendSchedule [vscu-thread-2] - Executing Resend Schedule
2026-01-22 22:31:17 INFO  c.k.v.execute.offline.ResendSchedule [vscu-thread-2] - Executing Resend Schedule
2026-01-22 22:31:20 INFO  c.k.v.execute.offline.ResendSchedule [vscu-thread-2] - Executing Resend Schedule
2026-01-22 22:31:23 INFO  c.k.v.execute.offline.ResendSchedule [vscu-thread-2] - Executing Resend Schedule
2026-01-22 22:31:26 INFO  c.k.v.execute.offline.ResendSchedule [vscu-thread-2] - Executing Resend Schedule
2026-01-22 22:31:29 INFO  c.k.v.execute.offline.ResendSchedule [vscu-thread-2] - Executing Resend Schedule
2026-01-22 22:31:32 DEBUG com.zaxxer.hikari.pool.HikariPool [HikariPool-1 housekeeper] - HikariPool-1 - Pool stats (total=20, active=0, idle=20, waiting=0)
2026-01-22 22:31:32 DEBUG com.zaxxer.hikari.pool.HikariPool [HikariPool-1 housekeeper] - HikariPool-1 - Fill pool skipped, pool has sufficient level or currently being filled (queueDepth=0).
2026-01-22 22:31:32 INFO  c.k.v.execute.offline.ResendSchedule [vscu-thread-2] - Executing Resend Schedule
2026-01-22 22:31:35 INFO  c.k.v.execute.offline.ResendSchedule [vscu-thread-2] - Executing Resend Schedule
2026-01-22 22:31:38 INFO  c.k.v.execute.offline.ResendSchedule [vscu-thread-2] - Executing Resend Schedule
2026-01-22 22:31:41 INFO  c.k.v.execute.offline.ResendSchedule [vscu-thread-2] - Executing Resend Schedule
2026-01-22 22:31:44 INFO  c.k.v.execute.offline.ResendSchedule [vscu-thread-2] - Executing Resend Schedule
2026-01-22 22:31:47 INFO  c.k.v.execute.offline.ResendSchedule [vscu-thread-2] - Executing Resend Schedule
2026-01-22 22:31:51 INFO  c.k.v.execute.offline.ResendSchedule [vscu-thread-2] - Executing Resend Schedule
2026-01-22 22:31:54 INFO  c.k.v.execute.offline.ResendSchedule [vscu-thread-2] - Executing Resend Schedule
2026-01-22 22:31:57 INFO  c.k.v.execute.offline.ResendSchedule [vscu-thread-2] - Executing Resend Schedule
2026-01-22 22:32:00 INFO  c.k.v.execute.offline.ResendSchedule [vscu-thread-2] - Executing Resend Schedule
2026-01-22 22:32:02 DEBUG com.zaxxer.hikari.pool.HikariPool [HikariPool-1 housekeeper] - HikariPool-1 - Pool stats (total=20, active=0, idle=20, waiting=0)
2026-01-22 22:32:02 DEBUG com.zaxxer.hikari.pool.HikariPool [HikariPool-1 housekeeper] - HikariPool-1 - Fill pool skipped, pool has sufficient level or currently being filled (queueDepth=0).
2026-01-22 22:32:03 INFO  c.k.v.execute.offline.ResendSchedule [vscu-thread-2] - Executing Resend Schedule
2026-01-22 22:32:06 INFO  c.k.v.execute.offline.ResendSchedule [vscu-thread-2] - Executing Resend Schedule
2026-01-22 22:32:09 INFO  c.k.v.execute.offline.ResendSchedule [vscu-thread-3] - Executing Resend Schedule
2026-01-22 22:32:12 INFO  c.k.v.execute.offline.ResendSchedule [vscu-thread-3] - Executing Resend Schedule
2026-01-22 22:32:15 INFO  c.k.v.execute.offline.ResendSchedule [vscu-thread-3] - Executing Resend Schedule
2026-01-22 22:32:18 INFO  c.k.v.execute.offline.ResendSchedule [vscu-thread-3] - Executing Resend Schedule
2026-01-22 22:32:21 INFO  c.k.v.execute.offline.ResendSchedule [vscu-thread-3] - Executing Resend Schedule
2026-01-22 22:32:24 INFO  c.k.v.execute.offline.ResendSchedule [vscu-thread-3] - Executing Resend Schedule
2026-01-22 22:32:27 INFO  c.k.v.execute.offline.ResendSchedule [vscu-thread-3] - Executing Resend Schedule
2026-01-22 22:32:30 INFO  c.k.v.execute.offline.ResendSchedule [vscu-thread-3] - Executing Resend Schedule
2026-01-22 22:32:32 DEBUG com.zaxxer.hikari.pool.HikariPool [HikariPool-1 housekeeper] - HikariPool-1 - Pool stats (total=20, active=0, idle=20, waiting=0)
2026-01-22 22:32:32 DEBUG com.zaxxer.hikari.pool.HikariPool [HikariPool-1 housekeeper] - HikariPool-1 - Fill pool skipped, pool has sufficient level or currently being filled (queueDepth=0).
2026-01-22 22:32:33 INFO  c.k.v.execute.offline.ResendSchedule [vscu-thread-3] - Executing Resend Schedule
2026-01-22 22:32:36 INFO  c.k.v.execute.offline.ResendSchedule [vscu-thread-3] - Executing Resend Schedule
2026-01-22 22:32:39 INFO  c.k.v.execute.offline.ResendSchedule [vscu-thread-3] - Executing Resend Schedule
2026-01-22 22:32:42 INFO  c.k.v.execute.offline.ResendSchedule [vscu-thread-3] - Executing Resend Schedule
2026-01-22 22:32:45 INFO  c.k.v.execute.offline.ResendSchedule [vscu-thread-3] - Executing Resend Schedule
2026-01-22 22:32:48 INFO  c.k.v.execute.offline.ResendSchedule [vscu-thread-3] - Executing Resend Schedule
2026-01-22 22:32:51 INFO  c.k.v.execute.offline.ResendSchedule [vscu-thread-3] - Executing Resend Schedule
2026-01-22 22:32:54 INFO  c.k.v.execute.offline.ResendSchedule [vscu-thread-3] - Executing Resend Schedule
2026-01-22 22:32:57 INFO  c.k.v.execute.offline.ResendSchedule [vscu-thread-3] - Executing Resend Schedule
2026-01-22 22:33:00 INFO  c.k.v.execute.offline.ResendSchedule [vscu-thread-3] - Executing Resend Schedule
2026-01-22 22:33:02 DEBUG com.zaxxer.hikari.pool.HikariPool [HikariPool-1 housekeeper] - HikariPool-1 - Pool stats (total=20, active=0, idle=20, waiting=0)
2026-01-22 22:33:02 DEBUG com.zaxxer.hikari.pool.HikariPool [HikariPool-1 housekeeper] - HikariPool-1 - Fill pool skipped, pool has sufficient level or currently being filled (queueDepth=0).
2026-01-22 22:33:03 INFO  c.k.v.execute.offline.ResendSchedule [vscu-thread-3] - Executing Resend Schedule
2026-01-22 22:33:06 INFO  c.k.v.execute.offline.ResendSchedule [vscu-thread-3] - Executing Resend Schedule
2026-01-22 22:33:09 INFO  c.k.v.execute.offline.ResendSchedule [vscu-thread-3] - Executing Resend Schedule
2026-01-22 22:33:12 INFO  c.k.v.execute.offline.ResendSchedule [vscu-thread-3] - Executing Resend Schedule
2026-01-22 22:33:15 INFO  c.k.v.execute.offline.ResendSchedule [vscu-thread-3] - Executing Resend Schedule
2026-01-22 22:33:18 INFO  c.k.v.execute.offline.ResendSchedule [vscu-thread-3] - Executing Resend Schedule
2026-01-22 22:33:21 INFO  c.k.v.execute.offline.ResendSchedule [vscu-thread-3] - Executing Resend Schedule
2026-01-22 22:33:24 INFO  c.k.v.execute.offline.ResendSchedule [vscu-thread-3] - Executing Resend Schedule
2026-01-22 22:33:27 INFO  c.k.v.execute.offline.ResendSchedule [vscu-thread-3] - Executing Resend Schedule
2026-01-22 22:33:30 INFO  c.k.v.execute.offline.ResendSchedule [vscu-thread-3] - Executing Resend Schedule
2026-01-22 22:33:32 DEBUG com.zaxxer.hikari.pool.HikariPool [HikariPool-1 housekeeper] - HikariPool-1 - Pool stats (total=20, active=0, idle=20, waiting=0)
2026-01-22 22:33:32 DEBUG com.zaxxer.hikari.pool.HikariPool [HikariPool-1 housekeeper] - HikariPool-1 - Fill pool skipped, pool has sufficient level or currently being filled (queueDepth=0).
2026-01-22 22:33:33 INFO  c.k.v.execute.offline.ResendSchedule [vscu-thread-3] - Executing Resend Schedule
2026-01-22 22:33:36 INFO  c.k.v.execute.offline.ResendSchedule [vscu-thread-3] - Executing Resend Schedule
2026-01-22 22:33:39 INFO  c.k.v.execute.offline.ResendSchedule [vscu-thread-3] - Executing Resend Schedule
2026-01-22 22:33:42 INFO  c.k.v.execute.offline.ResendSchedule [vscu-thread-3] - Executing Resend Schedule
2026-01-22 22:33:45 INFO  c.k.v.execute.offline.ResendSchedule [vscu-thread-3] - Executing Resend Schedule
2026-01-22 22:33:48 INFO  c.k.v.execute.offline.ResendSchedule [vscu-thread-3] - Executing Resend Schedule
2026-01-22 22:33:51 INFO  c.k.v.execute.offline.ResendSchedule [vscu-thread-3] - Executing Resend Schedule
2026-01-22 22:33:54 INFO  c.k.v.execute.offline.ResendSchedule [vscu-thread-3] - Executing Resend Schedule
2026-01-22 22:33:57 INFO  c.k.v.execute.offline.ResendSchedule [vscu-thread-3] - Executing Resend Schedule
2026-01-22 22:34:00 INFO  c.k.v.execute.offline.ResendSchedule [vscu-thread-3] - Executing Resend Schedule
2026-01-22 22:34:02 DEBUG com.zaxxer.hikari.pool.HikariPool [HikariPool-1 housekeeper] - HikariPool-1 - Pool stats (total=20, active=0, idle=20, waiting=0)
2026-01-22 22:34:02 DEBUG com.zaxxer.hikari.pool.HikariPool [HikariPool-1 housekeeper] - HikariPool-1 - Fill pool skipped, pool has sufficient level or currently being filled (queueDepth=0).
2026-01-22 22:34:03 INFO  c.k.v.execute.offline.ResendSchedule [vscu-thread-3] - Executing Resend Schedule
2026-01-22 22:34:06 INFO  c.k.v.execute.offline.ResendSchedule [vscu-thread-3] - Executing Resend Schedule
2026-01-22 22:34:09 INFO  c.k.v.execute.offline.ResendSchedule [vscu-thread-3] - Executing Resend Schedule
2026-01-22 22:34:12 INFO  c.k.v.execute.offline.ResendSchedule [vscu-thread-3] - Executing Resend Schedule
2026-01-22 22:34:15 INFO  c.k.v.execute.offline.ResendSchedule [vscu-thread-3] - Executing Resend Schedule
2026-01-22 22:34:18 INFO  c.k.v.execute.offline.ResendSchedule [vscu-thread-3] - Executing Resend Schedule
2026-01-22 22:34:21 INFO  c.k.v.execute.offline.ResendSchedule [vscu-thread-3] - Executing Resend Schedule
2026-01-22 22:34:24 INFO  c.k.v.execute.offline.ResendSchedule [vscu-thread-1] - Executing Resend Schedule
2026-01-22 22:34:28 INFO  c.k.v.execute.offline.ResendSchedule [vscu-thread-1] - Executing Resend Schedule
2026-01-22 22:34:31 INFO  c.k.v.execute.offline.ResendSchedule [vscu-thread-1] - Executing Resend Schedule
2026-01-22 22:34:32 DEBUG com.zaxxer.hikari.pool.HikariPool [HikariPool-1 housekeeper] - HikariPool-1 - Pool stats (total=20, active=0, idle=20, waiting=0)
2026-01-22 22:34:32 DEBUG com.zaxxer.hikari.pool.HikariPool [HikariPool-1 housekeeper] - HikariPool-1 - Fill pool skipped, pool has sufficient level or currently being filled (queueDepth=0).
2026-01-22 22:34:34 INFO  c.k.v.execute.offline.ResendSchedule [vscu-thread-1] - Executing Resend Schedule
2026-01-22 22:34:37 INFO  c.k.v.execute.offline.ResendSchedule [vscu-thread-3] - Executing Resend Schedule
2026-01-22 22:34:40 INFO  c.k.v.execute.offline.ResendSchedule [vscu-thread-3] - Executing Resend Schedule
2026-01-22 22:34:43 INFO  c.k.v.execute.offline.ResendSchedule [vscu-thread-3] - Executing Resend Schedule
2026-01-22 22:34:46 INFO  c.k.v.execute.offline.ResendSchedule [vscu-thread-3] - Executing Resend Schedule
2026-01-22 22:34:49 INFO  c.k.v.execute.offline.ResendSchedule [vscu-thread-3] - Executing Resend Schedule
2026-01-22 22:34:52 INFO  c.k.v.execute.offline.ResendSchedule [vscu-thread-2] - Executing Resend Schedule
2026-01-22 22:34:55 INFO  c.k.v.execute.offline.ResendSchedule [vscu-thread-2] - Executing Resend Schedule
2026-01-22 22:34:58 INFO  c.k.v.execute.offline.ResendSchedule [vscu-thread-2] - Executing Resend Schedule
2026-01-22 22:35:01 INFO  c.k.v.execute.offline.ResendSchedule [vscu-thread-2] - Executing Resend Schedule
2026-01-22 22:35:02 DEBUG com.zaxxer.hikari.pool.HikariPool [HikariPool-1 housekeeper] - HikariPool-1 - Pool stats (total=20, active=0, idle=20, waiting=0)
2026-01-22 22:35:02 DEBUG com.zaxxer.hikari.pool.HikariPool [HikariPool-1 housekeeper] - HikariPool-1 - Fill pool skipped, pool has sufficient level or currently being filled (queueDepth=0).
2026-01-22 22:35:04 INFO  c.k.v.execute.offline.ResendSchedule [vscu-thread-2] - Executing Resend Schedule
2026-01-22 22:35:07 INFO  c.k.v.execute.offline.ResendSchedule [vscu-thread-2] - Executing Resend Schedule
2026-01-22 22:35:10 INFO  c.k.v.execute.offline.ResendSchedule [vscu-thread-3] - Executing Resend Schedule
2026-01-22 22:35:13 INFO  c.k.v.execute.offline.ResendSchedule [vscu-thread-3] - Executing Resend Schedule
2026-01-22 22:35:16 INFO  c.k.v.execute.offline.ResendSchedule [vscu-thread-3] - Executing Resend Schedule
2026-01-22 22:35:19 INFO  c.k.v.execute.offline.ResendSchedule [vscu-thread-3] - Executing Resend Schedule
2026-01-22 22:35:22 INFO  c.k.v.execute.offline.ResendSchedule [vscu-thread-3] - Executing Resend Schedule
2026-01-22 22:35:25 INFO  c.k.v.execute.offline.ResendSchedule [vscu-thread-3] - Executing Resend Schedule
2026-01-22 22:35:28 INFO  c.k.v.execute.offline.ResendSchedule [vscu-thread-3] - Executing Resend Schedule
2026-01-22 22:35:31 INFO  c.k.v.execute.offline.ResendSchedule [vscu-thread-3] - Executing Resend Schedule
2026-01-22 22:35:32 DEBUG com.zaxxer.hikari.pool.HikariPool [HikariPool-1 housekeeper] - HikariPool-1 - Pool stats (total=20, active=0, idle=20, waiting=0)
2026-01-22 22:35:32 DEBUG com.zaxxer.hikari.pool.HikariPool [HikariPool-1 housekeeper] - HikariPool-1 - Fill pool skipped, pool has sufficient level or currently being filled (queueDepth=0).
2026-01-22 22:35:34 INFO  c.k.v.execute.offline.ResendSchedule [vscu-thread-3] - Executing Resend Schedule
2026-01-22 22:35:37 INFO  c.k.v.execute.offline.ResendSchedule [vscu-thread-3] - Executing Resend Schedule
2026-01-22 22:35:40 INFO  c.k.v.execute.offline.ResendSchedule [vscu-thread-3] - Executing Resend Schedule
2026-01-22 22:35:43 INFO  c.k.v.execute.offline.ResendSchedule [vscu-thread-1] - Executing Resend Schedule
2026-01-22 22:35:46 INFO  c.k.v.execute.offline.ResendSchedule [vscu-thread-1] - Executing Resend Schedule
2026-01-22 22:35:49 INFO  c.k.v.execute.offline.ResendSchedule [vscu-thread-1] - Executing Resend Schedule
2026-01-22 22:35:52 INFO  c.k.v.execute.offline.ResendSchedule [vscu-thread-1] - Executing Resend Schedule
2026-01-22 22:35:55 INFO  c.k.v.execute.offline.ResendSchedule [vscu-thread-1] - Executing Resend Schedule
2026-01-22 22:35:58 INFO  c.k.v.execute.offline.ResendSchedule [vscu-thread-1] - Executing Resend Schedule
2026-01-22 22:36:01 INFO  c.k.v.execute.offline.ResendSchedule [vscu-thread-1] - Executing Resend Schedule
2026-01-22 22:36:02 DEBUG com.zaxxer.hikari.pool.HikariPool [HikariPool-1 housekeeper] - HikariPool-1 - Pool stats (total=20, active=0, idle=20, waiting=0)
2026-01-22 22:36:02 DEBUG com.zaxxer.hikari.pool.HikariPool [HikariPool-1 housekeeper] - HikariPool-1 - Fill pool skipped, pool has sufficient level or currently being filled (queueDepth=0).
2026-01-22 22:36:04 INFO  c.k.v.execute.offline.ResendSchedule [vscu-thread-1] - Executing Resend Schedule
2026-01-22 22:36:07 INFO  c.k.v.execute.offline.ResendSchedule [vscu-thread-1] - Executing Resend Schedule
2026-01-22 22:36:10 INFO  c.k.v.execute.offline.ResendSchedule [vscu-thread-1] - Executing Resend Schedule
2026-01-22 22:36:13 INFO  c.k.v.execute.offline.ResendSchedule [vscu-thread-1] - Executing Resend Schedule
2026-01-22 22:36:16 INFO  c.k.v.execute.offline.ResendSchedule [vscu-thread-1] - Executing Resend Schedule
2026-01-22 22:36:19 INFO  c.k.v.execute.offline.ResendSchedule [vscu-thread-1] - Executing Resend Schedule
2026-01-22 22:36:22 INFO  c.k.v.execute.offline.ResendSchedule [vscu-thread-1] - Executing Resend Schedule
2026-01-22 22:36:25 INFO  c.k.v.execute.offline.ResendSchedule [vscu-thread-1] - Executing Resend Schedule
2026-01-22 22:36:28 INFO  c.k.v.execute.offline.ResendSchedule [vscu-thread-1] - Executing Resend Schedule
2026-01-22 22:36:31 INFO  c.k.v.execute.offline.ResendSchedule [vscu-thread-1] - Executing Resend Schedule
2026-01-22 22:36:32 DEBUG com.zaxxer.hikari.pool.HikariPool [HikariPool-1 housekeeper] - HikariPool-1 - Pool stats (total=20, active=0, idle=20, waiting=0)
2026-01-22 22:36:32 DEBUG com.zaxxer.hikari.pool.HikariPool [HikariPool-1 housekeeper] - HikariPool-1 - Fill pool skipped, pool has sufficient level or currently being filled (queueDepth=0).
2026-01-22 22:36:34 INFO  c.k.v.execute.offline.ResendSchedule [vscu-thread-1] - Executing Resend Schedule
2026-01-22 22:36:37 INFO  c.k.v.execute.offline.ResendSchedule [vscu-thread-1] - Executing Resend Schedule
2026-01-22 22:36:40 INFO  c.k.v.execute.offline.ResendSchedule [vscu-thread-1] - Executing Resend Schedule
2026-01-22 22:36:43 INFO  c.k.v.execute.offline.ResendSchedule [vscu-thread-1] - Executing Resend Schedule
2026-01-22 22:36:46 INFO  c.k.v.execute.offline.ResendSchedule [vscu-thread-1] - Executing Resend Schedule
2026-01-22 22:36:49 INFO  c.k.v.execute.offline.ResendSchedule [vscu-thread-1] - Executing Resend Schedule
2026-01-22 22:36:52 INFO  c.k.v.execute.offline.ResendSchedule [vscu-thread-1] - Executing Resend Schedule
2026-01-22 22:36:55 INFO  c.k.v.execute.offline.ResendSchedule [vscu-thread-1] - Executing Resend Schedule
2026-01-22 22:36:58 INFO  c.k.v.execute.offline.ResendSchedule [vscu-thread-1] - Executing Resend Schedule
2026-01-22 22:37:01 INFO  c.k.v.execute.offline.ResendSchedule [vscu-thread-1] - Executing Resend Schedule
2026-01-22 22:37:02 DEBUG com.zaxxer.hikari.pool.HikariPool [HikariPool-1 housekeeper] - HikariPool-1 - Pool stats (total=20, active=0, idle=20, waiting=0)
2026-01-22 22:37:02 DEBUG com.zaxxer.hikari.pool.HikariPool [HikariPool-1 housekeeper] - HikariPool-1 - Fill pool skipped, pool has sufficient level or currently being filled (queueDepth=0).
2026-01-22 22:37:04 INFO  c.k.v.execute.offline.ResendSchedule [vscu-thread-1] - Executing Resend Schedule
2026-01-22 22:37:07 INFO  c.k.v.execute.offline.ResendSchedule [vscu-thread-3] - Executing Resend Schedule
2026-01-22 22:37:10 INFO  c.k.v.execute.offline.ResendSchedule [vscu-thread-3] - Executing Resend Schedule
2026-01-22 22:37:13 INFO  c.k.v.execute.offline.ResendSchedule [vscu-thread-3] - Executing Resend Schedule
2026-01-22 22:37:17 INFO  c.k.v.execute.offline.ResendSchedule [vscu-thread-3] - Executing Resend Schedule
2026-01-22 22:37:20 INFO  c.k.v.execute.offline.ResendSchedule [vscu-thread-3] - Executing Resend Schedule
2026-01-22 22:37:23 INFO  c.k.v.execute.offline.ResendSchedule [vscu-thread-3] - Executing Resend Schedule
2026-01-22 22:37:26 INFO  c.k.v.execute.offline.ResendSchedule [vscu-thread-3] - Executing Resend Schedule
2026-01-22 22:37:29 INFO  c.k.v.execute.offline.ResendSchedule [vscu-thread-3] - Executing Resend Schedule
2026-01-22 22:37:32 INFO  c.k.v.execute.offline.ResendSchedule [vscu-thread-3] - Executing Resend Schedule
2026-01-22 22:37:32 DEBUG com.zaxxer.hikari.pool.HikariPool [HikariPool-1 housekeeper] - HikariPool-1 - Pool stats (total=20, active=0, idle=20, waiting=0)
2026-01-22 22:37:32 DEBUG com.zaxxer.hikari.pool.HikariPool [HikariPool-1 housekeeper] - HikariPool-1 - Fill pool skipped, pool has sufficient level or currently being filled (queueDepth=0).
2026-01-22 22:37:35 INFO  c.k.v.execute.offline.ResendSchedule [vscu-thread-3] - Executing Resend Schedule
2026-01-22 22:37:38 INFO  c.k.v.execute.offline.ResendSchedule [vscu-thread-1] - Executing Resend Schedule
2026-01-22 22:37:41 INFO  c.k.v.execute.offline.ResendSchedule [vscu-thread-1] - Executing Resend Schedule
2026-01-22 22:37:44 INFO  c.k.v.execute.offline.ResendSchedule [vscu-thread-1] - Executing Resend Schedule
2026-01-22 22:37:47 INFO  c.k.v.execute.offline.ResendSchedule [vscu-thread-1] - Executing Resend Schedule
2026-01-22 22:37:50 INFO  c.k.v.execute.offline.ResendSchedule [vscu-thread-1] - Executing Resend Schedule
2026-01-22 22:37:53 INFO  c.k.v.execute.offline.ResendSchedule [vscu-thread-1] - Executing Resend Schedule
2026-01-22 22:37:56 INFO  c.k.v.execute.offline.ResendSchedule [vscu-thread-1] - Executing Resend Schedule
2026-01-22 22:37:59 INFO  c.k.v.execute.offline.ResendSchedule [vscu-thread-1] - Executing Resend Schedule
2026-01-22 22:38:02 INFO  c.k.v.execute.offline.ResendSchedule [vscu-thread-1] - Executing Resend Schedule
2026-01-22 22:38:02 DEBUG com.zaxxer.hikari.pool.HikariPool [HikariPool-1 housekeeper] - HikariPool-1 - Pool stats (total=20, active=0, idle=20, waiting=0)
2026-01-22 22:38:02 DEBUG com.zaxxer.hikari.pool.HikariPool [HikariPool-1 housekeeper] - HikariPool-1 - Fill pool skipped, pool has sufficient level or currently being filled (queueDepth=0).
2026-01-22 22:38:05 INFO  c.k.v.execute.offline.ResendSchedule [vscu-thread-1] - Executing Resend Schedule
2026-01-22 22:38:08 INFO  c.k.v.execute.offline.ResendSchedule [vscu-thread-1] - Executing Resend Schedule
2026-01-22 22:38:11 INFO  c.k.v.execute.offline.ResendSchedule [vscu-thread-1] - Executing Resend Schedule
2026-01-22 22:38:14 INFO  c.k.v.execute.offline.ResendSchedule [vscu-thread-1] - Executing Resend Schedule
2026-01-22 22:38:17 INFO  c.k.v.execute.offline.ResendSchedule [vscu-thread-1] - Executing Resend Schedule
2026-01-22 22:38:20 INFO  c.k.v.execute.offline.ResendSchedule [vscu-thread-1] - Executing Resend Schedule
2026-01-22 22:38:23 INFO  c.k.v.execute.offline.ResendSchedule [vscu-thread-1] - Executing Resend Schedule
2026-01-22 22:38:26 INFO  c.k.v.execute.offline.ResendSchedule [vscu-thread-1] - Executing Resend Schedule
2026-01-22 22:38:29 INFO  c.k.v.execute.offline.ResendSchedule [vscu-thread-1] - Executing Resend Schedule
2026-01-22 22:38:32 INFO  c.k.v.execute.offline.ResendSchedule [vscu-thread-1] - Executing Resend Schedule
2026-01-22 22:38:32 DEBUG com.zaxxer.hikari.pool.HikariPool [HikariPool-1 housekeeper] - HikariPool-1 - Pool stats (total=20, active=0, idle=20, waiting=0)
2026-01-22 22:38:32 DEBUG com.zaxxer.hikari.pool.HikariPool [HikariPool-1 housekeeper] - HikariPool-1 - Fill pool skipped, pool has sufficient level or currently being filled (queueDepth=0).
2026-01-22 22:38:35 INFO  c.k.v.execute.offline.ResendSchedule [vscu-thread-1] - Executing Resend Schedule
2026-01-22 22:38:38 INFO  c.k.v.execute.offline.ResendSchedule [vscu-thread-1] - Executing Resend Schedule
2026-01-22 22:38:41 INFO  c.k.v.execute.offline.ResendSchedule [vscu-thread-1] - Executing Resend Schedule
2026-01-22 22:38:44 INFO  c.k.v.execute.offline.ResendSchedule [vscu-thread-1] - Executing Resend Schedule
2026-01-22 22:38:47 INFO  c.k.v.execute.offline.ResendSchedule [vscu-thread-1] - Executing Resend Schedule
2026-01-22 22:38:50 INFO  c.k.v.execute.offline.ResendSchedule [vscu-thread-1] - Executing Resend Schedule
2026-01-22 22:38:53 INFO  c.k.v.execute.offline.ResendSchedule [vscu-thread-1] - Executing Resend Schedule
2026-01-22 22:38:56 INFO  c.k.v.execute.offline.ResendSchedule [vscu-thread-1] - Executing Resend Schedule
2026-01-22 22:38:59 INFO  c.k.v.execute.offline.ResendSchedule [vscu-thread-1] - Executing Resend Schedule
2026-01-22 22:39:02 INFO  c.k.v.execute.offline.ResendSchedule [vscu-thread-1] - Executing Resend Schedule
2026-01-22 22:39:02 DEBUG com.zaxxer.hikari.pool.HikariPool [HikariPool-1 housekeeper] - HikariPool-1 - Pool stats (total=20, active=0, idle=20, waiting=0)
2026-01-22 22:39:02 DEBUG com.zaxxer.hikari.pool.HikariPool [HikariPool-1 housekeeper] - HikariPool-1 - Fill pool skipped, pool has sufficient level or currently being filled (queueDepth=0).
2026-01-22 22:39:05 INFO  c.k.v.execute.offline.ResendSchedule [vscu-thread-1] - Executing Resend Schedule
2026-01-22 22:39:08 INFO  c.k.v.execute.offline.ResendSchedule [vscu-thread-1] - Executing Resend Schedule
2026-01-22 22:39:11 INFO  c.k.v.execute.offline.ResendSchedule [vscu-thread-1] - Executing Resend Schedule
2026-01-22 22:39:14 INFO  c.k.v.execute.offline.ResendSchedule [vscu-thread-1] - Executing Resend Schedule
2026-01-22 22:39:17 INFO  c.k.v.execute.offline.ResendSchedule [vscu-thread-1] - Executing Resend Schedule
2026-01-22 22:39:20 INFO  c.k.v.execute.offline.ResendSchedule [vscu-thread-1] - Executing Resend Schedule
2026-01-22 22:39:23 INFO  c.k.v.execute.offline.ResendSchedule [vscu-thread-2] - Executing Resend Schedule
2026-01-22 22:39:26 INFO  c.k.v.execute.offline.ResendSchedule [vscu-thread-2] - Executing Resend Schedule
2026-01-22 22:39:29 INFO  c.k.v.execute.offline.ResendSchedule [vscu-thread-2] - Executing Resend Schedule
2026-01-22 22:39:32 INFO  c.k.v.execute.offline.ResendSchedule [vscu-thread-2] - Executing Resend Schedule
2026-01-22 22:39:32 DEBUG com.zaxxer.hikari.pool.HikariPool [HikariPool-1 housekeeper] - HikariPool-1 - Pool stats (total=20, active=0, idle=20, waiting=0)
2026-01-22 22:39:32 DEBUG com.zaxxer.hikari.pool.HikariPool [HikariPool-1 housekeeper] - HikariPool-1 - Fill pool skipped, pool has sufficient level or currently being filled (queueDepth=0).
2026-01-22 22:39:35 INFO  c.k.v.execute.offline.ResendSchedule [vscu-thread-2] - Executing Resend Schedule
2026-01-22 22:39:38 INFO  c.k.v.execute.offline.ResendSchedule [vscu-thread-2] - Executing Resend Schedule
2026-01-22 22:39:41 INFO  c.k.v.execute.offline.ResendSchedule [vscu-thread-2] - Executing Resend Schedule
2026-01-22 22:39:44 INFO  c.k.v.execute.offline.ResendSchedule [vscu-thread-2] - Executing Resend Schedule
2026-01-22 22:39:47 INFO  c.k.v.execute.offline.ResendSchedule [vscu-thread-2] - Executing Resend Schedule
2026-01-22 22:39:50 INFO  c.k.v.execute.offline.ResendSchedule [vscu-thread-2] - Executing Resend Schedule
2026-01-22 22:39:53 INFO  c.k.v.execute.offline.ResendSchedule [vscu-thread-2] - Executing Resend Schedule
2026-01-22 22:39:57 INFO  c.k.v.execute.offline.ResendSchedule [vscu-thread-2] - Executing Resend Schedule
2026-01-22 22:40:00 INFO  c.k.v.execute.offline.ResendSchedule [vscu-thread-2] - Executing Resend Schedule
2026-01-22 22:40:02 DEBUG com.zaxxer.hikari.pool.HikariPool [HikariPool-1 housekeeper] - HikariPool-1 - Pool stats (total=20, active=0, idle=20, waiting=0)
2026-01-22 22:40:02 DEBUG com.zaxxer.hikari.pool.HikariPool [HikariPool-1 housekeeper] - HikariPool-1 - Fill pool skipped, pool has sufficient level or currently being filled (queueDepth=0).
2026-01-22 22:40:03 INFO  c.k.v.execute.offline.ResendSchedule [vscu-thread-2] - Executing Resend Schedule
2026-01-22 22:40:06 INFO  c.k.v.execute.offline.ResendSchedule [vscu-thread-2] - Executing Resend Schedule
2026-01-22 22:40:09 INFO  c.k.v.execute.offline.ResendSchedule [vscu-thread-2] - Executing Resend Schedule
2026-01-22 22:40:12 INFO  c.k.v.execute.offline.ResendSchedule [vscu-thread-2] - Executing Resend Schedule
2026-01-22 22:40:15 INFO  c.k.v.execute.offline.ResendSchedule [vscu-thread-2] - Executing Resend Schedule
2026-01-22 22:40:18 INFO  c.k.v.execute.offline.ResendSchedule [vscu-thread-2] - Executing Resend Schedule
2026-01-22 22:40:21 INFO  c.k.v.execute.offline.ResendSchedule [vscu-thread-3] - Executing Resend Schedule
2026-01-22 22:40:24 INFO  c.k.v.execute.offline.ResendSchedule [vscu-thread-3] - Executing Resend Schedule
2026-01-22 22:40:27 INFO  c.k.v.execute.offline.ResendSchedule [vscu-thread-3] - Executing Resend Schedule
2026-01-22 22:40:30 INFO  c.k.v.execute.offline.ResendSchedule [vscu-thread-3] - Executing Resend Schedule
2026-01-22 22:40:32 DEBUG com.zaxxer.hikari.pool.HikariPool [HikariPool-1 housekeeper] - HikariPool-1 - Pool stats (total=20, active=0, idle=20, waiting=0)
2026-01-22 22:40:32 DEBUG com.zaxxer.hikari.pool.HikariPool [HikariPool-1 housekeeper] - HikariPool-1 - Fill pool skipped, pool has sufficient level or currently being filled (queueDepth=0).
2026-01-22 22:40:33 INFO  c.k.v.execute.offline.ResendSchedule [vscu-thread-3] - Executing Resend Schedule
2026-01-22 22:40:36 INFO  c.k.v.execute.offline.ResendSchedule [vscu-thread-3] - Executing Resend Schedule
2026-01-22 22:40:39 INFO  c.k.v.execute.offline.ResendSchedule [vscu-thread-3] - Executing Resend Schedule
2026-01-22 22:40:42 INFO  c.k.v.execute.offline.ResendSchedule [vscu-thread-3] - Executing Resend Schedule
2026-01-22 22:40:45 INFO  c.k.v.execute.offline.ResendSchedule [vscu-thread-2] - Executing Resend Schedule
2026-01-22 22:40:48 INFO  c.k.v.execute.offline.ResendSchedule [vscu-thread-2] - Executing Resend Schedule
2026-01-22 22:40:51 INFO  c.k.v.execute.offline.ResendSchedule [vscu-thread-2] - Executing Resend Schedule
2026-01-22 22:40:54 INFO  c.k.v.execute.offline.ResendSchedule [vscu-thread-2] - Executing Resend Schedule
2026-01-22 22:40:57 INFO  c.k.v.execute.offline.ResendSchedule [vscu-thread-2] - Executing Resend Schedule
2026-01-22 22:41:00 INFO  c.k.v.execute.offline.ResendSchedule [vscu-thread-2] - Executing Resend Schedule
2026-01-22 22:41:02 DEBUG com.zaxxer.hikari.pool.HikariPool [HikariPool-1 housekeeper] - HikariPool-1 - Pool stats (total=20, active=0, idle=20, waiting=0)
2026-01-22 22:41:02 DEBUG com.zaxxer.hikari.pool.HikariPool [HikariPool-1 housekeeper] - HikariPool-1 - Fill pool skipped, pool has sufficient level or currently being filled (queueDepth=0).
2026-01-22 22:41:03 INFO  c.k.v.execute.offline.ResendSchedule [vscu-thread-2] - Executing Resend Schedule
2026-01-22 22:41:06 INFO  c.k.v.execute.offline.ResendSchedule [vscu-thread-2] - Executing Resend Schedule
2026-01-22 22:41:09 INFO  c.k.v.execute.offline.ResendSchedule [vscu-thread-2] - Executing Resend Schedule
2026-01-22 22:41:12 INFO  c.k.v.execute.offline.ResendSchedule [vscu-thread-2] - Executing Resend Schedule
2026-01-22 22:41:15 INFO  c.k.v.execute.offline.ResendSchedule [vscu-thread-2] - Executing Resend Schedule
2026-01-22 22:41:18 INFO  c.k.v.execute.offline.ResendSchedule [vscu-thread-2] - Executing Resend Schedule
2026-01-22 22:41:21 INFO  c.k.v.execute.offline.ResendSchedule [vscu-thread-2] - Executing Resend Schedule
2026-01-22 22:41:24 INFO  c.k.v.execute.offline.ResendSchedule [vscu-thread-2] - Executing Resend Schedule
2026-01-22 22:41:27 INFO  c.k.v.execute.offline.ResendSchedule [vscu-thread-2] - Executing Resend Schedule
2026-01-22 22:41:30 INFO  c.k.v.execute.offline.ResendSchedule [vscu-thread-2] - Executing Resend Schedule
2026-01-22 22:41:32 DEBUG com.zaxxer.hikari.pool.HikariPool [HikariPool-1 housekeeper] - HikariPool-1 - Pool stats (total=20, active=0, idle=20, waiting=0)
2026-01-22 22:41:32 DEBUG com.zaxxer.hikari.pool.HikariPool [HikariPool-1 housekeeper] - HikariPool-1 - Fill pool skipped, pool has sufficient level or currently being filled (queueDepth=0).
2026-01-22 22:41:33 INFO  c.k.v.execute.offline.ResendSchedule [vscu-thread-2] - Executing Resend Schedule
2026-01-22 22:41:36 INFO  c.k.v.execute.offline.ResendSchedule [vscu-thread-2] - Executing Resend Schedule
2026-01-22 22:41:39 INFO  c.k.v.execute.offline.ResendSchedule [vscu-thread-2] - Executing Resend Schedule
2026-01-22 22:41:42 INFO  c.k.v.execute.offline.ResendSchedule [vscu-thread-2] - Executing Resend Schedule
2026-01-22 22:41:45 INFO  c.k.v.execute.offline.ResendSchedule [vscu-thread-2] - Executing Resend Schedule
2026-01-22 22:41:48 INFO  c.k.v.execute.offline.ResendSchedule [vscu-thread-2] - Executing Resend Schedule
2026-01-22 22:41:51 INFO  c.k.v.execute.offline.ResendSchedule [vscu-thread-2] - Executing Resend Schedule
2026-01-22 22:41:54 INFO  c.k.v.execute.offline.ResendSchedule [vscu-thread-2] - Executing Resend Schedule
2026-01-22 22:41:57 INFO  c.k.v.execute.offline.ResendSchedule [vscu-thread-2] - Executing Resend Schedule
2026-01-22 22:42:00 INFO  c.k.v.execute.offline.ResendSchedule [vscu-thread-2] - Executing Resend Schedule
2026-01-22 22:42:02 DEBUG com.zaxxer.hikari.pool.HikariPool [HikariPool-1 housekeeper] - HikariPool-1 - Pool stats (total=20, active=0, idle=20, waiting=0)
2026-01-22 22:42:02 DEBUG com.zaxxer.hikari.pool.HikariPool [HikariPool-1 housekeeper] - HikariPool-1 - Fill pool skipped, pool has sufficient level or currently being filled (queueDepth=0).
2026-01-22 22:42:03 INFO  c.k.v.execute.offline.ResendSchedule [vscu-thread-2] - Executing Resend Schedule
2026-01-22 22:42:06 INFO  c.k.v.execute.offline.ResendSchedule [vscu-thread-2] - Executing Resend Schedule
2026-01-22 22:42:09 INFO  c.k.v.execute.offline.ResendSchedule [vscu-thread-2] - Executing Resend Schedule
2026-01-22 22:42:12 INFO  c.k.v.execute.offline.ResendSchedule [vscu-thread-2] - Executing Resend Schedule
2026-01-22 22:42:15 INFO  c.k.v.execute.offline.ResendSchedule [vscu-thread-2] - Executing Resend Schedule
2026-01-22 22:42:18 INFO  c.k.v.execute.offline.ResendSchedule [vscu-thread-2] - Executing Resend Schedule
2026-01-22 22:42:21 INFO  c.k.v.execute.offline.ResendSchedule [vscu-thread-2] - Executing Resend Schedule
2026-01-22 22:42:24 INFO  c.k.v.execute.offline.ResendSchedule [vscu-thread-2] - Executing Resend Schedule
2026-01-22 22:42:27 INFO  c.k.v.execute.offline.ResendSchedule [vscu-thread-2] - Executing Resend Schedule
2026-01-22 22:42:30 INFO  c.k.v.execute.offline.ResendSchedule [vscu-thread-2] - Executing Resend Schedule
2026-01-22 22:42:32 DEBUG com.zaxxer.hikari.pool.HikariPool [HikariPool-1 housekeeper] - HikariPool-1 - Pool stats (total=20, active=0, idle=20, waiting=0)
2026-01-22 22:42:32 DEBUG com.zaxxer.hikari.pool.HikariPool [HikariPool-1 housekeeper] - HikariPool-1 - Fill pool skipped, pool has sufficient level or currently being filled (queueDepth=0).
2026-01-22 22:42:33 INFO  c.k.v.execute.offline.ResendSchedule [vscu-thread-2] - Executing Resend Schedule
2026-01-22 22:42:36 INFO  c.k.v.execute.offline.ResendSchedule [vscu-thread-2] - Executing Resend Schedule
2026-01-22 22:42:40 INFO  c.k.v.execute.offline.ResendSchedule [vscu-thread-2] - Executing Resend Schedule
2026-01-22 22:42:43 INFO  c.k.v.execute.offline.ResendSchedule [vscu-thread-2] - Executing Resend Schedule
2026-01-22 22:42:46 INFO  c.k.v.execute.offline.ResendSchedule [vscu-thread-2] - Executing Resend Schedule
2026-01-22 22:42:49 INFO  c.k.v.execute.offline.ResendSchedule [vscu-thread-2] - Executing Resend Schedule
2026-01-22 22:42:52 INFO  c.k.v.execute.offline.ResendSchedule [vscu-thread-2] - Executing Resend Schedule
2026-01-22 22:42:55 INFO  c.k.v.execute.offline.ResendSchedule [vscu-thread-2] - Executing Resend Schedule
2026-01-22 22:42:58 INFO  c.k.v.execute.offline.ResendSchedule [vscu-thread-2] - Executing Resend Schedule
2026-01-22 22:43:01 INFO  c.k.v.execute.offline.ResendSchedule [vscu-thread-2] - Executing Resend Schedule
2026-01-22 22:43:02 DEBUG com.zaxxer.hikari.pool.HikariPool [HikariPool-1 housekeeper] - HikariPool-1 - Pool stats (total=20, active=0, idle=20, waiting=0)
2026-01-22 22:43:02 DEBUG com.zaxxer.hikari.pool.HikariPool [HikariPool-1 housekeeper] - HikariPool-1 - Fill pool skipped, pool has sufficient level or currently being filled (queueDepth=0).
2026-01-22 22:43:04 INFO  c.k.v.execute.offline.ResendSchedule [vscu-thread-2] - Executing Resend Schedule
2026-01-22 22:43:07 INFO  c.k.v.execute.offline.ResendSchedule [vscu-thread-2] - Executing Resend Schedule
2026-01-22 22:43:10 INFO  c.k.v.execute.offline.ResendSchedule [vscu-thread-2] - Executing Resend Schedule
2026-01-22 22:43:13 INFO  c.k.v.execute.offline.ResendSchedule [vscu-thread-2] - Executing Resend Schedule
2026-01-22 22:43:16 INFO  c.k.v.execute.offline.ResendSchedule [vscu-thread-2] - Executing Resend Schedule
2026-01-22 22:43:19 INFO  c.k.v.execute.offline.ResendSchedule [vscu-thread-2] - Executing Resend Schedule
2026-01-22 22:43:22 INFO  c.k.v.execute.offline.ResendSchedule [vscu-thread-2] - Executing Resend Schedule
2026-01-22 22:43:25 INFO  c.k.v.execute.offline.ResendSchedule [vscu-thread-2] - Executing Resend Schedule
2026-01-22 22:43:28 INFO  c.k.v.execute.offline.ResendSchedule [vscu-thread-2] - Executing Resend Schedule
2026-01-22 22:43:31 INFO  c.k.v.execute.offline.ResendSchedule [vscu-thread-2] - Executing Resend Schedule
2026-01-22 22:43:32 DEBUG com.zaxxer.hikari.pool.HikariPool [HikariPool-1 housekeeper] - HikariPool-1 - Pool stats (total=20, active=0, idle=20, waiting=0)
2026-01-22 22:43:32 DEBUG com.zaxxer.hikari.pool.HikariPool [HikariPool-1 housekeeper] - HikariPool-1 - Fill pool skipped, pool has sufficient level or currently being filled (queueDepth=0).
2026-01-22 22:43:34 INFO  c.k.v.execute.offline.ResendSchedule [vscu-thread-2] - Executing Resend Schedule
2026-01-22 22:43:37 INFO  c.k.v.execute.offline.ResendSchedule [vscu-thread-2] - Executing Resend Schedule
2026-01-22 22:43:40 INFO  c.k.v.execute.offline.ResendSchedule [vscu-thread-2] - Executing Resend Schedule
2026-01-22 22:43:43 INFO  c.k.v.execute.offline.ResendSchedule [vscu-thread-2] - Executing Resend Schedule
2026-01-22 22:43:46 INFO  c.k.v.execute.offline.ResendSchedule [vscu-thread-2] - Executing Resend Schedule
2026-01-22 22:43:49 INFO  c.k.v.execute.offline.ResendSchedule [vscu-thread-2] - Executing Resend Schedule
2026-01-22 22:43:52 INFO  c.k.v.execute.offline.ResendSchedule [vscu-thread-2] - Executing Resend Schedule
2026-01-22 22:43:55 INFO  c.k.v.execute.offline.ResendSchedule [vscu-thread-2] - Executing Resend Schedule
2026-01-22 22:43:58 INFO  c.k.v.execute.offline.ResendSchedule [vscu-thread-2] - Executing Resend Schedule
2026-01-22 22:44:01 INFO  c.k.v.execute.offline.ResendSchedule [vscu-thread-2] - Executing Resend Schedule
2026-01-22 22:44:03 DEBUG com.zaxxer.hikari.pool.HikariPool [HikariPool-1 housekeeper] - HikariPool-1 - Pool stats (total=20, active=0, idle=20, waiting=0)
2026-01-22 22:44:03 DEBUG com.zaxxer.hikari.pool.HikariPool [HikariPool-1 housekeeper] - HikariPool-1 - Fill pool skipped, pool has sufficient level or currently being filled (queueDepth=0).
2026-01-22 22:44:04 INFO  c.k.v.execute.offline.ResendSchedule [vscu-thread-2] - Executing Resend Schedule
2026-01-22 22:44:07 INFO  c.k.v.execute.offline.ResendSchedule [vscu-thread-2] - Executing Resend Schedule
2026-01-22 22:44:10 INFO  c.k.v.execute.offline.ResendSchedule [vscu-thread-2] - Executing Resend Schedule
2026-01-22 22:44:13 INFO  c.k.v.execute.offline.ResendSchedule [vscu-thread-2] - Executing Resend Schedule
2026-01-22 22:44:16 INFO  c.k.v.execute.offline.ResendSchedule [vscu-thread-2] - Executing Resend Schedule
2026-01-22 22:44:19 INFO  c.k.v.execute.offline.ResendSchedule [vscu-thread-2] - Executing Resend Schedule
2026-01-22 22:44:22 INFO  c.k.v.execute.offline.ResendSchedule [vscu-thread-2] - Executing Resend Schedule
2026-01-22 22:44:25 INFO  c.k.v.execute.offline.ResendSchedule [vscu-thread-2] - Executing Resend Schedule
2026-01-22 22:44:28 INFO  c.k.v.execute.offline.ResendSchedule [vscu-thread-2] - Executing Resend Schedule
2026-01-22 22:44:31 INFO  c.k.v.execute.offline.ResendSchedule [vscu-thread-2] - Executing Resend Schedule
2026-01-22 22:44:33 DEBUG com.zaxxer.hikari.pool.HikariPool [HikariPool-1 housekeeper] - HikariPool-1 - Pool stats (total=20, active=0, idle=20, waiting=0)
2026-01-22 22:44:33 DEBUG com.zaxxer.hikari.pool.HikariPool [HikariPool-1 housekeeper] - HikariPool-1 - Fill pool skipped, pool has sufficient level or currently being filled (queueDepth=0).
2026-01-22 22:44:34 INFO  c.k.v.execute.offline.ResendSchedule [vscu-thread-2] - Executing Resend Schedule
2026-01-22 22:44:37 INFO  c.k.v.execute.offline.ResendSchedule [vscu-thread-2] - Executing Resend Schedule
2026-01-22 22:44:40 INFO  c.k.v.execute.offline.ResendSchedule [vscu-thread-2] - Executing Resend Schedule
2026-01-22 22:44:43 INFO  c.k.v.execute.offline.ResendSchedule [vscu-thread-2] - Executing Resend Schedule
2026-01-22 22:44:46 INFO  c.k.v.execute.offline.ResendSchedule [vscu-thread-2] - Executing Resend Schedule
2026-01-22 22:44:49 INFO  c.k.v.execute.offline.ResendSchedule [vscu-thread-2] - Executing Resend Schedule
2026-01-22 22:44:52 INFO  c.k.v.execute.offline.ResendSchedule [vscu-thread-2] - Executing Resend Schedule
2026-01-22 22:44:55 INFO  c.k.v.execute.offline.ResendSchedule [vscu-thread-2] - Executing Resend Schedule
2026-01-22 22:44:58 INFO  c.k.v.execute.offline.ResendSchedule [vscu-thread-2] - Executing Resend Schedule
2026-01-22 22:45:01 INFO  c.k.v.execute.offline.ResendSchedule [vscu-thread-2] - Executing Resend Schedule
2026-01-22 22:45:03 DEBUG com.zaxxer.hikari.pool.HikariPool [HikariPool-1 housekeeper] - HikariPool-1 - Pool stats (total=20, active=0, idle=20, waiting=0)
2026-01-22 22:45:03 DEBUG com.zaxxer.hikari.pool.HikariPool [HikariPool-1 housekeeper] - HikariPool-1 - Fill pool skipped, pool has sufficient level or currently being filled (queueDepth=0).
2026-01-22 22:45:04 INFO  c.k.v.execute.offline.ResendSchedule [vscu-thread-2] - Executing Resend Schedule
2026-01-22 22:45:07 INFO  c.k.v.execute.offline.ResendSchedule [vscu-thread-2] - Executing Resend Schedule
2026-01-22 22:45:10 INFO  c.k.v.execute.offline.ResendSchedule [vscu-thread-2] - Executing Resend Schedule
2026-01-22 22:45:13 INFO  c.k.v.execute.offline.ResendSchedule [vscu-thread-2] - Executing Resend Schedule
2026-01-22 22:45:16 INFO  c.k.v.execute.offline.ResendSchedule [vscu-thread-2] - Executing Resend Schedule
2026-01-22 22:45:19 INFO  c.k.v.execute.offline.ResendSchedule [vscu-thread-2] - Executing Resend Schedule
2026-01-22 22:45:22 INFO  c.k.v.execute.offline.ResendSchedule [vscu-thread-2] - Executing Resend Schedule
2026-01-22 22:45:26 INFO  c.k.v.execute.offline.ResendSchedule [vscu-thread-2] - Executing Resend Schedule
2026-01-22 22:45:29 INFO  c.k.v.execute.offline.ResendSchedule [vscu-thread-2] - Executing Resend Schedule
2026-01-22 22:45:32 INFO  c.k.v.execute.offline.ResendSchedule [vscu-thread-2] - Executing Resend Schedule
2026-01-22 22:45:33 DEBUG com.zaxxer.hikari.pool.HikariPool [HikariPool-1 housekeeper] - HikariPool-1 - Pool stats (total=20, active=0, idle=20, waiting=0)
2026-01-22 22:45:33 DEBUG com.zaxxer.hikari.pool.HikariPool [HikariPool-1 housekeeper] - HikariPool-1 - Fill pool skipped, pool has sufficient level or currently being filled (queueDepth=0).
2026-01-22 22:45:35 INFO  c.k.v.execute.offline.ResendSchedule [vscu-thread-2] - Executing Resend Schedule
2026-01-22 22:45:38 INFO  c.k.v.execute.offline.ResendSchedule [vscu-thread-2] - Executing Resend Schedule
2026-01-22 22:45:41 INFO  c.k.v.execute.offline.ResendSchedule [vscu-thread-2] - Executing Resend Schedule
2026-01-22 22:45:44 INFO  c.k.v.execute.offline.ResendSchedule [vscu-thread-2] - Executing Resend Schedule
2026-01-22 22:45:47 INFO  c.k.v.execute.offline.ResendSchedule [vscu-thread-2] - Executing Resend Schedule
2026-01-22 22:45:50 INFO  c.k.v.execute.offline.ResendSchedule [vscu-thread-2] - Executing Resend Schedule
2026-01-22 22:45:53 INFO  c.k.v.execute.offline.ResendSchedule [vscu-thread-2] - Executing Resend Schedule
2026-01-22 22:45:56 INFO  c.k.v.execute.offline.ResendSchedule [vscu-thread-2] - Executing Resend Schedule
2026-01-22 22:45:59 INFO  c.k.v.execute.offline.ResendSchedule [vscu-thread-2] - Executing Resend Schedule
2026-01-22 22:46:02 INFO  c.k.v.execute.offline.ResendSchedule [vscu-thread-2] - Executing Resend Schedule
2026-01-22 22:46:03 DEBUG com.zaxxer.hikari.pool.HikariPool [HikariPool-1 housekeeper] - HikariPool-1 - Pool stats (total=20, active=0, idle=20, waiting=0)
2026-01-22 22:46:03 DEBUG com.zaxxer.hikari.pool.HikariPool [HikariPool-1 housekeeper] - HikariPool-1 - Fill pool skipped, pool has sufficient level or currently being filled (queueDepth=0).
2026-01-22 22:46:05 INFO  c.k.v.execute.offline.ResendSchedule [vscu-thread-2] - Executing Resend Schedule
2026-01-22 22:46:08 INFO  c.k.v.execute.offline.ResendSchedule [vscu-thread-2] - Executing Resend Schedule
2026-01-22 22:46:11 INFO  c.k.v.execute.offline.ResendSchedule [vscu-thread-3] - Executing Resend Schedule
2026-01-22 22:46:14 INFO  c.k.v.execute.offline.ResendSchedule [vscu-thread-3] - Executing Resend Schedule
2026-01-22 22:46:17 INFO  c.k.v.execute.offline.ResendSchedule [vscu-thread-3] - Executing Resend Schedule
2026-01-22 22:46:20 INFO  c.k.v.execute.offline.ResendSchedule [vscu-thread-3] - Executing Resend Schedule
2026-01-22 22:46:23 INFO  c.k.v.execute.offline.ResendSchedule [vscu-thread-3] - Executing Resend Schedule
2026-01-22 22:46:26 INFO  c.k.v.execute.offline.ResendSchedule [vscu-thread-3] - Executing Resend Schedule
2026-01-22 22:46:29 INFO  c.k.v.execute.offline.ResendSchedule [vscu-thread-3] - Executing Resend Schedule
2026-01-22 22:46:32 INFO  c.k.v.execute.offline.ResendSchedule [vscu-thread-3] - Executing Resend Schedule
2026-01-22 22:46:33 DEBUG com.zaxxer.hikari.pool.HikariPool [HikariPool-1 housekeeper] - HikariPool-1 - Pool stats (total=20, active=0, idle=20, waiting=0)
2026-01-22 22:46:33 DEBUG com.zaxxer.hikari.pool.HikariPool [HikariPool-1 housekeeper] - HikariPool-1 - Fill pool skipped, pool has sufficient level or currently being filled (queueDepth=0).
2026-01-22 22:46:35 INFO  c.k.v.execute.offline.ResendSchedule [vscu-thread-3] - Executing Resend Schedule
2026-01-22 22:46:38 INFO  c.k.v.execute.offline.ResendSchedule [vscu-thread-3] - Executing Resend Schedule
2026-01-22 22:46:41 INFO  c.k.v.execute.offline.ResendSchedule [vscu-thread-3] - Executing Resend Schedule
2026-01-22 22:46:44 INFO  c.k.v.execute.offline.ResendSchedule [vscu-thread-3] - Executing Resend Schedule
2026-01-22 22:46:47 INFO  c.k.v.execute.offline.ResendSchedule [vscu-thread-3] - Executing Resend Schedule
2026-01-22 22:46:50 INFO  c.k.v.execute.offline.ResendSchedule [vscu-thread-3] - Executing Resend Schedule
2026-01-22 22:46:53 INFO  c.k.v.execute.offline.ResendSchedule [vscu-thread-3] - Executing Resend Schedule
2026-01-22 22:46:56 INFO  c.k.v.execute.offline.ResendSchedule [vscu-thread-3] - Executing Resend Schedule
2026-01-22 22:46:59 INFO  c.k.v.execute.offline.ResendSchedule [vscu-thread-3] - Executing Resend Schedule
2026-01-22 22:47:02 INFO  c.k.v.execute.offline.ResendSchedule [vscu-thread-3] - Executing Resend Schedule
2026-01-22 22:47:03 DEBUG com.zaxxer.hikari.pool.HikariPool [HikariPool-1 housekeeper] - HikariPool-1 - Pool stats (total=20, active=0, idle=20, waiting=0)
2026-01-22 22:47:03 DEBUG com.zaxxer.hikari.pool.HikariPool [HikariPool-1 housekeeper] - HikariPool-1 - Fill pool skipped, pool has sufficient level or currently being filled (queueDepth=0).
2026-01-22 22:47:05 INFO  c.k.v.execute.offline.ResendSchedule [vscu-thread-3] - Executing Resend Schedule
2026-01-22 22:47:08 INFO  c.k.v.execute.offline.ResendSchedule [vscu-thread-3] - Executing Resend Schedule
2026-01-22 22:47:11 INFO  c.k.v.execute.offline.ResendSchedule [vscu-thread-3] - Executing Resend Schedule
2026-01-22 22:47:14 INFO  c.k.v.execute.offline.ResendSchedule [vscu-thread-3] - Executing Resend Schedule
2026-01-22 22:47:17 INFO  c.k.v.execute.offline.ResendSchedule [vscu-thread-3] - Executing Resend Schedule
2026-01-22 22:47:20 INFO  c.k.v.execute.offline.ResendSchedule [vscu-thread-3] - Executing Resend Schedule
2026-01-22 22:47:23 INFO  c.k.v.execute.offline.ResendSchedule [vscu-thread-3] - Executing Resend Schedule
2026-01-22 22:47:26 INFO  c.k.v.execute.offline.ResendSchedule [vscu-thread-3] - Executing Resend Schedule
2026-01-22 22:47:29 INFO  c.k.v.execute.offline.ResendSchedule [vscu-thread-3] - Executing Resend Schedule
2026-01-22 22:47:32 INFO  c.k.v.execute.offline.ResendSchedule [vscu-thread-3] - Executing Resend Schedule
2026-01-22 22:47:33 DEBUG com.zaxxer.hikari.pool.HikariPool [HikariPool-1 housekeeper] - HikariPool-1 - Pool stats (total=20, active=0, idle=20, waiting=0)
2026-01-22 22:47:33 DEBUG com.zaxxer.hikari.pool.HikariPool [HikariPool-1 housekeeper] - HikariPool-1 - Fill pool skipped, pool has sufficient level or currently being filled (queueDepth=0).
2026-01-22 22:47:35 INFO  c.k.v.execute.offline.ResendSchedule [vscu-thread-3] - Executing Resend Schedule
2026-01-22 22:47:38 INFO  c.k.v.execute.offline.ResendSchedule [vscu-thread-3] - Executing Resend Schedule
2026-01-22 22:47:41 INFO  c.k.v.execute.offline.ResendSchedule [vscu-thread-3] - Executing Resend Schedule
2026-01-22 22:47:44 INFO  c.k.v.execute.offline.ResendSchedule [vscu-thread-3] - Executing Resend Schedule
2026-01-22 22:47:47 INFO  c.k.v.execute.offline.ResendSchedule [vscu-thread-3] - Executing Resend Schedule
2026-01-22 22:47:50 INFO  c.k.v.execute.offline.ResendSchedule [vscu-thread-1] - Executing Resend Schedule
2026-01-22 22:47:53 INFO  c.k.v.execute.offline.ResendSchedule [vscu-thread-1] - Executing Resend Schedule
2026-01-22 22:47:56 INFO  c.k.v.execute.offline.ResendSchedule [vscu-thread-1] - Executing Resend Schedule
2026-01-22 22:47:59 INFO  c.k.v.execute.offline.ResendSchedule [vscu-thread-1] - Executing Resend Schedule
2026-01-22 22:48:02 INFO  c.k.v.execute.offline.ResendSchedule [vscu-thread-1] - Executing Resend Schedule
2026-01-22 22:48:03 DEBUG com.zaxxer.hikari.pool.HikariPool [HikariPool-1 housekeeper] - HikariPool-1 - Pool stats (total=20, active=0, idle=20, waiting=0)
2026-01-22 22:48:03 DEBUG com.zaxxer.hikari.pool.HikariPool [HikariPool-1 housekeeper] - HikariPool-1 - Fill pool skipped, pool has sufficient level or currently being filled (queueDepth=0).
2026-01-22 22:48:05 INFO  c.k.v.execute.offline.ResendSchedule [vscu-thread-1] - Executing Resend Schedule
2026-01-22 22:48:08 INFO  c.k.v.execute.offline.ResendSchedule [vscu-thread-1] - Executing Resend Schedule
2026-01-22 22:48:11 INFO  c.k.v.execute.offline.ResendSchedule [vscu-thread-1] - Executing Resend Schedule
2026-01-22 22:48:14 INFO  c.k.v.execute.offline.ResendSchedule [vscu-thread-1] - Executing Resend Schedule
2026-01-22 22:48:17 INFO  c.k.v.execute.offline.ResendSchedule [vscu-thread-1] - Executing Resend Schedule
2026-01-22 22:48:21 INFO  c.k.v.execute.offline.ResendSchedule [vscu-thread-1] - Executing Resend Schedule
2026-01-22 22:48:24 INFO  c.k.v.execute.offline.ResendSchedule [vscu-thread-1] - Executing Resend Schedule
2026-01-22 22:48:27 INFO  c.k.v.execute.offline.ResendSchedule [vscu-thread-1] - Executing Resend Schedule
2026-01-22 22:48:30 INFO  c.k.v.execute.offline.ResendSchedule [vscu-thread-1] - Executing Resend Schedule
2026-01-22 22:48:33 DEBUG com.zaxxer.hikari.pool.HikariPool [HikariPool-1 housekeeper] - HikariPool-1 - Pool stats (total=20, active=0, idle=20, waiting=0)
2026-01-22 22:48:33 DEBUG com.zaxxer.hikari.pool.HikariPool [HikariPool-1 housekeeper] - HikariPool-1 - Fill pool skipped, pool has sufficient level or currently being filled (queueDepth=0).
2026-01-22 22:48:33 INFO  c.k.v.execute.offline.ResendSchedule [vscu-thread-1] - Executing Resend Schedule
2026-01-22 22:48:36 INFO  c.k.v.execute.offline.ResendSchedule [vscu-thread-1] - Executing Resend Schedule
2026-01-22 22:48:39 INFO  c.k.v.execute.offline.ResendSchedule [vscu-thread-1] - Executing Resend Schedule
2026-01-22 22:48:42 INFO  c.k.v.execute.offline.ResendSchedule [vscu-thread-1] - Executing Resend Schedule
2026-01-22 22:48:45 INFO  c.k.v.execute.offline.ResendSchedule [vscu-thread-1] - Executing Resend Schedule
2026-01-22 22:48:48 INFO  c.k.v.execute.offline.ResendSchedule [vscu-thread-1] - Executing Resend Schedule
2026-01-22 22:48:51 INFO  c.k.v.execute.offline.ResendSchedule [vscu-thread-1] - Executing Resend Schedule
2026-01-22 22:48:54 INFO  c.k.v.execute.offline.ResendSchedule [vscu-thread-2] - Executing Resend Schedule
